sequence,length,standard_sequence,positive_evidence_sources,positive_source_count,source_record_count,has_regression_eligible_ic50,label_status
AA,2,True,AHTPDB;BIOPEP_UWM_2026_export,2,15,True,positive_evidence
AAAAG,5,True,AI4ACEIP_positive,1,1,False,positive_evidence
AAAPVAVAK,9,True,BIOPEP_UWM_2026_export;BIOPEP_previous,2,2,True,positive_evidence
AAATP,5,True,AI4ACEIP_positive;BIOPEP_UWM_2026_export;BIOPEP_previous,3,4,True,positive_evidence
AAATPL,6,True,AI4ACEIP_positive,1,1,False,positive_evidence
AAIFPGGF,8,True,BIOPEP_UWM_2026_export;BIOPEP_previous,2,2,False,positive_evidence
AAP,3,True,AHTPDB;BIOPEP_UWM_2026_export,2,7,True,positive_evidence
AAPLAP,6,True,AI4ACEIP_positive;BIOPEP_UWM_2026_export;BIOPEP_previous,3,3,True,positive_evidence
AATENM,6,True,AHTPDB,1,1,False,positive_evidence
AC,2,True,BIOPEP_UWM_2026_export,1,1,False,positive_evidence
ACGNLPRMC,9,True,AI4ACEIP_positive,1,1,False,positive_evidence
ACHP,4,True,AHTPDB,1,3,True,positive_evidence
ACKEP,5,True,AI4ACEIP_positive,1,1,False,positive_evidence
ACNLPRMC,8,True,AI4ACEIP_positive,1,1,False,positive_evidence
AD,2,True,AHTPDB,1,1,False,positive_evidence
ADA,3,True,AHTPDB,1,3,False,positive_evidence
ADDFYYQ,7,True,BIOPEP_UWM_2026_export;BIOPEP_previous,2,2,False,positive_evidence
ADLWPR,6,True,AI4ACEIP_positive,1,1,False,positive_evidence
ADVFNPR,7,True,AI4ACEIP_positive;BIOPEP_UWM_2026_export;BIOPEP_previous,3,3,True,positive_evidence
ADW,3,True,AHTPDB,1,1,False,positive_evidence
AEAGVD,6,True,AI4ACEIP_positive,1,1,False,positive_evidence
AEFGS,5,True,AHTPDB,1,1,False,positive_evidence
AEKTK,5,True,AI4ACEIP_positive,1,1,False,positive_evidence
AEL,3,True,AHTPDB;BIOPEP_UWM_2026_export,2,4,True,positive_evidence
AERF,4,True,BIOPEP_UWM_2026_export,1,1,False,positive_evidence
AF,2,True,AHTPDB;BIOPEP_UWM_2026_export,2,25,True,positive_evidence
AFDAVGVK,8,True,AI4ACEIP_positive;BIOPEP_UWM_2026_export;BIOPEP_previous,3,3,False,positive_evidence
AFKAWAVAR,9,True,AHTPDB,1,2,True,positive_evidence
AFKDEDTEEVPFR,13,True,AI4ACEIP_positive;BIOPEP_UWM_2026_export;BIOPEP_previous,3,3,True,positive_evidence
AFL,3,True,AHTPDB;BIOPEP_UWM_2026_export,2,7,True,positive_evidence
AFLL,4,True,BIOPEP_UWM_2026_export,1,1,False,positive_evidence
AFP,3,True,AHTPDB;BIOPEP_UWM_2026_export,2,2,True,positive_evidence
AFPAGAAHW,9,True,AI4ACEIP_positive,1,1,False,positive_evidence
AFPGS,5,True,AHTPDB,1,1,True,positive_evidence
AFPRS,5,True,AHTPDB,1,1,False,positive_evidence
AFVGYVLP,8,True,AI4ACEIP_positive;BIOPEP_UWM_2026_export;BIOPEP_previous,3,3,True,positive_evidence
AG,2,True,AHTPDB;BIOPEP_UWM_2026_export,2,17,True,positive_evidence
AGAHPAG,7,True,AI4ACEIP_positive,1,1,False,positive_evidence
AGALGDSVTVTR,12,True,AI4ACEIP_positive,1,1,False,positive_evidence
AGCGCEAMFAGA,12,True,AI4ACEIP_positive,1,1,False,positive_evidence
AGDDAPR,7,True,BIOPEP_UWM_2026_export;BIOPEP_previous,2,2,True,positive_evidence
AGLAPY,6,True,AHTPDB;AI4ACEIP_positive,2,2,False,positive_evidence
AGLP,4,True,AHTPDB,1,2,False,positive_evidence
AGP,3,True,AHTPDB;BIOPEP_UWM_2026_export,2,6,True,positive_evidence
AGPCAPNP,8,True,AI4ACEIP_positive,1,1,False,positive_evidence
AGPVLL,6,True,AI4ACEIP_positive;BIOPEP_UWM_2026_export;BIOPEP_previous,3,4,False,positive_evidence
AGS,3,True,AHTPDB;BIOPEP_UWM_2026_export,2,5,True,positive_evidence
AGSP,4,True,AHTPDB;BIOPEP_UWM_2026_export,2,7,True,positive_evidence
AGSS,4,True,AHTPDB;BIOPEP_UWM_2026_export,2,6,True,positive_evidence
AGTTCLFTPLALPYDYSH,18,True,BIOPEP_UWM_2026_export;BIOPEP_previous,2,2,True,positive_evidence
AGTTGLFTPLALPYDYSH,18,True,AI4ACEIP_positive,1,1,False,positive_evidence
AGW,3,True,AHTPDB,1,1,False,positive_evidence
AH,2,True,AHTPDB;BIOPEP_UWM_2026_export,2,7,True,positive_evidence
AHEPVK,6,True,AHTPDB;AI4ACEIP_positive;BIOPEP_UWM_2026_export;BIOPEP_previous,4,7,True,positive_evidence
AHHP,4,True,AHTPDB,1,3,True,positive_evidence
AHIII,5,True,AI4ACEIP_positive,1,2,False,positive_evidence
AHKAL,5,True,AI4ACEIP_positive,1,1,False,positive_evidence
AHLL,4,True,AHTPDB,1,5,True,positive_evidence
AHSY,4,True,AHTPDB;BIOPEP_UWM_2026_export,2,8,True,positive_evidence
AI,2,True,AHTPDB;BIOPEP_UWM_2026_export,2,10,True,positive_evidence
AIGVGAIER,9,True,BIOPEP_UWM_2026_export;BIOPEP_previous,2,2,True,positive_evidence
AIP,3,True,AHTPDB;BIOPEP_UWM_2026_export,2,10,True,positive_evidence
AIPP,4,True,AHTPDB;BIOPEP_UWM_2026_export,2,5,True,positive_evidence
AIPVNKPGRF,10,True,BIOPEP_UWM_2026_export,1,1,False,positive_evidence
AITAKL,6,True,AHTPDB,1,1,False,positive_evidence
AIYK,4,True,AHTPDB;BIOPEP_UWM_2026_export,2,9,True,positive_evidence
AK,2,True,BIOPEP_UWM_2026_export,1,1,False,positive_evidence
AKC,3,True,AHTPDB,1,1,False,positive_evidence
AKDQG,5,True,AHTPDB,1,1,False,positive_evidence
AKK,3,True,AHTPDB;BIOPEP_UWM_2026_export,2,11,True,positive_evidence
AKLEK,5,True,AHTPDB,1,1,True,positive_evidence
AKP,3,True,AHTPDB,1,1,False,positive_evidence
AKPEG,5,True,AHTPDB,1,1,False,positive_evidence
AKSCQ,5,True,AHTPDB,1,1,False,positive_evidence
AKYCY,5,True,AHTPDB,1,1,True,positive_evidence
AKYSY,5,True,AHTPDB;AI4ACEIP_positive;BIOPEP_UWM_2026_export;BIOPEP_previous,4,10,True,positive_evidence
AL,2,True,AHTPDB,1,1,False,positive_evidence
ALAFQ,5,True,AHTPDB,1,1,True,positive_evidence
ALAPE,5,True,AI4ACEIP_positive,1,2,False,positive_evidence
ALEP,4,True,AHTPDB;BIOPEP_UWM_2026_export,2,3,True,positive_evidence
ALFPTHR,7,True,AI4ACEIP_positive,1,1,False,positive_evidence
ALGGA,5,True,AI4ACEIP_positive,1,1,False,positive_evidence
ALGPQFY,7,True,AI4ACEIP_positive,1,1,False,positive_evidence
ALKAWSVAR,9,True,AHTPDB;AI4ACEIP_positive;BIOPEP_UWM_2026_export;BIOPEP_previous,4,8,True,positive_evidence
ALMSPH,6,True,AI4ACEIP_positive,1,1,False,positive_evidence
ALNEINQFY,9,True,AHTPDB;BIOPEP_UWM_2026_export;BIOPEP_previous,3,6,True,positive_evidence
ALNEINQFYQK,11,True,AHTPDB;AI4ACEIP_positive;BIOPEP_UWM_2026_export;BIOPEP_previous,4,6,True,positive_evidence
ALP,3,True,AHTPDB;BIOPEP_UWM_2026_export,2,3,True,positive_evidence
ALPHA,5,True,AHTPDB;AI4ACEIP_positive;BIOPEP_UWM_2026_export;BIOPEP_previous,4,9,True,positive_evidence
ALPM,4,True,AHTPDB,1,9,True,positive_evidence
ALPMH,5,True,AHTPDB;AI4ACEIP_positive;BIOPEP_UWM_2026_export;BIOPEP_previous,4,6,True,positive_evidence
ALPMHIR,7,True,AHTPDB;AI4ACEIP_positive;BIOPEP_UWM_2026_export;BIOPEP_previous,4,12,True,positive_evidence
ALPP,4,True,AHTPDB;BIOPEP_UWM_2026_export,2,7,True,positive_evidence
AMKPW,5,True,AHTPDB;AI4ACEIP_positive;BIOPEP_UWM_2026_export;BIOPEP_previous,4,6,True,positive_evidence
AMKPWIQPK,9,True,AHTPDB;BIOPEP_UWM_2026_export;BIOPEP_previous,3,4,True,positive_evidence
AMNPP,5,True,AI4ACEIP_positive;BIOPEP_UWM_2026_export;BIOPEP_previous,3,3,True,positive_evidence
AMPKPW,6,True,AHTPDB;BIOPEP_UWM_2026_export;BIOPEP_previous,3,7,True,positive_evidence
AMQS,4,True,AHTPDB,1,2,False,positive_evidence
ANENIF,6,True,AI4ACEIP_positive,1,1,False,positive_evidence
ANPAVVRP,8,True,AHTPDB,1,1,True,positive_evidence
ANSSIL,6,True,AHTPDB,1,1,False,positive_evidence
AP,2,True,AHTPDB;BIOPEP_UWM_2026_export,2,22,True,positive_evidence
APAPRPPNAP,10,True,AI4ACEIP_positive,1,1,False,positive_evidence
APATPSFW,8,True,AI4ACEIP_positive,1,1,False,positive_evidence
APER,4,True,BIOPEP_UWM_2026_export,1,1,False,positive_evidence
APFF,4,True,BIOPEP_UWM_2026_export,1,1,False,positive_evidence
APFL,4,True,BIOPEP_UWM_2026_export,1,1,False,positive_evidence
APGAGVY,7,True,AHTPDB;AI4ACEIP_positive,2,2,True,positive_evidence
APGAPGPVG,9,True,AI4ACEIP_positive;BIOPEP_UWM_2026_export;BIOPEP_previous,3,3,True,positive_evidence
APKSPPK,7,True,AI4ACEIP_positive,1,1,False,positive_evidence
APLRV,5,True,AI4ACEIP_positive,1,1,False,positive_evidence
APP,3,True,AHTPDB,1,1,True,positive_evidence
APPH,4,True,BIOPEP_UWM_2026_export,1,1,False,positive_evidence
APSAK,5,True,AHTPDB;AI4ACEIP_positive,2,2,True,positive_evidence
APSY,4,True,BIOPEP_UWM_2026_export,1,1,False,positive_evidence
APVPP,5,True,AHTPDB,1,1,True,positive_evidence
APYK,4,True,BIOPEP_UWM_2026_export,1,1,False,positive_evidence
AQK,3,True,AHTPDB,1,2,True,positive_evidence
AQL,3,True,AHTPDB;BIOPEP_UWM_2026_export,2,2,False,positive_evidence
AQQLAAQLPAMCR,13,True,AI4ACEIP_positive;BIOPEP_UWM_2026_export;BIOPEP_previous,3,3,True,positive_evidence
AQSAP,5,True,AI4ACEIP_positive,1,1,False,positive_evidence
AQTQSL,6,True,AHTPDB,1,1,False,positive_evidence
AQTQSLVYP,9,True,AHTPDB;BIOPEP_UWM_2026_export;BIOPEP_previous,3,6,True,positive_evidence
AR,2,True,AHTPDB;BIOPEP_UWM_2026_export,2,9,True,positive_evidence
ARCRG,5,True,AHTPDB,1,1,False,positive_evidence
ARDLPGQ,7,True,AHTPDB,1,1,False,positive_evidence
ARF,3,True,AHTPDB;BIOPEP_UWM_2026_export,2,2,True,positive_evidence
ARHEI,5,True,AHTPDB,1,1,False,positive_evidence
ARHPH,5,True,AI4ACEIP_positive;BIOPEP_UWM_2026_export;BIOPEP_previous,3,3,True,positive_evidence
ARHPHP,6,True,AI4ACEIP_positive;BIOPEP_UWM_2026_export;BIOPEP_previous,3,4,False,positive_evidence
ARHPHPHLSF,10,True,AHTPDB,1,1,False,positive_evidence
ARIYH,5,True,AI4ACEIP_positive,1,1,False,positive_evidence
ARP,3,True,AHTPDB,1,1,False,positive_evidence
ARPAK,5,True,AHTPDB,1,1,True,positive_evidence
ARPSR,5,True,AHTPDB,1,1,False,positive_evidence
ARY,3,True,AHTPDB;BIOPEP_UWM_2026_export,2,2,False,positive_evidence
ASGLCPEEAVPRR,13,True,AI4ACEIP_positive,1,1,False,positive_evidence
ASGPINFT,8,True,AI4ACEIP_positive,1,1,False,positive_evidence
ASHLGLAR,8,True,AI4ACEIP_positive,1,1,False,positive_evidence
ASL,3,True,BIOPEP_UWM_2026_export,1,1,False,positive_evidence
ASLLPPY,7,True,AI4ACEIP_positive,1,1,False,positive_evidence
ASP,3,True,AHTPDB,1,3,True,positive_evidence
ASPYAFGL,8,True,AI4ACEIP_positive,1,1,False,positive_evidence
ASQSIWLPGWL,11,True,BIOPEP_UWM_2026_export;BIOPEP_previous,2,2,True,positive_evidence
ASVRT,5,True,AHTPDB,1,1,False,positive_evidence
ASW,3,True,AHTPDB,1,1,False,positive_evidence
ASY,3,True,AHTPDB,1,1,False,positive_evidence
ASYDTKF,7,True,AHTPDB,1,1,True,positive_evidence
ASYDTKFE,8,True,AI4ACEIP_positive,1,1,False,positive_evidence
ATF,3,True,AHTPDB,1,1,True,positive_evidence
AV,2,True,AHTPDB;BIOPEP_UWM_2026_export,2,3,False,positive_evidence
AVESTVATL,9,True,AHTPDB,1,1,False,positive_evidence
AVF,3,True,AHTPDB,1,6,True,positive_evidence
AVFPSIVGR,9,True,AI4ACEIP_positive,1,1,False,positive_evidence
AVKQPAVVYP,10,True,AHTPDB,1,1,False,positive_evidence
AVKVL,5,True,AI4ACEIP_positive,1,1,False,positive_evidence
AVL,3,True,AHTPDB;BIOPEP_UWM_2026_export,2,3,False,positive_evidence
AVNPIR,6,True,AHTPDB;AI4ACEIP_positive;BIOPEP_UWM_2026_export;BIOPEP_previous,4,5,True,positive_evidence
AVP,3,True,AHTPDB;BIOPEP_UWM_2026_export,2,12,True,positive_evidence
AVPYP,5,True,AHTPDB;AI4ACEIP_positive;BIOPEP_UWM_2026_export;BIOPEP_previous,4,10,True,positive_evidence
AVPYPQ,6,True,AHTPDB;AI4ACEIP_positive,2,2,False,positive_evidence
AVPYPQP,7,True,AHTPDB,1,1,True,positive_evidence
AVPYPQR,7,True,AHTPDB;BIOPEP_UWM_2026_export;BIOPEP_previous,3,16,True,positive_evidence
AVV,3,True,AHTPDB;BIOPEP_UWM_2026_export,2,5,True,positive_evidence
AVVRP,5,True,AHTPDB;AI4ACEIP_positive;BIOPEP_UWM_2026_export;BIOPEP_previous,4,7,True,positive_evidence
AW,2,True,AHTPDB;BIOPEP_UWM_2026_export,2,20,True,positive_evidence
AWIRGCRL,8,True,AI4ACEIP_positive,1,1,False,positive_evidence
AWPF,4,True,AHTPDB,1,1,True,positive_evidence
AWPQ,4,True,AHTPDB,1,1,False,positive_evidence
AWW,3,True,AHTPDB;BIOPEP_UWM_2026_export,2,2,True,positive_evidence
AY,2,True,AHTPDB;BIOPEP_UWM_2026_export,2,30,True,positive_evidence
AYEES,5,True,AHTPDB,1,1,False,positive_evidence
AYFTPE,6,True,AHTPDB,1,1,True,positive_evidence
AYFY,4,True,AHTPDB,1,1,False,positive_evidence
AYFYP,5,True,AHTPDB;AI4ACEIP_positive;BIOPEP_UWM_2026_export;BIOPEP_previous,4,7,True,positive_evidence
AYFYPE,6,True,AHTPDB;AI4ACEIP_positive;BIOPEP_UWM_2026_export;BIOPEP_previous,4,7,True,positive_evidence
AYFYPEL,7,True,AHTPDB;BIOPEP_UWM_2026_export;BIOPEP_previous,3,10,True,positive_evidence
AYFYPELF,8,True,AI4ACEIP_positive;BIOPEP_UWM_2026_export;BIOPEP_previous,3,3,False,positive_evidence
AYIASKGL,8,True,AHTPDB,1,1,True,positive_evidence
AYKRQ,5,True,AHTPDB,1,1,False,positive_evidence
AYLQAQQLLPFNQLVRSPAA,20,True,BIOPEP_UWM_2026_export;BIOPEP_previous,2,2,True,positive_evidence
AYP,3,True,AHTPDB,1,1,False,positive_evidence
AYPQQ,5,True,AHTPDB,1,1,False,positive_evidence
AYPS,4,True,BIOPEP_UWM_2026_export,1,1,False,positive_evidence
AYTGV,5,True,AHTPDB,1,1,False,positive_evidence
AYTQQ,5,True,AHTPDB,1,1,False,positive_evidence
AYW,3,True,AHTPDB,1,1,False,positive_evidence
CCGNAVPQ,8,True,AI4ACEIP_positive,1,1,False,positive_evidence
CF,2,True,AHTPDB;BIOPEP_UWM_2026_export,2,8,True,positive_evidence
CFCTKPC,7,True,AHTPDB,1,1,True,positive_evidence
CMENSA,6,True,AHTPDB;AI4ACEIP_positive;BIOPEP_UWM_2026_export;BIOPEP_previous,4,7,True,positive_evidence
CRQNTLGHNTQTSIAQ,16,True,AI4ACEIP_positive;BIOPEP_UWM_2026_export;BIOPEP_previous,3,3,True,positive_evidence
CVLRP,5,True,AI4ACEIP_positive,1,1,False,positive_evidence
CVQSCSFGPLTWSCDGNTK,19,True,AHTPDB,1,1,False,positive_evidence
CVTPALR,7,True,AHTPDB,1,1,True,positive_evidence
CWLPVY,6,True,AHTPDB;BIOPEP_UWM_2026_export;BIOPEP_previous,3,6,True,positive_evidence
DA,2,True,AHTPDB;BIOPEP_UWM_2026_export,2,13,True,positive_evidence
DAGP,4,True,BIOPEP_UWM_2026_export,1,1,False,positive_evidence
DAQSAPLRVY,10,True,AHTPDB;AI4ACEIP_positive;BIOPEP_UWM_2026_export;BIOPEP_previous,4,5,True,positive_evidence
DAYPSGA,7,True,AHTPDB,1,1,False,positive_evidence
DAYPSGAW,8,True,AHTPDB;BIOPEP_UWM_2026_export;BIOPEP_previous,3,8,True,positive_evidence
DDQIHIF,7,True,BIOPEP_UWM_2026_export;BIOPEP_previous,2,2,True,positive_evidence
DDTGHDFEDTGEAM,14,True,AHTPDB,1,4,True,positive_evidence
DELQDKIHPFAQTQSLVYPFPGPIPNS,27,True,AHTPDB,1,1,True,positive_evidence
DERF,4,True,AHTPDB,1,1,False,positive_evidence
DF,2,True,AHTPDB;BIOPEP_UWM_2026_export,2,5,True,positive_evidence
DFG,3,True,AHTPDB;BIOPEP_UWM_2026_export,2,6,True,positive_evidence
DFHINQ,6,True,AHTPDB;AI4ACEIP_positive,2,4,True,positive_evidence
DFK,3,True,AHTPDB,1,1,False,positive_evidence
DFVAP,5,True,BIOPEP_UWM_2026_export;BIOPEP_previous,2,2,False,positive_evidence
DFY,3,True,BIOPEP_UWM_2026_export,1,1,False,positive_evidence
DG,2,True,AHTPDB;BIOPEP_UWM_2026_export,2,21,True,positive_evidence
DGL,3,True,AHTPDB;BIOPEP_UWM_2026_export,2,3,False,positive_evidence
DGVVYY,6,True,AI4ACEIP_positive;BIOPEP_UWM_2026_export;BIOPEP_previous,3,4,True,positive_evidence
DHPFL,5,True,AHTPDB,1,1,True,positive_evidence
DHPFLF,6,True,AHTPDB;AI4ACEIP_positive,2,2,False,positive_evidence
DIGP,4,True,BIOPEP_UWM_2026_export,1,1,False,positive_evidence
DIGYY,5,True,AHTPDB;AI4ACEIP_positive;BIOPEP_UWM_2026_export;BIOPEP_previous,4,4,True,positive_evidence
DIKQME,6,True,AHTPDB,1,1,False,positive_evidence
DK,2,True,AHTPDB,1,1,True,positive_evidence
DKIHP,5,True,AHTPDB;AI4ACEIP_positive;BIOPEP_UWM_2026_export;BIOPEP_previous,4,10,True,positive_evidence
DKIHPF,6,True,AHTPDB;AI4ACEIP_positive;BIOPEP_UWM_2026_export;BIOPEP_previous,4,14,True,positive_evidence
DKIYPSFQPQPLIYP,15,True,AHTPDB;AI4ACEIP_positive;BIOPEP_UWM_2026_export;BIOPEP_previous,4,6,True,positive_evidence
DKVGINY,7,True,AHTPDB;BIOPEP_UWM_2026_export;BIOPEP_previous,3,4,True,positive_evidence
DKVGINYW,8,True,AHTPDB;AI4ACEIP_positive;BIOPEP_UWM_2026_export;BIOPEP_previous,4,5,True,positive_evidence
DL,2,True,AHTPDB;BIOPEP_UWM_2026_export,2,3,True,positive_evidence
DLDLRKDLYAN,11,True,AI4ACEIP_positive,1,1,False,positive_evidence
DLGP,4,True,BIOPEP_UWM_2026_export,1,1,False,positive_evidence
DLP,3,True,AHTPDB;BIOPEP_UWM_2026_export,2,11,True,positive_evidence
DLQGK,5,True,AHTPDB;AI4ACEIP_positive,2,2,False,positive_evidence
DLRPDNAKA,9,True,AHTPDB,1,1,False,positive_evidence
DLTDY,5,True,AHTPDB,1,3,True,positive_evidence
DM,2,True,AHTPDB;BIOPEP_UWM_2026_export,2,5,True,positive_evidence
DMCPHD,6,True,AI4ACEIP_positive,1,1,False,positive_evidence
DMIPAQK,7,True,AHTPDB;AI4ACEIP_positive;BIOPEP_UWM_2026_export;BIOPEP_previous,4,5,True,positive_evidence
DMSVF,5,True,AHTPDB,1,1,False,positive_evidence
DNLLN,5,True,AI4ACEIP_positive;BIOPEP_UWM_2026_export;BIOPEP_previous,3,4,False,positive_evidence
DP,2,True,AHTPDB,1,1,True,positive_evidence
DPAQPNYPWTAVLVFRH,17,True,AI4ACEIP_positive,1,1,False,positive_evidence
DPTHIK,6,True,AI4ACEIP_positive,1,1,False,positive_evidence
DPVAPGGPQP,10,True,AI4ACEIP_positive,1,1,False,positive_evidence
DPYKLRP,7,True,AI4ACEIP_positive;BIOPEP_UWM_2026_export;BIOPEP_previous,3,3,False,positive_evidence
DQVFPMNPPK,10,True,AHTPDB,1,1,False,positive_evidence
DR,2,True,BIOPEP_UWM_2026_export,1,1,False,positive_evidence
DRVYIHPFHL,10,True,AHTPDB,1,2,True,positive_evidence
DTGSDKKQL,9,True,AI4ACEIP_positive,1,1,False,positive_evidence
DV,2,True,AHTPDB,1,1,False,positive_evidence
DVENLHLPLPL,11,True,BIOPEP_UWM_2026_export;BIOPEP_previous,2,2,False,positive_evidence
DVENLHLPLPLLQSW,15,True,AHTPDB,1,1,False,positive_evidence
DVITGA,6,True,AI4ACEIP_positive,1,1,False,positive_evidence
DVPPYM,6,True,AI4ACEIP_positive,1,2,False,positive_evidence
DVPSERY,7,True,AHTPDB,1,1,False,positive_evidence
DVPSERYLG,9,True,AHTPDB,1,1,False,positive_evidence
DVWY,4,True,BIOPEP_UWM_2026_export,1,1,False,positive_evidence
DW,2,True,AHTPDB;BIOPEP_UWM_2026_export,2,3,True,positive_evidence
DWGP,4,True,AHTPDB,1,1,False,positive_evidence
DWMKGQ,6,True,AI4ACEIP_positive,1,2,False,positive_evidence
DY,2,True,AHTPDB;BIOPEP_UWM_2026_export,2,4,False,positive_evidence
DYG,3,True,AHTPDB,1,2,True,positive_evidence
DYGLYP,6,True,AHTPDB;AI4ACEIP_positive;BIOPEP_UWM_2026_export;BIOPEP_previous,4,7,True,positive_evidence
DYLRSC,6,True,AHTPDB,1,1,False,positive_evidence
DYVGN,5,True,AHTPDB;AI4ACEIP_positive,2,3,True,positive_evidence
EA,2,True,AHTPDB;BIOPEP_UWM_2026_export,2,16,True,positive_evidence
EAGVD,5,True,AI4ACEIP_positive,1,1,False,positive_evidence
EAP,3,True,AHTPDB;BIOPEP_UWM_2026_export,2,2,False,positive_evidence
EAPGGYDD,8,True,AI4ACEIP_positive,1,1,False,positive_evidence
EAPPK,5,True,AI4ACEIP_positive,1,1,False,positive_evidence
EDENNPFYLR,10,True,AHTPDB;AI4ACEIP_positive,2,2,True,positive_evidence
EDHGPM,6,True,AI4ACEIP_positive,1,1,False,positive_evidence
EE,2,True,BIOPEP_UWM_2026_export,1,1,False,positive_evidence
EEAGG,5,True,AHTPDB,1,1,False,positive_evidence
EEAIFLW,7,True,AI4ACEIP_positive,1,1,False,positive_evidence
EECHAH,6,True,AI4ACEIP_positive,1,1,False,positive_evidence
EEDDA,5,True,AI4ACEIP_positive,1,2,False,positive_evidence
EEEKNRLTKKTKLT,14,True,AI4ACEIP_positive,1,1,False,positive_evidence
EEYPDL,6,True,AI4ACEIP_positive,1,1,False,positive_evidence
EF,2,True,BIOPEP_UWM_2026_export,1,1,False,positive_evidence
EFIQ,4,True,BIOPEP_UWM_2026_export,1,1,False,positive_evidence
EFLQ,4,True,BIOPEP_UWM_2026_export,1,1,False,positive_evidence
EFQI,4,True,BIOPEP_UWM_2026_export,1,1,False,positive_evidence
EFQL,4,True,BIOPEP_UWM_2026_export,1,1,False,positive_evidence
EFVAPFPEVFGK,12,True,AHTPDB,1,1,False,positive_evidence
EG,2,True,AHTPDB;BIOPEP_UWM_2026_export,2,11,True,positive_evidence
EGEPR,5,True,AHTPDB;AI4ACEIP_positive,2,2,False,positive_evidence
EGGPKP,6,True,AHTPDB,1,1,False,positive_evidence
EGGSF,5,True,AI4ACEIP_positive;BIOPEP_UWM_2026_export;BIOPEP_previous,3,3,False,positive_evidence
EGLPPGPPIPP,11,True,AI4ACEIP_positive,1,1,False,positive_evidence
EGLPPRPKIPP,11,True,AI4ACEIP_positive,1,1,False,positive_evidence
EGPKLVAS,8,True,AHTPDB,1,1,True,positive_evidence
EHPVL,5,True,AI4ACEIP_positive,1,1,False,positive_evidence
EI,2,True,AHTPDB;BIOPEP_UWM_2026_export,2,6,False,positive_evidence
EIAKLM,6,True,AHTPDB,1,1,False,positive_evidence
EIP,3,True,AHTPDB,1,1,False,positive_evidence
EIVPNSAEERLH,12,True,AI4ACEIP_positive;BIOPEP_UWM_2026_export;BIOPEP_previous,3,3,False,positive_evidence
EK,2,True,AHTPDB;BIOPEP_UWM_2026_export,2,7,False,positive_evidence
EKDERF,6,True,AHTPDB;AI4ACEIP_positive;BIOPEP_UWM_2026_export;BIOPEP_previous,4,7,True,positive_evidence
EKERERQ,7,True,AHTPDB;AI4ACEIP_positive;BIOPEP_UWM_2026_export;BIOPEP_previous,4,6,True,positive_evidence
EKGP,4,True,BIOPEP_UWM_2026_export,1,1,False,positive_evidence
EKR,3,True,BIOPEP_UWM_2026_export,1,1,False,positive_evidence
EKSYELP,7,True,AI4ACEIP_positive;BIOPEP_UWM_2026_export;BIOPEP_previous,3,3,True,positive_evidence
EKTAP,5,True,AI4ACEIP_positive,1,1,False,positive_evidence
EKVNELSK,8,True,BIOPEP_UWM_2026_export;BIOPEP_previous,2,2,True,positive_evidence
ELEELNVPGE,10,True,AHTPDB,1,1,False,positive_evidence
ELFTT,5,True,AI4ACEIP_positive,1,1,False,positive_evidence
ELQER,5,True,AI4ACEIP_positive,1,1,False,positive_evidence
ELSAP,5,True,AI4ACEIP_positive,1,1,False,positive_evidence
ELVGV,5,True,AI4ACEIP_positive,1,1,False,positive_evidence
EMPFPK,6,True,AHTPDB;AI4ACEIP_positive;BIOPEP_UWM_2026_export;BIOPEP_previous,4,13,True,positive_evidence
EMPFPKYPVEP,11,True,AHTPDB,1,2,False,positive_evidence
EMPFPKYPVEPFTESQSLTL,20,True,AI4ACEIP_positive,1,1,False,positive_evidence
ENGLPVHLDQSIFRR,15,True,BIOPEP_UWM_2026_export;BIOPEP_previous,2,2,False,positive_evidence
ENGLPVHLDQSIFRRP,16,True,BIOPEP_UWM_2026_export;BIOPEP_previous,2,2,False,positive_evidence
ENLHLP,6,True,AHTPDB;AI4ACEIP_positive,2,3,False,positive_evidence
ENLHLPLP,8,True,AHTPDB;BIOPEP_UWM_2026_export;BIOPEP_previous,3,6,True,positive_evidence
ENLHLPLPLL,10,True,AHTPDB;BIOPEP_UWM_2026_export;BIOPEP_previous,3,3,True,positive_evidence
ENLLRF,6,True,AHTPDB;AI4ACEIP_positive,2,4,True,positive_evidence
ENLLRFFVAPFPEVFG,16,True,AHTPDB,1,1,True,positive_evidence
EP,2,True,AHTPDB,1,4,True,positive_evidence
EPIPYGFLP,9,True,AHTPDB;AI4ACEIP_positive;BIOPEP_UWM_2026_export;BIOPEP_previous,4,6,True,positive_evidence
EPKAIP,6,True,BIOPEP_UWM_2026_export;BIOPEP_previous,2,2,True,positive_evidence
EPLIYP,6,True,AI4ACEIP_positive,1,1,False,positive_evidence
EPLYV,5,True,AI4ACEIP_positive,1,1,False,positive_evidence
EPNGLLLPQY,10,True,AI4ACEIP_positive,1,1,False,positive_evidence
EPPPPEPPPI,10,True,AI4ACEIP_positive,1,1,False,positive_evidence
EPQPLIYP,8,True,AI4ACEIP_positive,1,1,False,positive_evidence
EPR,3,True,AHTPDB,1,2,False,positive_evidence
EPVLGPVRGPFP,12,True,AHTPDB,1,2,True,positive_evidence
EQGFLPGPEESGR,13,True,BIOPEP_UWM_2026_export;BIOPEP_previous,2,2,True,positive_evidence
EQGP,4,True,BIOPEP_UWM_2026_export,1,1,False,positive_evidence
EQIDNLQ,7,True,AI4ACEIP_positive,1,1,False,positive_evidence
EQR,3,True,BIOPEP_UWM_2026_export,1,1,False,positive_evidence
ER,2,True,AHTPDB;BIOPEP_UWM_2026_export,2,5,True,positive_evidence
ERAF,4,True,BIOPEP_UWM_2026_export,1,1,False,positive_evidence
ERF,3,True,AHTPDB,1,1,False,positive_evidence
ERGDT,5,True,AHTPDB,1,1,False,positive_evidence
ERKIKVYL,8,True,AHTPDB;AI4ACEIP_positive;BIOPEP_UWM_2026_export;BIOPEP_previous,4,10,True,positive_evidence
ERQEKR,6,True,BIOPEP_UWM_2026_export;BIOPEP_previous,2,2,False,positive_evidence
ERVL,4,True,AHTPDB,1,1,True,positive_evidence
ERY,3,True,AHTPDB,1,1,False,positive_evidence
ERYPI,5,True,AHTPDB,1,1,False,positive_evidence
ESAGIH,6,True,AI4ACEIP_positive;BIOPEP_UWM_2026_export;BIOPEP_previous,3,3,True,positive_evidence
ESIIAF,6,True,AHTPDB,1,1,False,positive_evidence
ESIINF,6,True,AHTPDB;AI4ACEIP_positive,2,4,False,positive_evidence
ETNGQ,5,True,AHTPDB,1,1,False,positive_evidence
ETSGMKPTEL,10,True,BIOPEP_UWM_2026_export;BIOPEP_previous,2,2,True,positive_evidence
EV,2,True,AHTPDB;BIOPEP_UWM_2026_export,2,10,False,positive_evidence
EVLIQ,5,True,AI4ACEIP_positive,1,1,False,positive_evidence
EVLNENLLRF,10,True,AHTPDB,1,1,False,positive_evidence
EVLP,4,True,AHTPDB,1,2,False,positive_evidence
EVMAGNLYPG,10,True,AHTPDB;AI4ACEIP_positive;BIOPEP_UWM_2026_export;BIOPEP_previous,4,6,True,positive_evidence
EVMAGNYLPG,10,True,AHTPDB;BIOPEP_UWM_2026_export;BIOPEP_previous,3,4,True,positive_evidence
EVPK,4,True,AHTPDB,1,1,True,positive_evidence
EVPKA,5,True,AI4ACEIP_positive,1,2,False,positive_evidence
EVSGL,5,True,AI4ACEIP_positive,1,1,False,positive_evidence
EVSQGRP,7,True,AI4ACEIP_positive;BIOPEP_UWM_2026_export;BIOPEP_previous,3,3,True,positive_evidence
EW,2,True,AHTPDB;BIOPEP_UWM_2026_export,2,6,False,positive_evidence
EWPRPQIPP,9,True,AHTPDB,1,1,False,positive_evidence
EY,2,True,AHTPDB;BIOPEP_UWM_2026_export,2,11,True,positive_evidence
FAGDDAPRA,9,True,AI4ACEIP_positive,1,1,False,positive_evidence
FAGDDAPRR,9,True,BIOPEP_UWM_2026_export;BIOPEP_previous,2,2,True,positive_evidence
FAL,3,True,AHTPDB;BIOPEP_UWM_2026_export,2,9,True,positive_evidence
FALPC,5,True,AHTPDB;AI4ACEIP_positive,2,2,False,positive_evidence
FALPQY,6,True,AHTPDB;AI4ACEIP_positive;BIOPEP_UWM_2026_export;BIOPEP_previous,4,8,True,positive_evidence
FALPQYLK,8,True,AHTPDB;BIOPEP_UWM_2026_export;BIOPEP_previous,3,6,True,positive_evidence
FAP,3,True,AHTPDB;BIOPEP_UWM_2026_export,2,9,True,positive_evidence
FAQTQS,6,True,AHTPDB,1,1,False,positive_evidence
FAQTQSLVYP,10,True,AHTPDB;BIOPEP_UWM_2026_export;BIOPEP_previous,3,6,True,positive_evidence
FATGT,5,True,AI4ACEIP_positive;BIOPEP_UWM_2026_export;BIOPEP_previous,3,4,False,positive_evidence
FAVP,4,True,AHTPDB,1,1,False,positive_evidence
FCF,3,True,AHTPDB;BIOPEP_UWM_2026_export,2,5,True,positive_evidence
FCLYELAR,8,True,BIOPEP_UWM_2026_export;BIOPEP_previous,2,2,True,positive_evidence
FCVLRP,6,True,AHTPDB;AI4ACEIP_positive;BIOPEP_UWM_2026_export;BIOPEP_previous,4,6,True,positive_evidence
FDK,3,True,AHTPDB;BIOPEP_UWM_2026_export,2,2,False,positive_evidence
FDKA,4,True,AHTPDB,1,1,False,positive_evidence
FDKLPGFGD,9,True,BIOPEP_UWM_2026_export;BIOPEP_previous,2,2,False,positive_evidence
FDKPVSPL,8,True,AHTPDB,1,1,False,positive_evidence
FDPFPK,6,True,BIOPEP_UWM_2026_export;BIOPEP_previous,2,2,True,positive_evidence
FDRPFL,6,True,BIOPEP_UWM_2026_export;BIOPEP_previous,2,2,False,positive_evidence
FE,2,True,AHTPDB,1,5,True,positive_evidence
FEDYVPLSCF,10,True,AHTPDB;AI4ACEIP_positive,2,7,True,positive_evidence
FEGTVFENG,9,True,AI4ACEIP_positive;BIOPEP_UWM_2026_export;BIOPEP_previous,3,3,False,positive_evidence
FEP,3,True,AHTPDB;BIOPEP_UWM_2026_export,2,2,False,positive_evidence
FEQDWAS,7,True,AI4ACEIP_positive,1,1,False,positive_evidence
FEQI,4,True,BIOPEP_UWM_2026_export,1,1,False,positive_evidence
FETISFK,7,True,AI4ACEIP_positive,1,1,False,positive_evidence
FF,2,True,AHTPDB;BIOPEP_UWM_2026_export,2,3,False,positive_evidence
FFECSG,6,True,AI4ACEIP_positive;BIOPEP_UWM_2026_export;BIOPEP_previous,3,3,False,positive_evidence
FFF,3,True,AHTPDB,1,3,False,positive_evidence
FFFPK,5,True,BIOPEP_UWM_2026_export;BIOPEP_previous,2,2,True,positive_evidence
FFG,3,True,AHTPDB,1,3,False,positive_evidence
FFGRCVSP,8,True,AHTPDB;AI4ACEIP_positive;BIOPEP_UWM_2026_export;BIOPEP_previous,4,8,True,positive_evidence
FFGVRCVSP,9,True,AHTPDB,1,1,True,positive_evidence
FFL,3,True,AHTPDB;BIOPEP_UWM_2026_export,2,7,True,positive_evidence
FFRNR,5,True,BIOPEP_UWM_2026_export;BIOPEP_previous,2,2,False,positive_evidence
FFRSKLLSDGAAAAKGALLPQYW,23,True,AI4ACEIP_positive,1,1,False,positive_evidence
FFVAP,5,True,AHTPDB;AI4ACEIP_positive;BIOPEP_UWM_2026_export;BIOPEP_previous,4,11,True,positive_evidence
FFVAPFEVFGK,11,True,AHTPDB,1,2,True,positive_evidence
FFVAPFPEVFGK,12,True,AHTPDB;BIOPEP_UWM_2026_export;BIOPEP_previous,3,14,True,positive_evidence
FFVAPFPFEVFGK,13,True,AHTPDB;BIOPEP_UWM_2026_export;BIOPEP_previous,3,3,True,positive_evidence
FFVAPFPGVFGK,12,True,AHTPDB,1,3,True,positive_evidence
FFVAPFPQVFGF,12,True,AHTPDB,1,1,False,positive_evidence
FFYY,4,True,AHTPDB;BIOPEP_UWM_2026_export,2,2,False,positive_evidence
FG,2,True,AHTPDB;BIOPEP_UWM_2026_export,2,14,True,positive_evidence
FGASTRGA,8,True,AHTPDB;AI4ACEIP_positive;BIOPEP_UWM_2026_export;BIOPEP_previous,4,6,True,positive_evidence
FGF,3,True,AHTPDB;BIOPEP_UWM_2026_export,2,4,False,positive_evidence
FGG,3,True,AHTPDB;BIOPEP_UWM_2026_export,2,7,True,positive_evidence
FGGIDDINQIGQSD,14,True,AHTPDB;AI4ACEIP_positive,2,2,True,positive_evidence
FGK,3,True,AHTPDB;BIOPEP_UWM_2026_export,2,10,True,positive_evidence
FGMPLDR,7,True,AI4ACEIP_positive,1,1,False,positive_evidence
FGRCVSP,7,True,AHTPDB;BIOPEP_UWM_2026_export;BIOPEP_previous,3,6,True,positive_evidence
FHERDPTHIKWGD,13,True,AHTPDB;AI4ACEIP_positive,2,2,True,positive_evidence
FHG,3,True,AHTPDB,1,2,True,positive_evidence
FHL,3,True,BIOPEP_UWM_2026_export,1,1,False,positive_evidence
FHPFDP,6,True,AI4ACEIP_positive,1,1,False,positive_evidence
FHSGIQSEPKAIP,13,True,BIOPEP_UWM_2026_export;BIOPEP_previous,2,2,True,positive_evidence
FI,2,True,AHTPDB,1,2,False,positive_evidence
FIMGPY,6,True,AI4ACEIP_positive,1,1,False,positive_evidence
FIV,3,True,AHTPDB,1,3,False,positive_evidence
FK,2,True,AHTPDB;BIOPEP_UWM_2026_export,2,2,True,positive_evidence
FKC,3,True,AHTPDB,1,1,False,positive_evidence
FKCRRW,6,True,BIOPEP_UWM_2026_export;BIOPEP_previous,2,2,True,positive_evidence
FKF,3,True,BIOPEP_UWM_2026_export,1,1,False,positive_evidence
FKGRYYP,7,True,AHTPDB;AI4ACEIP_positive;BIOPEP_UWM_2026_export;BIOPEP_previous,4,8,True,positive_evidence
FKP,3,True,AHTPDB,1,1,False,positive_evidence
FKR,3,True,BIOPEP_UWM_2026_export,1,1,False,positive_evidence
FKTTDQQTRTTVA,13,True,AI4ACEIP_positive,1,1,False,positive_evidence
FL,2,True,AHTPDB;BIOPEP_UWM_2026_export,2,7,True,positive_evidence
FLCT,4,True,BIOPEP_UWM_2026_export,1,1,False,positive_evidence
FLKPLFNAALKLLP,14,True,AI4ACEIP_positive;BIOPEP_UWM_2026_export;BIOPEP_previous,3,3,True,positive_evidence
FLP,3,True,AHTPDB,1,1,False,positive_evidence
FLPP,4,True,AHTPDB,1,1,False,positive_evidence
FLPYPYY,7,True,AHTPDB,1,1,False,positive_evidence
FLVPP,5,True,AHTPDB,1,1,True,positive_evidence
FMPGVPGPIQR,11,True,AI4ACEIP_positive,1,1,False,positive_evidence
FNATAG,6,True,AI4ACEIP_positive,1,1,False,positive_evidence
FNE,3,True,AHTPDB;BIOPEP_UWM_2026_export,2,2,False,positive_evidence
FNF,3,True,AHTPDB;BIOPEP_UWM_2026_export,2,3,False,positive_evidence
FNQ,3,True,AHTPDB;BIOPEP_UWM_2026_export,2,8,True,positive_evidence
FNQLAALNSAAYLQQQQLLPFSQLA,25,True,BIOPEP_UWM_2026_export;BIOPEP_previous,2,2,True,positive_evidence
FNVPLYE,7,True,AHTPDB;AI4ACEIP_positive,2,6,True,positive_evidence
FNVPLYEFSY,10,True,AHTPDB,1,1,True,positive_evidence
FNW,3,True,AHTPDB,1,1,False,positive_evidence
FP,2,True,AHTPDB;BIOPEP_UWM_2026_export,2,26,True,positive_evidence
FPAIGMK,7,True,AI4ACEIP_positive,1,1,False,positive_evidence
FPE,3,True,AHTPDB,1,1,False,positive_evidence
FPEVFGK,7,True,AHTPDB;BIOPEP_UWM_2026_export;BIOPEP_previous,3,7,True,positive_evidence
FPF,3,True,AHTPDB,1,3,False,positive_evidence
FPFEVFGK,8,True,AHTPDB;AI4ACEIP_positive;BIOPEP_UWM_2026_export;BIOPEP_previous,4,4,False,positive_evidence
FPGGPP,6,True,BIOPEP_UWM_2026_export;BIOPEP_previous,2,2,False,positive_evidence
FPIIV,5,True,AI4ACEIP_positive;BIOPEP_UWM_2026_export;BIOPEP_previous,3,3,False,positive_evidence
FPK,3,True,AHTPDB,1,3,False,positive_evidence
FPP,3,True,AHTPDB,1,3,False,positive_evidence
FPPQS,5,True,AI4ACEIP_positive;BIOPEP_UWM_2026_export;BIOPEP_previous,3,3,False,positive_evidence
FPPQSVL,7,True,AHTPDB,1,1,False,positive_evidence
FPQY,4,True,BIOPEP_UWM_2026_export,1,1,False,positive_evidence
FPQYLQY,7,True,AHTPDB;AI4ACEIP_positive;BIOPEP_UWM_2026_export;BIOPEP_previous,4,7,True,positive_evidence
FQ,2,True,AHTPDB;BIOPEP_UWM_2026_export,2,2,False,positive_evidence
FQINMCILR,9,True,AI4ACEIP_positive,1,1,False,positive_evidence
FQKPKR,6,True,AHTPDB;AI4ACEIP_positive;BIOPEP_UWM_2026_export;BIOPEP_previous,4,8,True,positive_evidence
FQKVVA,6,True,AHTPDB;AI4ACEIP_positive;BIOPEP_UWM_2026_export;BIOPEP_previous,4,6,True,positive_evidence
FQKVVAG,7,True,AHTPDB;AI4ACEIP_positive;BIOPEP_UWM_2026_export;BIOPEP_previous,4,6,True,positive_evidence
FQKVVAK,7,True,AHTPDB;AI4ACEIP_positive;BIOPEP_UWM_2026_export;BIOPEP_previous,4,5,True,positive_evidence
FQP,3,True,AHTPDB;BIOPEP_UWM_2026_export,2,11,True,positive_evidence
FQPQPLIYP,9,True,AHTPDB;BIOPEP_UWM_2026_export;BIOPEP_previous,3,5,True,positive_evidence
FQPSF,5,True,AI4ACEIP_positive;BIOPEP_UWM_2026_export;BIOPEP_previous,3,3,True,positive_evidence
FQQPVVGPA,9,True,AI4ACEIP_positive,1,1,False,positive_evidence
FQQVPGPV,8,True,AI4ACEIP_positive,1,1,False,positive_evidence
FR,2,True,AHTPDB;BIOPEP_UWM_2026_export,2,9,True,positive_evidence
FRADHPFL,8,True,AHTPDB;AI4ACEIP_positive,2,5,True,positive_evidence
FRADPFL,7,True,AHTPDB,1,1,False,positive_evidence
FRAEHPL,7,True,AI4ACEIP_positive;BIOPEP_UWM_2026_export;BIOPEP_previous,3,3,False,positive_evidence
FRAHPFL,7,True,AHTPDB,1,1,True,positive_evidence
FRC,3,True,AHTPDB,1,1,True,positive_evidence
FREGD,5,True,AHTPDB,1,1,False,positive_evidence
FRGLMHY,7,True,AHTPDB,1,1,True,positive_evidence
FRHEA,5,True,AHTPDB,1,1,False,positive_evidence
FRQF,4,True,AHTPDB,1,2,False,positive_evidence
FRQFYQL,7,True,AHTPDB,1,1,False,positive_evidence
FRVPTPN,7,True,AHTPDB,1,1,True,positive_evidence
FRVW,4,True,BIOPEP_UWM_2026_export,1,1,False,positive_evidence
FRY,3,True,BIOPEP_UWM_2026_export,1,1,False,positive_evidence
FRYR,4,True,BIOPEP_UWM_2026_export,1,1,False,positive_evidence
FSDKIAK,7,True,BIOPEP_UWM_2026_export;BIOPEP_previous,2,2,True,positive_evidence
FSDKIAKYIPIQ,12,True,AHTPDB,1,1,False,positive_evidence
FSEYPPLGRF,10,True,AI4ACEIP_positive,1,1,False,positive_evidence
FSQ,3,True,AHTPDB,1,1,False,positive_evidence
FSWF,4,True,BIOPEP_UWM_2026_export,1,1,False,positive_evidence
FSY,3,True,AHTPDB,1,3,True,positive_evidence
FTDVDFIK,8,True,AHTPDB,1,1,True,positive_evidence
FTESQS,6,True,AHTPDB,1,1,False,positive_evidence
FTTQ,4,True,BIOPEP_UWM_2026_export,1,1,False,positive_evidence
FTY,3,True,AHTPDB,1,3,True,positive_evidence
FV,2,True,AHTPDB,1,1,False,positive_evidence
FVAP,4,True,AHTPDB;BIOPEP_UWM_2026_export,2,7,True,positive_evidence
FVAPFP,6,True,AHTPDB,1,1,False,positive_evidence
FVAPFPEV,8,True,AHTPDB,1,2,True,positive_evidence
FVAPFPEVF,9,True,AHTPDB,1,2,False,positive_evidence
FVAPFPEVFG,10,True,AHTPDB,1,1,False,positive_evidence
FVAPFPEVFGK,11,True,AHTPDB,1,2,False,positive_evidence
FVAPFPEVFGKEKVNE,16,True,AHTPDB,1,1,False,positive_evidence
FVAPFPEVFGKEKVNELSKDIGS,23,True,AHTPDB,1,1,False,positive_evidence
FVAPFPEVFGKEKVNELSKDIGSE,24,True,AHTPDB;AI4ACEIP_positive,2,2,False,positive_evidence
FVAPFPQV,8,True,AI4ACEIP_positive,1,1,False,positive_evidence
FVEPIP,6,True,AHTPDB;AI4ACEIP_positive,2,3,False,positive_evidence
FVNPEAGS,8,True,AHTPDB,1,1,True,positive_evidence
FVNPQAGS,8,True,AHTPDB;AI4ACEIP_positive,2,3,True,positive_evidence
FVP,3,True,BIOPEP_UWM_2026_export,1,1,False,positive_evidence
FVPAF,5,True,AI4ACEIP_positive,1,1,False,positive_evidence
FVSACSVAG,9,True,AI4ACEIP_positive,1,1,False,positive_evidence
FVVAPFPEVF,10,True,AHTPDB,1,1,False,positive_evidence
FW,2,True,AHTPDB;BIOPEP_UWM_2026_export,2,4,True,positive_evidence
FWN,3,True,AHTPDB;BIOPEP_UWM_2026_export,2,7,True,positive_evidence
FY,2,True,AHTPDB;BIOPEP_UWM_2026_export,2,30,True,positive_evidence
FYN,3,True,AHTPDB;BIOPEP_UWM_2026_export,2,2,False,positive_evidence
FYPEL,5,True,AHTPDB;AI4ACEIP_positive;BIOPEP_UWM_2026_export;BIOPEP_previous,4,5,True,positive_evidence
FYQQ,4,True,AHTPDB;BIOPEP_UWM_2026_export,2,4,True,positive_evidence
FYTGG,5,True,AHTPDB,1,1,True,positive_evidence
GA,2,True,AHTPDB;BIOPEP_UWM_2026_export,2,17,True,positive_evidence
GAAELPCSADWW,12,True,AHTPDB;AI4ACEIP_positive;BIOPEP_UWM_2026_export;BIOPEP_previous,4,8,True,positive_evidence
GAAGAAP,7,True,BIOPEP_previous,1,1,True,positive_evidence
GAATHEAP,8,True,BIOPEP_previous,1,1,True,positive_evidence
GAFGPGGLVGRP,12,True,AI4ACEIP_positive,1,1,False,positive_evidence
GAGP,4,True,BIOPEP_UWM_2026_export,1,1,False,positive_evidence
GAP,3,True,AHTPDB,1,1,True,positive_evidence
GAPGLPGP,8,True,AHTPDB;AI4ACEIP_positive,2,2,True,positive_evidence
GAPGPAGPGGIPGERG,16,True,AHTPDB;AI4ACEIP_positive,2,2,True,positive_evidence
GASRHWYFL,9,True,AI4ACEIP_positive,1,1,False,positive_evidence
GASSGMPG,8,True,AI4ACEIP_positive,1,1,False,positive_evidence
GATGPAGYV,9,True,AI4ACEIP_positive,1,1,False,positive_evidence
GAVGPSG,7,True,AHTPDB,1,1,False,positive_evidence
GAW,3,True,AHTPDB,1,3,True,positive_evidence
GAWYYVPL,8,True,AI4ACEIP_positive,1,1,False,positive_evidence
GCETR,5,True,AHTPDB,1,1,False,positive_evidence
GD,2,True,AHTPDB;BIOPEP_UWM_2026_export,2,13,True,positive_evidence
GDAP,4,True,AHTPDB;BIOPEP_UWM_2026_export,2,8,True,positive_evidence
GDLGKTTTVSNWSPPKWKDTP,21,True,AI4ACEIP_positive,1,1,False,positive_evidence
GDLGKTTTVSNWSPPKYKDTP,21,True,AHTPDB,1,5,True,positive_evidence
GE,2,True,AHTPDB;BIOPEP_UWM_2026_export,2,11,True,positive_evidence
GEF,3,True,BIOPEP_UWM_2026_export,1,1,False,positive_evidence
GEG,3,True,AHTPDB,1,3,False,positive_evidence
GEGGP,5,True,AHTPDB,1,2,True,positive_evidence
GEGSGA,6,True,AI4ACEIP_positive;BIOPEP_UWM_2026_export;BIOPEP_previous,3,4,True,positive_evidence
GEHGGAGMGGGQFQPV,16,True,BIOPEP_UWM_2026_export;BIOPEP_previous,2,2,True,positive_evidence
GEP,3,True,AHTPDB;BIOPEP_UWM_2026_export,2,12,True,positive_evidence
GETGPAGPAGAAGPAGPR,18,True,BIOPEP_UWM_2026_export;BIOPEP_previous,2,2,False,positive_evidence
GF,2,True,AHTPDB;BIOPEP_UWM_2026_export,2,25,True,positive_evidence
GFF,3,True,AHTPDB,1,3,False,positive_evidence
GFFALIPKIISSPLFKTLLSAVGSALSSSGGQE,33,True,AI4ACEIP_positive,1,1,False,positive_evidence
GFG,3,True,AHTPDB,1,3,False,positive_evidence
GFGFPR,6,True,AI4ACEIP_positive,1,1,False,positive_evidence
GFHI,4,True,AHTPDB,1,2,True,positive_evidence
GFPGER,6,True,BIOPEP_UWM_2026_export;BIOPEP_previous,2,2,True,positive_evidence
GFPGLP,6,True,BIOPEP_UWM_2026_export;BIOPEP_previous,2,2,False,positive_evidence
GFPGTPGLPGF,11,True,AHTPDB;AI4ACEIP_positive,2,2,True,positive_evidence
GFR,3,True,AHTPDB,1,1,True,positive_evidence
GFWKPGSG,8,True,AI4ACEIP_positive,1,1,False,positive_evidence
GFYPPP,6,True,AI4ACEIP_positive,1,2,False,positive_evidence
GG,2,True,AHTPDB;BIOPEP_UWM_2026_export,2,19,True,positive_evidence
GGF,3,True,AHTPDB,1,3,False,positive_evidence
GGFIE,5,True,AI4ACEIP_positive,1,1,False,positive_evidence
GGG,3,True,AHTPDB,1,3,False,positive_evidence
GGL,3,True,AHTPDB,1,3,False,positive_evidence
GGP,3,True,AHTPDB,1,3,False,positive_evidence
GGRFA,5,True,AI4ACEIP_positive,1,1,False,positive_evidence
GGRPTY,6,True,AHTPDB,1,1,False,positive_evidence
GGV,3,True,AHTPDB,1,3,False,positive_evidence
GGVIPN,6,True,AHTPDB;AI4ACEIP_positive;BIOPEP_UWM_2026_export;BIOPEP_previous,4,5,True,positive_evidence
GGY,3,True,AHTPDB;BIOPEP_UWM_2026_export,2,10,True,positive_evidence
GH,2,True,AHTPDB;BIOPEP_UWM_2026_export,2,10,True,positive_evidence
GHF,3,True,AHTPDB;BIOPEP_UWM_2026_export,2,8,True,positive_evidence
GHG,3,True,AHTPDB;BIOPEP_UWM_2026_export,2,4,True,positive_evidence
GHIITVAR,8,True,AI4ACEIP_positive,1,1,False,positive_evidence
GHKIATFQER,10,True,AHTPDB;AI4ACEIP_positive;BIOPEP_UWM_2026_export;BIOPEP_previous,4,5,True,positive_evidence
GHKIATFQQR,10,True,AHTPDB,1,1,True,positive_evidence
GHS,3,True,AHTPDB;BIOPEP_UWM_2026_export,2,3,True,positive_evidence
GI,2,True,AHTPDB;BIOPEP_UWM_2026_export,2,18,True,positive_evidence
GICACRRRFCPNSERFSGYCRVNGARYVRCCSRR,34,True,AI4ACEIP_positive,1,1,False,positive_evidence
GIHETTY,7,True,AI4ACEIP_positive;BIOPEP_UWM_2026_export;BIOPEP_previous,3,3,True,positive_evidence
GIL,3,True,BIOPEP_UWM_2026_export,1,1,False,positive_evidence
GILRP,5,True,AI4ACEIP_positive;BIOPEP_UWM_2026_export;BIOPEP_previous,3,4,False,positive_evidence
GINYWLAHK,9,True,AHTPDB,1,1,False,positive_evidence
GIPGERGPVGPSG,13,True,AHTPDB;AI4ACEIP_positive,2,2,True,positive_evidence
GIPLPLI,7,True,AI4ACEIP_positive;BIOPEP_UWM_2026_export;BIOPEP_previous,3,3,True,positive_evidence
GIQSEPKAIP,10,True,BIOPEP_UWM_2026_export;BIOPEP_previous,2,2,True,positive_evidence
GK,2,True,AHTPDB;BIOPEP_UWM_2026_export,2,20,True,positive_evidence
GKDAVIV,7,True,BIOPEP_UWM_2026_export;BIOPEP_previous,2,2,True,positive_evidence
GKEIIVKAQR,10,True,AHTPDB,1,1,True,positive_evidence
GKKIATYQER,10,True,AHTPDB;AI4ACEIP_positive;BIOPEP_UWM_2026_export;BIOPEP_previous,4,4,True,positive_evidence
GKKVLQ,6,True,AHTPDB;AI4ACEIP_positive;BIOPEP_UWM_2026_export;BIOPEP_previous,4,6,True,positive_evidence
GKMVKVVSWY,10,True,AHTPDB,1,1,True,positive_evidence
GKP,3,True,AHTPDB;BIOPEP_UWM_2026_export,2,15,True,positive_evidence
GKV,3,True,AHTPDB;BIOPEP_UWM_2026_export,2,2,False,positive_evidence
GKWG,4,True,AHTPDB,1,1,False,positive_evidence
GL,2,True,AHTPDB;BIOPEP_UWM_2026_export,2,14,True,positive_evidence
GLDIQK,6,True,AHTPDB;AI4ACEIP_positive;BIOPEP_UWM_2026_export;BIOPEP_previous,4,9,True,positive_evidence
GLFDVIKKVASVIGGLG,17,True,AI4ACEIP_positive,1,1,False,positive_evidence
GLFF,4,True,BIOPEP_UWM_2026_export,1,1,False,positive_evidence
GLFG,4,True,AHTPDB,1,1,False,positive_evidence
GLG,3,True,AHTPDB,1,3,False,positive_evidence
GLL,3,True,AHTPDB,1,3,False,positive_evidence
GLLDTLKGAAKNVVGSLASKVMEKL,25,True,AI4ACEIP_positive,1,1,False,positive_evidence
GLP,3,True,AHTPDB;BIOPEP_UWM_2026_export,2,3,True,positive_evidence
GLPGSRGERGLPG,13,True,AHTPDB;AI4ACEIP_positive,2,2,True,positive_evidence
GLPLNLP,7,True,AI4ACEIP_positive,1,1,False,positive_evidence
GLPPGPPIPP,10,True,BIOPEP_previous,1,1,True,positive_evidence
GLPQE,5,True,AI4ACEIP_positive;BIOPEP_UWM_2026_export;BIOPEP_previous,3,4,False,positive_evidence
GLQLPFSEE,9,True,AI4ACEIP_positive,1,1,False,positive_evidence
GLSDGEWQ,8,True,AHTPDB;AI4ACEIP_positive,2,3,True,positive_evidence
GLTGRPGDAGPQGK,14,True,BIOPEP_UWM_2026_export;BIOPEP_previous,2,2,True,positive_evidence
GLTSK,5,True,AI4ACEIP_positive;BIOPEP_UWM_2026_export;BIOPEP_previous,3,4,True,positive_evidence
GLY,3,True,AHTPDB;BIOPEP_UWM_2026_export,2,3,False,positive_evidence
GM,2,True,AHTPDB;BIOPEP_UWM_2026_export,2,14,True,positive_evidence
GMGA,4,True,AHTPDB,1,1,False,positive_evidence
GMKCAF,6,True,AI4ACEIP_positive;BIOPEP_UWM_2026_export;BIOPEP_previous,3,3,False,positive_evidence
GMNNLTP,7,True,AI4ACEIP_positive,1,1,False,positive_evidence
GNGGA,5,True,AI4ACEIP_positive,1,1,False,positive_evidence
GNPIPREPGQVPAY,14,True,AI4ACEIP_positive,1,1,False,positive_evidence
GNPVGGVGHGTTGT,14,True,BIOPEP_UWM_2026_export;BIOPEP_previous,2,2,True,positive_evidence
GP,2,True,AHTPDB;BIOPEP_UWM_2026_export,2,20,True,positive_evidence
GPA,3,True,AHTPDB;BIOPEP_UWM_2026_export,2,6,True,positive_evidence
GPAGAP,6,True,AHTPDB,1,1,True,positive_evidence
GPAGAPGAA,9,True,AHTPDB;AI4ACEIP_positive;BIOPEP_UWM_2026_export;BIOPEP_previous,4,6,True,positive_evidence
GPAGDY,6,True,AI4ACEIP_positive,1,1,False,positive_evidence
GPAM,4,True,AHTPDB,1,1,True,positive_evidence
GPAV,4,True,BIOPEP_UWM_2026_export,1,1,False,positive_evidence
GPCSR,5,True,AHTPDB,1,3,True,positive_evidence
GPDRPKFLGPF,11,True,AI4ACEIP_positive,1,1,False,positive_evidence
GPEGPAGAR,9,True,BIOPEP_UWM_2026_export;BIOPEP_previous,2,2,False,positive_evidence
GPFPIIV,7,True,AHTPDB;BIOPEP_UWM_2026_export;BIOPEP_previous,3,4,False,positive_evidence
GPFPILV,7,True,AHTPDB;AI4ACEIP_positive;BIOPEP_UWM_2026_export;BIOPEP_previous,4,4,True,positive_evidence
GPG,3,True,AHTPDB,1,3,False,positive_evidence
GPGAGTPGGA,10,True,AI4ACEIP_positive,1,1,False,positive_evidence
GPIGPP,6,True,AHTPDB,1,1,True,positive_evidence
GPIGPPSGGFD,11,True,AI4ACEIP_positive,1,1,False,positive_evidence
GPIGSVGAP,9,True,AHTPDB,1,1,True,positive_evidence
GPL,3,True,AHTPDB;BIOPEP_UWM_2026_export,2,13,True,positive_evidence
GPLGLLGFLGPLGLS,15,True,AHTPDB;AI4ACEIP_positive;BIOPEP_UWM_2026_export;BIOPEP_previous,4,6,True,positive_evidence
GPM,3,True,AHTPDB;BIOPEP_UWM_2026_export,2,9,True,positive_evidence
GPNAV,5,True,AI4ACEIP_positive,1,2,False,positive_evidence
GPP,3,True,AHTPDB;BIOPEP_UWM_2026_export,2,5,True,positive_evidence
GPPGAP,6,True,AHTPDB,1,2,True,positive_evidence
GPPGPP,6,True,AHTPDB,1,1,True,positive_evidence
GPPGTDGAP,9,True,AHTPDB,1,1,True,positive_evidence
GPPP,4,True,AHTPDB,1,4,True,positive_evidence
GPQGPTGQ,8,True,AI4ACEIP_positive,1,1,False,positive_evidence
GPR,3,True,AHTPDB;BIOPEP_UWM_2026_export,2,3,False,positive_evidence
GPRGF,5,True,BIOPEP_UWM_2026_export;BIOPEP_previous,2,2,False,positive_evidence
GPSMR,5,True,AHTPDB;AI4ACEIP_positive,2,3,True,positive_evidence
GPTGPAGP,8,True,BIOPEP_UWM_2026_export;BIOPEP_previous,2,2,True,positive_evidence
GPV,3,True,AHTPDB;BIOPEP_UWM_2026_export,2,6,True,positive_evidence
GPVGPA,6,True,AHTPDB,1,1,True,positive_evidence
GPVRGPF,7,True,AHTPDB,1,1,False,positive_evidence
GPVRGPFP,8,True,AHTPDB,1,1,False,positive_evidence
GPVRGPFPII,10,True,AHTPDB;BIOPEP_UWM_2026_export;BIOPEP_previous,3,3,False,positive_evidence
GPVRGPFPIIV,11,True,AHTPDB,1,1,False,positive_evidence
GQ,2,True,AHTPDB;BIOPEP_UWM_2026_export,2,15,True,positive_evidence
GQGGP,5,True,AI4ACEIP_positive,1,2,False,positive_evidence
GQKSVPEVR,9,True,AI4ACEIP_positive,1,1,False,positive_evidence
GQLGEHGGAGMG,12,True,BIOPEP_UWM_2026_export;BIOPEP_previous,2,2,True,positive_evidence
GQMRQPI,7,True,AHTPDB,1,1,False,positive_evidence
GQP,3,True,AHTPDB;BIOPEP_UWM_2026_export,2,2,False,positive_evidence
GQVPP,5,True,AI4ACEIP_positive,1,2,False,positive_evidence
GQY,3,True,AHTPDB,1,2,True,positive_evidence
GR,2,True,AHTPDB;BIOPEP_UWM_2026_export,2,18,True,positive_evidence
GRC,3,True,AHTPDB,1,1,False,positive_evidence
GRGSVPAPGP,10,True,AI4ACEIP_positive,1,1,False,positive_evidence
GRP,3,True,AHTPDB;BIOPEP_UWM_2026_export,2,16,True,positive_evidence
GRVMP,5,True,AHTPDB;AI4ACEIP_positive;BIOPEP_UWM_2026_export;BIOPEP_previous,4,8,True,positive_evidence
GRVSNCAA,8,True,AI4ACEIP_positive,1,1,False,positive_evidence
GRY,3,True,AHTPDB,1,1,False,positive_evidence
GS,2,True,AHTPDB;BIOPEP_UWM_2026_export,2,13,True,positive_evidence
GSAGPAGPSGPRGP,14,True,BIOPEP_UWM_2026_export;BIOPEP_previous,2,2,True,positive_evidence
GSAGY,5,True,AI4ACEIP_positive;BIOPEP_UWM_2026_export;BIOPEP_previous,3,3,True,positive_evidence
GSH,3,True,AHTPDB;BIOPEP_UWM_2026_export,2,2,False,positive_evidence
GT,2,True,AHTPDB;BIOPEP_UWM_2026_export,2,12,True,positive_evidence
GTEKC,5,True,AHTPDB,1,2,True,positive_evidence
GTG,3,True,AHTPDB;BIOPEP_UWM_2026_export,2,4,True,positive_evidence
GTQY,4,True,BIOPEP_UWM_2026_export,1,1,False,positive_evidence
GTW,3,True,AHTPDB;BIOPEP_UWM_2026_export,2,11,True,positive_evidence
GV,2,True,AHTPDB;BIOPEP_UWM_2026_export,2,21,True,positive_evidence
GVDNPGHPF,9,True,AI4ACEIP_positive,1,1,False,positive_evidence
GVGAGY,6,True,AHTPDB,1,1,True,positive_evidence
GVGTGKPGER,10,True,AI4ACEIP_positive,1,1,False,positive_evidence
GVGY,4,True,AHTPDB,1,3,True,positive_evidence
GVHGV,5,True,AHTPDB;AI4ACEIP_positive;BIOPEP_UWM_2026_export;BIOPEP_previous,4,5,True,positive_evidence
GVHHA,5,True,AHTPDB;AI4ACEIP_positive;BIOPEP_UWM_2026_export;BIOPEP_previous,4,7,True,positive_evidence
GVHTFP,6,True,BIOPEP_UWM_2026_export;BIOPEP_previous,2,2,True,positive_evidence
GVLY,4,True,BIOPEP_UWM_2026_export,1,1,False,positive_evidence
GVNGEEGVPG,10,True,AHTPDB,1,1,False,positive_evidence
GVPK,4,True,AHTPDB,1,1,False,positive_evidence
GVPKVKETMVPK,12,True,AHTPDB,1,1,True,positive_evidence
GVPKVKETMVPKH,13,True,AHTPDB;AI4ACEIP_positive,2,2,True,positive_evidence
GVQEGAGHYALL,12,True,AI4ACEIP_positive,1,1,False,positive_evidence
GVQGPM,6,True,AHTPDB;AI4ACEIP_positive,2,2,False,positive_evidence
GVR,3,True,BIOPEP_UWM_2026_export,1,1,False,positive_evidence
GVRGRGRIV,9,True,AI4ACEIP_positive,1,1,False,positive_evidence
GVSLPEW,7,True,AHTPDB,1,1,True,positive_evidence
GVV,3,True,AHTPDB,1,3,False,positive_evidence
GVW,3,True,AHTPDB;BIOPEP_UWM_2026_export,2,8,True,positive_evidence
GVY,3,True,AHTPDB;BIOPEP_UWM_2026_export,2,2,False,positive_evidence
GVYPH,5,True,AHTPDB,1,1,True,positive_evidence
GVYPHK,6,True,AHTPDB;AI4ACEIP_positive;BIOPEP_UWM_2026_export;BIOPEP_previous,4,6,True,positive_evidence
GW,2,True,AHTPDB;BIOPEP_UWM_2026_export,2,16,True,positive_evidence
GWAP,4,True,AHTPDB;BIOPEP_UWM_2026_export,2,8,True,positive_evidence
GY,2,True,AHTPDB;BIOPEP_UWM_2026_export,2,34,True,positive_evidence
GYALPHA,7,True,AHTPDB;AI4ACEIP_positive;BIOPEP_UWM_2026_export;BIOPEP_previous,4,5,True,positive_evidence
GYDTQAIVQ,9,True,AI4ACEIP_positive,1,1,False,positive_evidence
GYG,3,True,AHTPDB,1,3,False,positive_evidence
GYK,3,True,AHTPDB;BIOPEP_UWM_2026_export,2,3,True,positive_evidence
GYPMYPLPR,9,True,AI4ACEIP_positive,1,1,False,positive_evidence
GYY,3,True,AHTPDB,1,3,False,positive_evidence
HAEIN,5,True,AHTPDB;AI4ACEIP_positive,2,2,False,positive_evidence
HANENIF,7,True,AHTPDB;AI4ACEIP_positive,2,2,False,positive_evidence
HCGCNTH,7,True,AI4ACEIP_positive,1,1,False,positive_evidence
HDHM,4,True,AHTPDB,1,1,True,positive_evidence
HDWWKER,7,True,BIOPEP_UWM_2026_export;BIOPEP_previous,2,2,True,positive_evidence
HEFPGVVVGANDD,13,True,AI4ACEIP_positive,1,1,False,positive_evidence
HERDPTHIKWGD,12,True,AHTPDB;BIOPEP_UWM_2026_export;BIOPEP_previous,3,4,True,positive_evidence
HFEAMR,6,True,AI4ACEIP_positive;BIOPEP_UWM_2026_export;BIOPEP_previous,3,3,True,positive_evidence
HG,2,True,AHTPDB;BIOPEP_UWM_2026_export,2,11,True,positive_evidence
HGEGGRSTHE,10,True,AI4ACEIP_positive,1,1,False,positive_evidence
HGLF,4,True,AHTPDB;BIOPEP_UWM_2026_export,2,2,False,positive_evidence
HHL,3,True,AHTPDB;BIOPEP_UWM_2026_export,2,10,True,positive_evidence
HHT,3,True,AHTPDB;BIOPEP_UWM_2026_export,2,3,True,positive_evidence
HIGNILSL,8,True,AI4ACEIP_positive,1,1,False,positive_evidence
HIITLGR,7,True,AI4ACEIP_positive,1,1,False,positive_evidence
HIK,3,True,AHTPDB,1,2,False,positive_evidence
HIKW,4,True,AHTPDB,1,1,False,positive_evidence
HIKWGD,6,True,AHTPDB,1,2,True,positive_evidence
HIR,3,True,AHTPDB;BIOPEP_UWM_2026_export,2,6,True,positive_evidence
HIRL,4,True,AHTPDB;BIOPEP_UWM_2026_export,2,4,False,positive_evidence
HK,2,True,AHTPDB;BIOPEP_UWM_2026_export,2,6,False,positive_evidence
HKEMPFPK,8,True,BIOPEP_UWM_2026_export;BIOPEP_previous,2,2,False,positive_evidence
HKEMPFPKYPVEPF,14,True,AHTPDB,1,1,False,positive_evidence
HKEMPFPKYPVQPF,14,True,AI4ACEIP_positive,1,1,False,positive_evidence
HL,2,True,AHTPDB;BIOPEP_UWM_2026_export,2,10,True,positive_evidence
HLALT,5,True,AI4ACEIP_positive,1,1,False,positive_evidence
HLFGPPGKKDPV,12,True,AI4ACEIP_positive;BIOPEP_UWM_2026_export;BIOPEP_previous,3,3,False,positive_evidence
HLL,3,True,AHTPDB;BIOPEP_UWM_2026_export,2,3,True,positive_evidence
HLNVVHEN,8,True,BIOPEP_UWM_2026_export;BIOPEP_previous,2,2,True,positive_evidence
HLPLP,5,True,AHTPDB;AI4ACEIP_positive;BIOPEP_UWM_2026_export;BIOPEP_previous,4,18,True,positive_evidence
HLPLPL,6,True,AHTPDB,1,1,False,positive_evidence
HLPLPLL,7,True,AHTPDB,1,2,True,positive_evidence
HLPLPLVQSW,10,True,AI4ACEIP_positive,1,1,False,positive_evidence
HLPPPV,6,True,AHTPDB;AI4ACEIP_positive,2,3,False,positive_evidence
HP,2,True,AHTPDB;BIOPEP_UWM_2026_export,2,6,False,positive_evidence
HPFA,4,True,AHTPDB,1,1,False,positive_evidence
HPFAQ,5,True,AHTPDB;AI4ACEIP_positive,2,3,True,positive_evidence
HPFAQTQ,7,True,AHTPDB,1,1,False,positive_evidence
HPFAQTQSLVYP,12,True,AHTPDB;BIOPEP_UWM_2026_export;BIOPEP_previous,3,6,True,positive_evidence
HPHPHLSF,8,True,AHTPDB;BIOPEP_UWM_2026_export;BIOPEP_previous,3,6,True,positive_evidence
HPIKH,5,True,AHTPDB;AI4ACEIP_positive,2,4,True,positive_evidence
HQAAGW,6,True,AHTPDB;BIOPEP_UWM_2026_export;BIOPEP_previous,3,3,True,positive_evidence
HQG,3,True,AHTPDB;BIOPEP_UWM_2026_export,2,3,True,positive_evidence
HQIYP,5,True,AHTPDB;AI4ACEIP_positive;BIOPEP_UWM_2026_export;BIOPEP_previous,4,7,True,positive_evidence
HQIYPV,6,True,AI4ACEIP_positive,1,2,False,positive_evidence
HQK,3,True,AHTPDB,1,1,False,positive_evidence
HSGIQSEPKAIP,12,True,AHTPDB;BIOPEP_UWM_2026_export;BIOPEP_previous,3,3,True,positive_evidence
HSSIQSQPQAFT,12,True,AHTPDB;BIOPEP_UWM_2026_export;BIOPEP_previous,3,3,True,positive_evidence
HWTTQR,6,True,AHTPDB;AI4ACEIP_positive,2,5,True,positive_evidence
HY,2,True,AHTPDB;BIOPEP_UWM_2026_export,2,15,True,positive_evidence
HYVPV,5,True,AI4ACEIP_positive;BIOPEP_UWM_2026_export;BIOPEP_previous,3,4,True,positive_evidence
IA,2,True,AHTPDB;BIOPEP_UWM_2026_export,2,12,True,positive_evidence
IAE,3,True,AHTPDB;BIOPEP_UWM_2026_export,2,4,True,positive_evidence
IAF,3,True,BIOPEP_UWM_2026_export,1,1,False,positive_evidence
IAGRP,5,True,AI4ACEIP_positive;BIOPEP_UWM_2026_export;BIOPEP_previous,3,3,True,positive_evidence
IAIP,4,True,AHTPDB;BIOPEP_UWM_2026_export,2,5,True,positive_evidence
IAIPP,5,True,AHTPDB;AI4ACEIP_positive;BIOPEP_UWM_2026_export;BIOPEP_previous,4,7,True,positive_evidence
IAK,3,True,AHTPDB;BIOPEP_UWM_2026_export,2,11,True,positive_evidence
IAP,3,True,AHTPDB;BIOPEP_UWM_2026_export,2,11,True,positive_evidence
IAPG,4,True,AHTPDB;BIOPEP_UWM_2026_export,2,5,True,positive_evidence
IAQ,3,True,AHTPDB;BIOPEP_UWM_2026_export,2,2,False,positive_evidence
IARDSAAVF,9,True,BIOPEP_UWM_2026_export;BIOPEP_previous,2,2,True,positive_evidence
IASGEPTSTPT,11,True,AHTPDB,1,1,False,positive_evidence
IASGEPTSTPTEE,13,True,AHTPDB,1,1,False,positive_evidence
IASGEPTSTPTTEA,14,True,AHTPDB,1,1,False,positive_evidence
IAV,3,True,AHTPDB;BIOPEP_UWM_2026_export,2,3,True,positive_evidence
IAVPTGVA,8,True,BIOPEP_UWM_2026_export;BIOPEP_previous,2,2,True,positive_evidence
IAY,3,True,AHTPDB;BIOPEP_UWM_2026_export,2,2,False,positive_evidence
IAYKP,5,True,AHTPDB;AI4ACEIP_positive,2,3,True,positive_evidence
IAYKPAG,7,True,AHTPDB;AI4ACEIP_positive;BIOPEP_UWM_2026_export;BIOPEP_previous,4,6,True,positive_evidence
ICRDL,5,True,AHTPDB,1,1,False,positive_evidence
ID,2,True,AHTPDB,1,1,False,positive_evidence
IDALNENK,8,True,AHTPDB,1,1,True,positive_evidence
IDNPNYK,7,True,AI4ACEIP_positive,1,1,False,positive_evidence
IDPNG,5,True,AHTPDB,1,1,True,positive_evidence
IE,2,True,AHTPDB;BIOPEP_UWM_2026_export,2,11,False,positive_evidence
IEEAF,5,True,AI4ACEIP_positive;BIOPEP_UWM_2026_export;BIOPEP_previous,3,4,False,positive_evidence
IEF,3,True,AHTPDB,1,1,True,positive_evidence
IEFEQ,5,True,AHTPDB,1,1,False,positive_evidence
IEFPR,5,True,AI4ACEIP_positive,1,1,False,positive_evidence
IEKP,4,True,AHTPDB,1,2,True,positive_evidence
IEKPP,5,True,AHTPDB,1,2,True,positive_evidence
IELPLG,6,True,AHTPDB;AI4ACEIP_positive,2,3,True,positive_evidence
IEP,3,True,AHTPDB;BIOPEP_UWM_2026_export,2,5,True,positive_evidence
IEPQG,5,True,AHTPDB,1,1,False,positive_evidence
IETWNPNNQ,9,True,AI4ACEIP_positive,1,1,False,positive_evidence
IEW,3,True,AHTPDB;BIOPEP_UWM_2026_export,2,2,True,positive_evidence
IEWEG,5,True,AHTPDB,1,1,False,positive_evidence
IEY,3,True,AHTPDB;BIOPEP_UWM_2026_export,2,6,True,positive_evidence
IF,2,True,AHTPDB;BIOPEP_UWM_2026_export,2,18,True,positive_evidence
IFENLQN,7,True,AI4ACEIP_positive;BIOPEP_UWM_2026_export;BIOPEP_previous,3,3,False,positive_evidence
IFFFL,5,True,AI4ACEIP_positive,1,2,False,positive_evidence
IFG,3,True,AHTPDB;BIOPEP_UWM_2026_export,2,3,True,positive_evidence
IFL,3,True,AHTPDB;BIOPEP_UWM_2026_export,2,9,True,positive_evidence
IFVPA,5,True,AI4ACEIP_positive,1,1,False,positive_evidence
IFVPAF,6,True,AHTPDB;AI4ACEIP_positive;BIOPEP_UWM_2026_export;BIOPEP_previous,4,7,True,positive_evidence
IFY,3,True,BIOPEP_UWM_2026_export,1,1,False,positive_evidence
IG,2,True,AHTPDB;BIOPEP_UWM_2026_export,2,13,True,positive_evidence
IGDEPLANYL,10,True,AHTPDB;AI4ACEIP_positive,2,2,True,positive_evidence
IGETGP,6,True,AI4ACEIP_positive,1,1,False,positive_evidence
IGGIGTVPVGR,11,True,AI4ACEIP_positive,1,1,False,positive_evidence
IGGSI,5,True,AHTPDB,1,1,False,positive_evidence
IGKGG,5,True,AHTPDB,1,1,False,positive_evidence
IGNTLI,6,True,AHTPDB,1,1,False,positive_evidence
IGSENSEKTTMP,12,True,AHTPDB,1,2,True,positive_evidence
IGW,3,True,AHTPDB,1,1,False,positive_evidence
IGYNQ,5,True,AHTPDB,1,1,False,positive_evidence
IHAQQKEP,8,True,AHTPDB,1,1,False,positive_evidence
IHETT,5,True,AHTPDB,1,1,True,positive_evidence
IHF,3,True,AHTPDB,1,1,False,positive_evidence
IHP,3,True,AHTPDB,1,1,False,positive_evidence
IHPF,4,True,AHTPDB,1,1,True,positive_evidence
IHPFAQTQSLVYP,13,True,AHTPDB;BIOPEP_UWM_2026_export;BIOPEP_previous,3,6,True,positive_evidence
IHVIGDF,7,True,AI4ACEIP_positive,1,1,False,positive_evidence
IHVTET,6,True,AI4ACEIP_positive,1,1,False,positive_evidence
IHY,3,True,AHTPDB,1,1,False,positive_evidence
II,2,True,AHTPDB,1,1,False,positive_evidence
IIAEK,5,True,AI4ACEIP_positive;BIOPEP_UWM_2026_export;BIOPEP_previous,3,4,True,positive_evidence
IIAMK,5,True,AHTPDB,1,1,True,positive_evidence
IIAPPER,7,True,BIOPEP_UWM_2026_export;BIOPEP_previous,2,2,True,positive_evidence
IIAPTPVPAAH,11,True,AI4ACEIP_positive,1,1,False,positive_evidence
IIP,3,True,AHTPDB,1,4,True,positive_evidence
IIPLEN,6,True,AI4ACEIP_positive;BIOPEP_UWM_2026_export;BIOPEP_previous,3,3,False,positive_evidence
IISKIK,6,True,AI4ACEIP_positive,1,1,False,positive_evidence
IITNW,5,True,AI4ACEIP_positive;BIOPEP_UWM_2026_export;BIOPEP_previous,3,3,True,positive_evidence
IIVTQTMK,8,True,AHTPDB;AI4ACEIP_positive,2,2,True,positive_evidence
IIY,3,True,BIOPEP_UWM_2026_export,1,1,False,positive_evidence
IK,2,True,AHTPDB,1,1,False,positive_evidence
IKD,3,True,AHTPDB,1,1,False,positive_evidence
IKELQ,5,True,AHTPDB,1,2,False,positive_evidence
IKF,3,True,AHTPDB,1,1,False,positive_evidence
IKH,3,True,AHTPDB,1,1,False,positive_evidence
IKL,3,True,AHTPDB,1,1,False,positive_evidence
IKLPP,5,True,AI4ACEIP_positive;BIOPEP_UWM_2026_export;BIOPEP_previous,3,3,True,positive_evidence
IKN,3,True,AHTPDB,1,2,False,positive_evidence
IKP,3,True,AHTPDB;BIOPEP_UWM_2026_export,2,20,True,positive_evidence
IKPLDY,6,True,AHTPDB,1,1,True,positive_evidence
IKPLNY,6,True,AHTPDB;AI4ACEIP_positive;BIOPEP_UWM_2026_export;BIOPEP_previous,4,8,True,positive_evidence
IKPVQ,5,True,AHTPDB,1,1,True,positive_evidence
IKW,3,True,AHTPDB;BIOPEP_UWM_2026_export,2,15,True,positive_evidence
IKWGD,5,True,AHTPDB;AI4ACEIP_positive,2,2,False,positive_evidence
IKY,3,True,AHTPDB;BIOPEP_UWM_2026_export,2,3,True,positive_evidence
IKYGD,5,True,AI4ACEIP_positive,1,1,False,positive_evidence
IL,2,True,AHTPDB;BIOPEP_UWM_2026_export,2,4,False,positive_evidence
ILKP,4,True,BIOPEP_UWM_2026_export,1,1,False,positive_evidence
ILLPGAQDGL,10,True,AI4ACEIP_positive,1,1,False,positive_evidence
ILP,3,True,AHTPDB;BIOPEP_UWM_2026_export,2,12,True,positive_evidence
ILR,3,True,BIOPEP_UWM_2026_export,1,1,False,positive_evidence
ILSKLK,6,True,AI4ACEIP_positive,1,1,False,positive_evidence
ILVDR,5,True,BIOPEP_UWM_2026_export;BIOPEP_previous,2,2,True,positive_evidence
IMVAEAR,7,True,AHTPDB,1,1,True,positive_evidence
IMY,3,True,AHTPDB;BIOPEP_UWM_2026_export,2,3,False,positive_evidence
IN,2,True,AHTPDB,1,1,False,positive_evidence
INDPF,5,True,AHTPDB,1,1,False,positive_evidence
INF,3,True,AHTPDB,1,1,False,positive_evidence
INKV,4,True,BIOPEP_UWM_2026_export,1,1,False,positive_evidence
INKVVR,6,True,BIOPEP_UWM_2026_export;BIOPEP_previous,2,2,True,positive_evidence
INNQFLP,7,True,AHTPDB,1,1,False,positive_evidence
INNQFLPYPYYAKPAAVR,18,True,AHTPDB,1,1,False,positive_evidence
INP,3,True,AHTPDB,1,2,False,positive_evidence
INQF,4,True,AHTPDB,1,1,False,positive_evidence
INSQ,4,True,AHTPDB,1,1,False,positive_evidence
INTLSGR,7,True,AI4ACEIP_positive,1,1,False,positive_evidence
INYWL,5,True,AHTPDB,1,1,True,positive_evidence
IP,2,True,AHTPDB;BIOPEP_UWM_2026_export,2,17,True,positive_evidence
IPA,3,True,AHTPDB;BIOPEP_UWM_2026_export,2,20,True,positive_evidence
IPAGM,5,True,AI4ACEIP_positive;BIOPEP_UWM_2026_export;BIOPEP_previous,3,4,False,positive_evidence
IPAGV,5,True,AI4ACEIP_positive;BIOPEP_UWM_2026_export;BIOPEP_previous,3,4,True,positive_evidence
IPAI,4,True,AHTPDB,1,1,False,positive_evidence
IPAIN,5,True,AHTPDB;AI4ACEIP_positive,2,3,True,positive_evidence
IPALLKR,7,True,AI4ACEIP_positive;BIOPEP_UWM_2026_export;BIOPEP_previous,3,3,True,positive_evidence
IPAQK,5,True,AHTPDB;AI4ACEIP_positive,2,2,True,positive_evidence
IPAVF,5,True,AI4ACEIP_positive;BIOPEP_UWM_2026_export;BIOPEP_previous,3,4,False,positive_evidence
IPAVFK,6,True,AI4ACEIP_positive;BIOPEP_UWM_2026_export;BIOPEP_previous,3,4,True,positive_evidence
IPF,3,True,AHTPDB,1,2,True,positive_evidence
IPI,3,True,AHTPDB,1,1,False,positive_evidence
IPIPATKT,8,True,BIOPEP_UWM_2026_export;BIOPEP_previous,2,2,True,positive_evidence
IPIQY,5,True,AI4ACEIP_positive,1,1,False,positive_evidence
IPN,3,True,AHTPDB,1,1,True,positive_evidence
IPNPIGSE,8,True,AHTPDB,1,1,False,positive_evidence
IPP,3,True,AHTPDB;BIOPEP_UWM_2026_export,2,29,True,positive_evidence
IPPAYSK,7,True,BIOPEP_UWM_2026_export;BIOPEP_previous,2,2,True,positive_evidence
IPPGVPYWT,9,True,AHTPDB;AI4ACEIP_positive,2,2,True,positive_evidence
IPPLTQ,6,True,AHTPDB,1,1,False,positive_evidence
IPPLTQTPV,9,True,AHTPDB;BIOPEP_UWM_2026_export;BIOPEP_previous,3,3,False,positive_evidence
IPPVPP,6,True,AHTPDB,1,2,False,positive_evidence
IPQ,3,True,AHTPDB,1,1,False,positive_evidence
IPQEVLP,7,True,AHTPDB;AI4ACEIP_positive;BIOPEP_UWM_2026_export;BIOPEP_previous,4,6,True,positive_evidence
IPT,3,True,AHTPDB;BIOPEP_UWM_2026_export,2,2,False,positive_evidence
IPY,3,True,AHTPDB;BIOPEP_UWM_2026_export,2,5,True,positive_evidence
IQ,2,True,AHTPDB,1,1,False,positive_evidence
IQF,3,True,AHTPDB,1,1,False,positive_evidence
IQHST,5,True,AHTPDB,1,1,False,positive_evidence
IQKEDVPSER,10,True,AHTPDB,1,1,False,positive_evidence
IQP,3,True,AHTPDB;BIOPEP_UWM_2026_export,2,13,True,positive_evidence
IQSEPKAIP,9,True,BIOPEP_UWM_2026_export;BIOPEP_previous,2,2,True,positive_evidence
IQSQPQAFP,9,True,BIOPEP_UWM_2026_export;BIOPEP_previous,2,2,True,positive_evidence
IQVPL,5,True,AI4ACEIP_positive,1,1,False,positive_evidence
IQW,3,True,AHTPDB;BIOPEP_UWM_2026_export,2,3,True,positive_evidence
IQWCA,5,True,AHTPDB,1,1,False,positive_evidence
IQY,3,True,AHTPDB;BIOPEP_UWM_2026_export,2,7,True,positive_evidence
IQYCA,5,True,AHTPDB,1,1,False,positive_evidence
IR,2,True,AHTPDB;BIOPEP_UWM_2026_export,2,12,False,positive_evidence
IRA,3,True,AHTPDB;BIOPEP_UWM_2026_export,2,12,True,positive_evidence
IRAMPVAV,8,True,AI4ACEIP_positive,1,1,False,positive_evidence
IRAQQ,5,True,AHTPDB;AI4ACEIP_positive;BIOPEP_UWM_2026_export;BIOPEP_previous,4,7,True,positive_evidence
IRD,3,True,AHTPDB,1,1,False,positive_evidence
IRDLDYY,7,True,AI4ACEIP_positive,1,1,False,positive_evidence
IRGCRL,6,True,AI4ACEIP_positive,1,1,False,positive_evidence
IRH,3,True,AHTPDB,1,1,False,positive_evidence
IRN,3,True,AHTPDB,1,2,False,positive_evidence
IRP,3,True,AHTPDB;BIOPEP_UWM_2026_export,2,13,True,positive_evidence
IRPVQ,5,True,AHTPDB;AI4ACEIP_positive;BIOPEP_UWM_2026_export;BIOPEP_previous,4,7,True,positive_evidence
IRRGQ,5,True,AHTPDB,1,1,False,positive_evidence
IRW,3,True,AHTPDB;BIOPEP_UWM_2026_export,2,4,True,positive_evidence
IRWCT,5,True,AHTPDB,1,2,True,positive_evidence
IRY,3,True,AHTPDB;BIOPEP_UWM_2026_export,2,3,True,positive_evidence
IRYCT,5,True,AHTPDB,1,1,False,positive_evidence
IRYLPRG,7,True,AHTPDB,1,1,True,positive_evidence
IS,2,True,AHTPDB,1,1,False,positive_evidence
ISHIYVWK,8,True,AHTPDB,1,1,True,positive_evidence
ISP,3,True,AHTPDB,1,1,False,positive_evidence
ISSMGILVCL,10,True,BIOPEP_UWM_2026_export;BIOPEP_previous,2,2,True,positive_evidence
ISSSK,5,True,AHTPDB,1,1,False,positive_evidence
ISW,3,True,AHTPDB,1,1,False,positive_evidence
IT,2,True,AHTPDB,1,1,False,positive_evidence
ITC,3,True,AHTPDB,1,1,False,positive_evidence
ITF,3,True,AHTPDB;BIOPEP_UWM_2026_export,2,4,True,positive_evidence
ITH,3,True,BIOPEP_UWM_2026_export,1,1,False,positive_evidence
ITMIAPSAF,9,True,AI4ACEIP_positive,1,1,False,positive_evidence
ITP,3,True,AHTPDB,1,3,True,positive_evidence
ITRINKK,7,True,AHTPDB,1,1,False,positive_evidence
ITRTQ,5,True,AHTPDB,1,1,False,positive_evidence
ITRY,4,True,AHTPDB,1,1,True,positive_evidence
ITT,3,True,AHTPDB;BIOPEP_UWM_2026_export,2,5,True,positive_evidence
ITTNP,5,True,AHTPDB;AI4ACEIP_positive;BIOPEP_UWM_2026_export;BIOPEP_previous,4,16,True,positive_evidence
ITTNPY,6,True,AHTPDB,1,1,False,positive_evidence
IV,2,True,AHTPDB,1,3,False,positive_evidence
IVAGPQ,6,True,AI4ACEIP_positive,1,1,False,positive_evidence
IVEYF,5,True,AI4ACEIP_positive,1,2,False,positive_evidence
IVF,3,True,AHTPDB;BIOPEP_UWM_2026_export,2,5,True,positive_evidence
IVGFPAYGH,9,True,BIOPEP_UWM_2026_export;BIOPEP_previous,2,3,True,positive_evidence
IVGRPR,6,True,AHTPDB;AI4ACEIP_positive;BIOPEP_UWM_2026_export;BIOPEP_previous,4,8,True,positive_evidence
IVGRPRH,7,True,AHTPDB,1,1,True,positive_evidence
IVGRPRHQG,9,True,AHTPDB;AI4ACEIP_positive;BIOPEP_UWM_2026_export;BIOPEP_previous,4,13,True,positive_evidence
IVGRRRHQG,9,True,AHTPDB;AI4ACEIP_positive;BIOPEP_UWM_2026_export;BIOPEP_previous,4,4,True,positive_evidence
IVIF,4,True,AHTPDB,1,1,False,positive_evidence
IVP,3,True,AHTPDB,1,1,False,positive_evidence
IVPNSVEQKH,10,True,AHTPDB,1,1,False,positive_evidence
IVQ,3,True,AHTPDB;BIOPEP_UWM_2026_export,2,2,False,positive_evidence
IVR,3,True,BIOPEP_UWM_2026_export,1,1,False,positive_evidence
IVRDPNGMGAW,11,True,AI4ACEIP_positive;BIOPEP_UWM_2026_export;BIOPEP_previous,3,3,False,positive_evidence
IVTNWDDMEK,10,True,AI4ACEIP_positive,1,1,False,positive_evidence
IVVE,4,True,AHTPDB;BIOPEP_UWM_2026_export,2,3,True,positive_evidence
IVY,3,True,AHTPDB;BIOPEP_UWM_2026_export,2,18,True,positive_evidence
IW,2,True,AHTPDB;BIOPEP_UWM_2026_export,2,33,True,positive_evidence
IWH,3,True,AHTPDB;BIOPEP_UWM_2026_export,2,8,True,positive_evidence
IWHHT,5,True,AHTPDB;AI4ACEIP_positive;BIOPEP_UWM_2026_export;BIOPEP_previous,4,12,True,positive_evidence
IWHHTF,6,True,AI4ACEIP_positive,1,1,False,positive_evidence
IWHHTFYNELR,11,True,BIOPEP_UWM_2026_export;BIOPEP_previous,2,2,True,positive_evidence
IWW,3,True,BIOPEP_UWM_2026_export,1,1,False,positive_evidence
IY,2,True,AHTPDB;BIOPEP_UWM_2026_export,2,54,True,positive_evidence
IYEAVNKVSPRAGQF,15,True,AI4ACEIP_positive,1,1,False,positive_evidence
IYEGY,5,True,AHTPDB;AI4ACEIP_positive;BIOPEP_UWM_2026_export;BIOPEP_previous,4,4,True,positive_evidence
IYK,3,True,AHTPDB;BIOPEP_UWM_2026_export,2,2,True,positive_evidence
IYLL,4,True,AHTPDB;BIOPEP_UWM_2026_export,2,4,True,positive_evidence
IYP,3,True,AHTPDB;BIOPEP_UWM_2026_export,2,9,True,positive_evidence
IYPR,4,True,AHTPDB;BIOPEP_UWM_2026_export,2,2,True,positive_evidence
IYPRY,5,True,AHTPDB;AI4ACEIP_positive;BIOPEP_UWM_2026_export;BIOPEP_previous,4,12,True,positive_evidence
IYPSFQPQPLIYP,13,True,AHTPDB;BIOPEP_UWM_2026_export;BIOPEP_previous,3,5,True,positive_evidence
IYSNN,5,True,AHTPDB,1,1,False,positive_evidence
IYSPH,5,True,BIOPEP_UWM_2026_export;BIOPEP_previous,2,2,False,positive_evidence
JEWPPGHHIPP,11,False,AHTPDB,1,1,False,positive_evidence
JGGWPRPGPEIPP,13,False,AHTPDB,1,1,False,positive_evidence
JGLPPGPPIPP,11,False,AHTPDB,1,1,False,positive_evidence
JGLPPGPVIPP,11,False,AHTPDB,1,1,False,positive_evidence
JGLPPRPKIPP,11,False,AHTPDB,1,1,False,positive_evidence
JGRPPGPPIP,10,False,AHTPDB,1,1,False,positive_evidence
JGWPGPKVPP,10,False,AHTPDB,1,1,False,positive_evidence
JKKWPPGHHIPP,12,False,AHTPDB,1,1,False,positive_evidence
JKPWPPGHHIPP,12,False,AHTPDB,1,1,False,positive_evidence
JKW,3,False,AHTPDB,1,1,False,positive_evidence
JKWALPKVPP,10,False,AHTPDB,1,1,False,positive_evidence
JKWAP,5,False,AHTPDB,1,1,False,positive_evidence
JKWDPPPISPP,11,False,AHTPDB,1,1,False,positive_evidence
JKWDPPPPSPP,11,False,AHTPDB,1,1,False,positive_evidence
JKWDPPPVSPP,11,False,AHTPDB,1,1,False,positive_evidence
JKWHRNPEIP,10,False,AHTPDB,1,1,False,positive_evidence
JKWP,4,False,AHTPDB,1,1,False,positive_evidence
JKWPGPK,7,False,AHTPDB,1,1,False,positive_evidence
JKWPGPKVP,9,False,AHTPDB,1,1,False,positive_evidence
JKWPHEHPP,9,False,AHTPDB,1,1,False,positive_evidence
JKWPKGPLPP,10,False,AHTPDB,1,1,False,positive_evidence
JKWPPGKVPP,10,False,AHTPDB,1,1,False,positive_evidence
JKWPRP,6,False,AHTPDB,1,1,False,positive_evidence
JKWPRPGPEIPP,12,False,AHTPDB,1,1,False,positive_evidence
JNWKSP,6,False,AHTPDB,1,1,False,positive_evidence
JNWP,4,False,AHTPDB,1,1,False,positive_evidence
JNWPHPQIPP,10,False,AHTPDB,1,1,False,positive_evidence
JNWPRPGPEIP,11,False,AHTPDB,1,1,False,positive_evidence
JNWPRPGPEIPP,12,False,AHTPDB,1,1,False,positive_evidence
JNWPRPQIPP,10,False,AHTPDB,1,1,False,positive_evidence
JRWPHLEIPP,10,False,AHTPDB,1,1,False,positive_evidence
JSWP,4,False,AHTPDB,1,1,False,positive_evidence
JSWPGPNIPP,10,False,AHTPDB,1,1,False,positive_evidence
JTNW,4,False,AHTPDB,1,1,False,positive_evidence
JWPRPQIPP,9,False,AHTPDB,1,1,False,positive_evidence
JWPRPTPQIPP,11,False,AHTPDB,1,1,False,positive_evidence
KA,2,True,AHTPDB;BIOPEP_UWM_2026_export,2,20,True,positive_evidence
KAAAAP,6,True,AI4ACEIP_positive;BIOPEP_UWM_2026_export;BIOPEP_previous,3,3,True,positive_evidence
KAAAATP,7,True,AI4ACEIP_positive;BIOPEP_UWM_2026_export;BIOPEP_previous,3,3,True,positive_evidence
KAEEEYPDL,9,True,AI4ACEIP_positive,1,1,False,positive_evidence
KAF,3,True,BIOPEP_UWM_2026_export,1,1,False,positive_evidence
KAFR,4,True,AHTPDB,1,1,False,positive_evidence
KAIP,4,True,BIOPEP_UWM_2026_export,1,1,False,positive_evidence
KALPMHIRLAF,11,True,AHTPDB,1,1,True,positive_evidence
KAPVA,5,True,AHTPDB;AI4ACEIP_positive;BIOPEP_UWM_2026_export;BIOPEP_previous,4,9,True,positive_evidence
KAQYPYV,7,True,AI4ACEIP_positive,1,1,False,positive_evidence
KAVPQ,5,True,AI4ACEIP_positive,1,1,False,positive_evidence
KAVPYPQ,7,True,AHTPDB;AI4ACEIP_positive;BIOPEP_UWM_2026_export;BIOPEP_previous,4,4,False,positive_evidence
KDERF,5,True,AHTPDB;AI4ACEIP_positive;BIOPEP_UWM_2026_export;BIOPEP_previous,4,7,True,positive_evidence
KDQDK,5,True,AHTPDB,1,1,False,positive_evidence
KDQGSYEDF,9,True,AI4ACEIP_positive,1,1,False,positive_evidence
KDVPP,5,True,AI4ACEIP_positive,1,2,False,positive_evidence
KDYRL,5,True,AHTPDB,1,5,True,positive_evidence
KE,2,True,AHTPDB;BIOPEP_UWM_2026_export,2,9,False,positive_evidence
KEDDEEEEQGEEE,13,True,AI4ACEIP_positive;BIOPEP_UWM_2026_export;BIOPEP_previous,3,3,True,positive_evidence
KEDVPSE,7,True,BIOPEP_UWM_2026_export;BIOPEP_previous,2,2,False,positive_evidence
KEGGLGPL,8,True,BIOPEP_UWM_2026_export;BIOPEP_previous,2,2,False,positive_evidence
KEIW,4,True,AHTPDB,1,1,False,positive_evidence
KELPPSDADW,10,True,AI4ACEIP_positive,1,1,False,positive_evidence
KENMLDK,7,True,AI4ACEIP_positive,1,1,False,positive_evidence
KENPVLSLVNGMF,13,True,AI4ACEIP_positive,1,1,False,positive_evidence
KF,2,True,AHTPDB;BIOPEP_UWM_2026_export,2,19,True,positive_evidence
KFAR,4,True,AHTPDB,1,1,True,positive_evidence
KFAWPQ,6,True,AHTPDB;AI4ACEIP_positive,2,3,True,positive_evidence
KFAYPQ,6,True,AHTPDB,1,1,False,positive_evidence
KFHSGIQSEPKAIP,14,True,AHTPDB;BIOPEP_UWM_2026_export;BIOPEP_previous,3,3,True,positive_evidence
KFPQY,5,True,BIOPEP_UWM_2026_export;BIOPEP_previous,2,2,True,positive_evidence
KFY,3,True,AHTPDB;BIOPEP_UWM_2026_export,2,2,True,positive_evidence
KFYG,4,True,AHTPDB;BIOPEP_UWM_2026_export,2,9,True,positive_evidence
KG,2,True,AHTPDB;BIOPEP_UWM_2026_export,2,13,True,positive_evidence
KGLWE,5,True,AI4ACEIP_positive,1,2,False,positive_evidence
KGP,3,True,BIOPEP_UWM_2026_export,1,1,False,positive_evidence
KGYGGVSL,8,True,AHTPDB;BIOPEP_UWM_2026_export;BIOPEP_previous,3,3,True,positive_evidence
KGYGGVSLPEW,11,True,AHTPDB;BIOPEP_UWM_2026_export;BIOPEP_previous,3,4,True,positive_evidence
KHIQKEDVPSER,12,True,AHTPDB,1,1,False,positive_evidence
KHLPLP,6,True,AHTPDB,1,1,False,positive_evidence
KIEL,4,True,AHTPDB,1,1,True,positive_evidence
KIHPFAQAQ,9,True,AHTPDB;AI4ACEIP_positive,2,2,True,positive_evidence
KIHPFAQT,8,True,BIOPEP_UWM_2026_export;BIOPEP_previous,2,2,False,positive_evidence
KIHPFAQTQSLVYP,14,True,AHTPDB;BIOPEP_UWM_2026_export;BIOPEP_previous,3,6,True,positive_evidence
KIIIYN,6,True,AI4ACEIP_positive,1,2,False,positive_evidence
KILIYG,6,True,AI4ACEIP_positive,1,2,False,positive_evidence
KIMKGE,6,True,BIOPEP_UWM_2026_export;BIOPEP_previous,2,2,False,positive_evidence
KIPAWF,6,True,AI4ACEIP_positive,1,1,False,positive_evidence
KIYPSFQPQPLIYP,14,True,AHTPDB;BIOPEP_UWM_2026_export;BIOPEP_previous,3,5,True,positive_evidence
KK,2,True,BIOPEP_UWM_2026_export,1,1,False,positive_evidence
KKIATYQER,9,True,AHTPDB;BIOPEP_UWM_2026_export;BIOPEP_previous,3,4,True,positive_evidence
KKK,3,True,BIOPEP_UWM_2026_export,1,1,False,positive_evidence
KKRSKKKSFG,10,True,AI4ACEIP_positive,1,1,False,positive_evidence
KKY,3,True,AHTPDB,1,1,False,positive_evidence
KKYKVPQ,7,True,BIOPEP_UWM_2026_export;BIOPEP_previous,2,2,True,positive_evidence
KKYMVPQL,8,True,AHTPDB,1,1,True,positive_evidence
KKYNVPQ,7,True,AHTPDB,1,1,False,positive_evidence
KKYNVPQL,8,True,AHTPDB;AI4ACEIP_positive,2,6,True,positive_evidence
KL,2,True,AHTPDB;BIOPEP_UWM_2026_export,2,10,True,positive_evidence
KLGKFF,6,True,BIOPEP_UWM_2026_export,1,1,False,positive_evidence
KLKFV,5,True,AHTPDB,1,1,True,positive_evidence
KLLLRRLQ,8,True,AI4ACEIP_positive;BIOPEP_UWM_2026_export;BIOPEP_previous,3,3,False,positive_evidence
KLP,3,True,AHTPDB;BIOPEP_UWM_2026_export,2,5,True,positive_evidence
KLPAGTLF,8,True,AHTPDB,1,4,True,positive_evidence
KLPGF,5,True,AI4ACEIP_positive,1,1,False,positive_evidence
KLYMRP,6,True,AI4ACEIP_positive;BIOPEP_UWM_2026_export;BIOPEP_previous,3,3,True,positive_evidence
KNGDGY,6,True,AI4ACEIP_positive;BIOPEP_UWM_2026_export;BIOPEP_previous,3,3,True,positive_evidence
KNTMEHVSSSEESIISQETYKQEKNMAINPSK,32,True,AI4ACEIP_positive,1,1,False,positive_evidence
KP,2,True,AHTPDB;BIOPEP_UWM_2026_export,2,20,True,positive_evidence
KPF,3,True,AHTPDB,1,3,False,positive_evidence
KPGRP,5,True,AI4ACEIP_positive;BIOPEP_UWM_2026_export;BIOPEP_previous,3,3,True,positive_evidence
KPK,3,True,AHTPDB,1,3,False,positive_evidence
KPLLCS,6,True,AI4ACEIP_positive,1,1,False,positive_evidence
KPPETV,6,True,AHTPDB;AI4ACEIP_positive;BIOPEP_UWM_2026_export;BIOPEP_previous,4,6,True,positive_evidence
KPTPEGDL,8,True,BIOPEP_UWM_2026_export;BIOPEP_previous,2,2,False,positive_evidence
KPVAAP,6,True,AI4ACEIP_positive;BIOPEP_UWM_2026_export;BIOPEP_previous,3,3,True,positive_evidence
KPVAL,5,True,AHTPDB,1,1,False,positive_evidence
KQMK,4,True,AHTPDB,1,1,False,positive_evidence
KR,2,True,AHTPDB;BIOPEP_UWM_2026_export,2,5,True,positive_evidence
KRNKNNIA,8,True,BIOPEP_UWM_2026_export;BIOPEP_previous,2,2,False,positive_evidence
KRQKYDI,7,True,AHTPDB;AI4ACEIP_positive;BIOPEP_UWM_2026_export;BIOPEP_previous,4,8,True,positive_evidence
KRRPPTT,7,True,AI4ACEIP_positive,1,1,False,positive_evidence
KRVIQY,6,True,AHTPDB;AI4ACEIP_positive,2,5,True,positive_evidence
KTAP,4,True,AHTPDB,1,3,True,positive_evidence
KVAGPK,6,True,AHTPDB;AI4ACEIP_positive,2,2,True,positive_evidence
KVEGDLK,7,True,BIOPEP_UWM_2026_export;BIOPEP_previous,2,2,True,positive_evidence
KVGTKCCAKP,10,True,AHTPDB,1,1,True,positive_evidence
KVHSSIQSQPQAFT,14,True,AHTPDB;BIOPEP_UWM_2026_export;BIOPEP_previous,3,3,True,positive_evidence
KVLAGM,6,True,AHTPDB;AI4ACEIP_positive;BIOPEP_UWM_2026_export;BIOPEP_previous,4,4,True,positive_evidence
KVLILA,6,True,AHTPDB;AI4ACEIP_positive;BIOPEP_UWM_2026_export;BIOPEP_previous,4,5,True,positive_evidence
KVLPG,5,True,AI4ACEIP_positive;BIOPEP_UWM_2026_export;BIOPEP_previous,3,3,True,positive_evidence
KVLPLP,6,True,AHTPDB,1,1,True,positive_evidence
KVLPVP,6,True,AHTPDB;AI4ACEIP_positive;BIOPEP_UWM_2026_export;BIOPEP_previous,4,16,True,positive_evidence
KVLPVPE,7,True,AHTPDB,1,2,False,positive_evidence
KVLPVPQ,7,True,AHTPDB;BIOPEP_UWM_2026_export;BIOPEP_previous,3,15,True,positive_evidence
KVLPVQ,6,True,AHTPDB,1,1,True,positive_evidence
KVPPKA,6,True,AI4ACEIP_positive,1,1,False,positive_evidence
KVREEY,6,True,AHTPDB,1,1,True,positive_evidence
KVREGGY,7,True,AHTPDB,1,1,False,positive_evidence
KVREGT,6,True,AHTPDB;AI4ACEIP_positive;BIOPEP_UWM_2026_export;BIOPEP_previous,4,6,True,positive_evidence
KVREGTTY,8,True,AHTPDB;AI4ACEIP_positive;BIOPEP_UWM_2026_export;BIOPEP_previous,4,6,True,positive_evidence
KVYPFPGPIPNSLPQNIPP,19,True,AHTPDB,1,1,False,positive_evidence
KW,2,True,AHTPDB;BIOPEP_UWM_2026_export,2,16,True,positive_evidence
KWEKPF,6,True,BIOPEP_UWM_2026_export;BIOPEP_previous,2,2,False,positive_evidence
KWL,3,True,AHTPDB,1,1,True,positive_evidence
KWLP,4,True,AHTPDB,1,1,True,positive_evidence
KY,2,True,AHTPDB;BIOPEP_UWM_2026_export,2,16,True,positive_evidence
KYIPIQ,6,True,BIOPEP_UWM_2026_export;BIOPEP_previous,2,2,True,positive_evidence
KYP,3,True,AHTPDB,1,1,False,positive_evidence
KYPVEPFTESQSLTL,15,True,AHTPDB,1,1,True,positive_evidence
KYPVEPFTESQSLTLTDVENLHL,23,True,AHTPDB,1,1,False,positive_evidence
KYPVQPFTESQSLTL,15,True,AHTPDB,1,5,True,positive_evidence
KYY,3,True,AHTPDB;BIOPEP_UWM_2026_export,2,3,True,positive_evidence
LA,2,True,AHTPDB;BIOPEP_UWM_2026_export,2,13,True,positive_evidence
LAA,3,True,AHTPDB;BIOPEP_UWM_2026_export,2,8,True,positive_evidence
LADGVAAPA,9,True,AI4ACEIP_positive,1,1,False,positive_evidence
LAGKPQQEHSGEHQ,14,True,AI4ACEIP_positive,1,1,False,positive_evidence
LAGNPAGR,8,True,AI4ACEIP_positive,1,1,False,positive_evidence
LAHKAL,6,True,AHTPDB;AI4ACEIP_positive;BIOPEP_UWM_2026_export;BIOPEP_previous,4,10,True,positive_evidence
LAHMIVAGA,9,True,AI4ACEIP_positive,1,1,False,positive_evidence
LAIPVNKP,8,True,AHTPDB,1,1,True,positive_evidence
LALAPTN,7,True,AI4ACEIP_positive,1,1,False,positive_evidence
LALPA,5,True,AI4ACEIP_positive;BIOPEP_UWM_2026_export;BIOPEP_previous,3,4,False,positive_evidence
LALPP,5,True,AHTPDB;AI4ACEIP_positive;BIOPEP_UWM_2026_export;BIOPEP_previous,4,8,True,positive_evidence
LALSAPVP,8,True,AI4ACEIP_positive,1,1,False,positive_evidence
LAMA,4,True,AHTPDB;BIOPEP_UWM_2026_export,2,7,True,positive_evidence
LANAK,5,True,AI4ACEIP_positive,1,1,False,positive_evidence
LANVST,6,True,AHTPDB,1,1,False,positive_evidence
LAP,3,True,AHTPDB;BIOPEP_UWM_2026_export,2,9,True,positive_evidence
LAPGGDMD,8,True,AI4ACEIP_positive,1,1,False,positive_evidence
LAPPG,5,True,AI4ACEIP_positive;BIOPEP_UWM_2026_export;BIOPEP_previous,3,4,False,positive_evidence
LAPPTM,6,True,AI4ACEIP_positive,1,1,False,positive_evidence
LAPSLPGKPKPD,12,True,AI4ACEIP_positive;BIOPEP_UWM_2026_export;BIOPEP_previous,3,3,True,positive_evidence
LAPSTIK,7,True,BIOPEP_UWM_2026_export;BIOPEP_previous,2,2,True,positive_evidence
LAPYK,5,True,BIOPEP_UWM_2026_export;BIOPEP_previous,2,2,True,positive_evidence
LAQ,3,True,AHTPDB,1,1,False,positive_evidence
LASPTM,6,True,AI4ACEIP_positive;BIOPEP_UWM_2026_export;BIOPEP_previous,3,3,True,positive_evidence
LAY,3,True,AHTPDB;BIOPEP_UWM_2026_export,2,10,True,positive_evidence
LAYFYP,6,True,AHTPDB;AI4ACEIP_positive;BIOPEP_UWM_2026_export;BIOPEP_previous,4,7,True,positive_evidence
LAYFYPEL,8,True,AHTPDB,1,1,False,positive_evidence
LCNGS,5,True,AHTPDB,1,1,False,positive_evidence
LD,2,True,AHTPDB,1,1,False,positive_evidence
LDAQSAPLR,9,True,AHTPDB;BIOPEP_UWM_2026_export;BIOPEP_previous,3,8,True,positive_evidence
LDIQK,5,True,AHTPDB;AI4ACEIP_positive;BIOPEP_UWM_2026_export;BIOPEP_previous,4,6,True,positive_evidence
LDL,3,True,AHTPDB,1,3,False,positive_evidence
LDSGDGVTH,9,True,AI4ACEIP_positive,1,1,False,positive_evidence
LDSPSEGRAPGAD,13,True,AI4ACEIP_positive,1,1,False,positive_evidence
LDY,3,True,BIOPEP_UWM_2026_export,1,1,False,positive_evidence
LE,2,True,AHTPDB,1,1,False,positive_evidence
LEE,3,True,AHTPDB;BIOPEP_UWM_2026_export,2,3,False,positive_evidence
LEEAF,5,True,AI4ACEIP_positive;BIOPEP_UWM_2026_export;BIOPEP_previous,3,4,False,positive_evidence
LEEFCC,6,True,AI4ACEIP_positive,1,2,False,positive_evidence
LEF,3,True,AHTPDB;BIOPEP_UWM_2026_export,2,3,False,positive_evidence
LEFNQ,5,True,AHTPDB,1,1,False,positive_evidence
LEFTSSY,7,True,AI4ACEIP_positive,1,1,False,positive_evidence
LEGGDALSASQ,11,True,AI4ACEIP_positive,1,1,False,positive_evidence
LEIAKNGLSTTSNPKR,16,True,AHTPDB,1,1,False,positive_evidence
LEIVPK,6,True,AHTPDB;AI4ACEIP_positive,2,5,False,positive_evidence
LEK,3,True,AHTPDB;BIOPEP_UWM_2026_export,2,3,True,positive_evidence
LEKTG,5,True,AHTPDB,1,1,False,positive_evidence
LEL,3,True,AHTPDB,1,3,False,positive_evidence
LELNQ,5,True,AHTPDB,1,1,False,positive_evidence
LENLHLP,7,True,AHTPDB,1,2,False,positive_evidence
LENLHLPLP,9,True,AHTPDB;AI4ACEIP_positive;BIOPEP_UWM_2026_export;BIOPEP_previous,4,6,True,positive_evidence
LEP,3,True,AHTPDB,1,5,False,positive_evidence
LEPINF,6,True,AI4ACEIP_positive,1,1,False,positive_evidence
LEPP,4,True,AHTPDB;BIOPEP_UWM_2026_export,2,2,False,positive_evidence
LEQL,4,True,AHTPDB,1,1,False,positive_evidence
LEY,3,True,AHTPDB,1,2,False,positive_evidence
LF,2,True,AHTPDB;BIOPEP_UWM_2026_export,2,22,True,positive_evidence
LFDKPVSPL,9,True,AHTPDB,1,1,False,positive_evidence
LFLIKH,6,True,BIOPEP_UWM_2026_export;BIOPEP_previous,2,2,True,positive_evidence
LFLR,4,True,BIOPEP_UWM_2026_export,1,1,False,positive_evidence
LFR,3,True,BIOPEP_UWM_2026_export,1,1,False,positive_evidence
LFRQ,4,True,AHTPDB;BIOPEP_UWM_2026_export,2,2,True,positive_evidence
LFSGGES,7,True,AI4ACEIP_positive;BIOPEP_UWM_2026_export;BIOPEP_previous,3,3,False,positive_evidence
LFVAAP,6,True,AI4ACEIP_positive;BIOPEP_UWM_2026_export;BIOPEP_previous,3,3,True,positive_evidence
LG,2,True,AHTPDB;BIOPEP_UWM_2026_export,2,20,True,positive_evidence
LGALPF,6,True,AI4ACEIP_positive,1,1,False,positive_evidence
LGAVPPRY,8,True,BIOPEP_UWM_2026_export;BIOPEP_previous,2,2,True,positive_evidence
LGDARNSPAPP,11,True,BIOPEP_UWM_2026_export;BIOPEP_previous,2,2,True,positive_evidence
LGECGGR,7,True,AI4ACEIP_positive;BIOPEP_UWM_2026_export;BIOPEP_previous,3,3,True,positive_evidence
LGF,3,True,BIOPEP_UWM_2026_export,1,1,False,positive_evidence
LGFPTTKTYFPHF,13,True,AHTPDB,1,3,True,positive_evidence
LGG,3,True,AHTPDB,1,3,False,positive_evidence
LGGC,4,True,AHTPDB,1,1,False,positive_evidence
LGGIWHL,7,True,AI4ACEIP_positive,1,1,False,positive_evidence
LGHWVY,6,True,BIOPEP_UWM_2026_export;BIOPEP_previous,2,2,True,positive_evidence
LGI,3,True,AHTPDB;BIOPEP_UWM_2026_export,2,4,True,positive_evidence
LGL,3,True,AHTPDB,1,3,False,positive_evidence
LGP,3,True,AHTPDB;BIOPEP_UWM_2026_export,2,5,True,positive_evidence
LGPLGHQ,7,True,AHTPDB;AI4ACEIP_positive;BIOPEP_UWM_2026_export;BIOPEP_previous,4,4,True,positive_evidence
LGPVRGPFP,9,True,BIOPEP_UWM_2026_export;BIOPEP_previous,2,2,False,positive_evidence
LGPVRGPFPI,10,True,AHTPDB,1,1,False,positive_evidence
LGQTPTK,7,True,AHTPDB,1,1,False,positive_evidence
LGTQY,5,True,AHTPDB,1,1,False,positive_evidence
LGTQYTDAPSFSDIPNPIGSENSEK,25,True,AHTPDB,1,1,False,positive_evidence
LGV,3,True,BIOPEP_UWM_2026_export,1,1,False,positive_evidence
LGY,3,True,BIOPEP_UWM_2026_export,1,1,False,positive_evidence
LGYL,4,True,AHTPDB,1,1,False,positive_evidence
LHEPG,5,True,AHTPDB,1,1,False,positive_evidence
LHGPYP,6,True,AHTPDB,1,1,True,positive_evidence
LHLP,4,True,AHTPDB;BIOPEP_UWM_2026_export,2,9,True,positive_evidence
LHLPAP,6,True,AHTPDB,1,3,True,positive_evidence
LHLPGP,6,True,AHTPDB,1,2,True,positive_evidence
LHLPLL,6,True,AHTPDB,1,2,True,positive_evidence
LHLPLP,6,True,AHTPDB;AI4ACEIP_positive;BIOPEP_UWM_2026_export;BIOPEP_previous,4,23,True,positive_evidence
LHLPLPL,7,True,AHTPDB;BIOPEP_UWM_2026_export;BIOPEP_previous,3,11,True,positive_evidence
LHLPLPLL,8,True,AHTPDB,1,2,False,positive_evidence
LHLPLR,6,True,AHTPDB,1,1,True,positive_evidence
LHLPS,5,True,AHTPDB,1,1,False,positive_evidence
LHLPYP,6,True,AHTPDB,1,2,True,positive_evidence
LHLWLP,6,True,AHTPDB,1,2,True,positive_evidence
LHLYLP,6,True,AHTPDB,1,2,True,positive_evidence
LHMFK,5,True,AI4ACEIP_positive,1,1,False,positive_evidence
LHP,3,True,AHTPDB,1,7,True,positive_evidence
LHPGDAQR,8,True,AI4ACEIP_positive;BIOPEP_UWM_2026_export;BIOPEP_previous,3,3,True,positive_evidence
LHREN,5,True,AHTPDB,1,1,False,positive_evidence
LHSMKEG,7,True,AHTPDB,1,1,False,positive_evidence
LHWPR,5,True,BIOPEP_UWM_2026_export,1,1,False,positive_evidence
LI,2,True,AHTPDB,1,1,False,positive_evidence
LIDKVVK,7,True,AI4ACEIP_positive,1,1,False,positive_evidence
LIIPEH,6,True,BIOPEP_UWM_2026_export;BIOPEP_previous,2,2,False,positive_evidence
LIIPQH,6,True,BIOPEP_UWM_2026_export;BIOPEP_previous,2,2,False,positive_evidence
LIPPGVPY,8,True,AHTPDB,1,2,True,positive_evidence
LIQP,4,True,AHTPDB,1,1,False,positive_evidence
LIVGFPAYGH,10,True,BIOPEP_UWM_2026_export;BIOPEP_previous,2,3,True,positive_evidence
LIVTQ,5,True,AI4ACEIP_positive;BIOPEP_UWM_2026_export;BIOPEP_previous,3,3,True,positive_evidence
LIWKL,5,True,AHTPDB;AI4ACEIP_positive;BIOPEP_UWM_2026_export;BIOPEP_previous,4,6,True,positive_evidence
LIY,3,True,AHTPDB;BIOPEP_UWM_2026_export,2,6,True,positive_evidence
LIYP,4,True,AHTPDB;BIOPEP_UWM_2026_export,2,8,True,positive_evidence
LKA,3,True,AHTPDB;BIOPEP_UWM_2026_export,2,9,True,positive_evidence
LKC,3,True,AHTPDB,1,1,False,positive_evidence
LKD,3,True,AHTPDB,1,1,False,positive_evidence
LKDAQ,5,True,AHTPDB,1,1,False,positive_evidence
LKDTQ,5,True,AHTPDB,1,1,False,positive_evidence
LKELQ,5,True,AHTPDB,1,1,False,positive_evidence
LKGYGGVSLPEW,12,True,AHTPDB;AI4ACEIP_positive,2,2,True,positive_evidence
LKIPLY,6,True,BIOPEP_UWM_2026_export;BIOPEP_previous,2,2,True,positive_evidence
LKIPVA,6,True,BIOPEP_UWM_2026_export;BIOPEP_previous,2,2,True,positive_evidence
LKISQ,5,True,BIOPEP_UWM_2026_export;BIOPEP_previous,2,2,True,positive_evidence
LKKISQ,6,True,AHTPDB;AI4ACEIP_positive;BIOPEP_UWM_2026_export;BIOPEP_previous,4,6,True,positive_evidence
LKKYKVPQ,8,True,AHTPDB,1,1,False,positive_evidence
LKL,3,True,AHTPDB;BIOPEP_UWM_2026_export,2,4,True,positive_evidence
LKLP,4,True,BIOPEP_UWM_2026_export,1,1,False,positive_evidence
LKN,3,True,AHTPDB,1,2,False,positive_evidence
LKP,3,True,AHTPDB;BIOPEP_UWM_2026_export,2,34,True,positive_evidence
LKPDM,5,True,AHTPDB,1,1,True,positive_evidence
LKPI,4,True,AHTPDB,1,1,False,positive_evidence
LKPMN,5,True,AHTPDB,1,2,True,positive_evidence
LKPNM,5,True,AHTPDB;AI4ACEIP_positive;BIOPEP_UWM_2026_export;BIOPEP_previous,4,18,True,positive_evidence
LKPTPEGN,8,True,AHTPDB;AI4ACEIP_positive,2,3,True,positive_evidence
LKPTPQGN,8,True,AHTPDB,1,1,False,positive_evidence
LKSQQ,5,True,AHTPDB,1,1,False,positive_evidence
LKVGVKQY,8,True,AHTPDB;AI4ACEIP_positive;BIOPEP_UWM_2026_export;BIOPEP_previous,4,4,True,positive_evidence
LKY,3,True,AHTPDB,1,9,True,positive_evidence
LKYAT,5,True,BIOPEP_UWM_2026_export;BIOPEP_previous,2,2,True,positive_evidence
LKYPI,5,True,AI4ACEIP_positive;BIOPEP_UWM_2026_export;BIOPEP_previous,3,3,True,positive_evidence
LL,2,True,AHTPDB,1,2,False,positive_evidence
LLDPR,5,True,BIOPEP_UWM_2026_export;BIOPEP_previous,2,2,True,positive_evidence
LLF,3,True,AHTPDB;BIOPEP_UWM_2026_export,2,16,True,positive_evidence
LLG,3,True,AHTPDB,1,3,False,positive_evidence
LLGAVASMGALLCAP,15,True,AI4ACEIP_positive,1,1,False,positive_evidence
LLHSPP,6,True,AI4ACEIP_positive;BIOPEP_UWM_2026_export;BIOPEP_previous,3,3,True,positive_evidence
LLL,3,True,AHTPDB,1,3,False,positive_evidence
LLLAHLL,7,True,AHTPDB,1,1,True,positive_evidence
LLLLR,5,True,AI4ACEIP_positive,1,1,False,positive_evidence
LLMLDNDLPP,10,True,AHTPDB,1,4,True,positive_evidence
LLMPK,5,True,AI4ACEIP_positive;BIOPEP_UWM_2026_export;BIOPEP_previous,3,3,True,positive_evidence
LLNP,4,True,AHTPDB,1,2,False,positive_evidence
LLNPPHQIYP,10,True,AHTPDB;AI4ACEIP_positive;BIOPEP_UWM_2026_export;BIOPEP_previous,4,6,True,positive_evidence
LLNPT,5,True,AI4ACEIP_positive,1,2,False,positive_evidence
LLP,3,True,AHTPDB;BIOPEP_UWM_2026_export,2,12,True,positive_evidence
LLPPY,5,True,AHTPDB,1,1,False,positive_evidence
LLPSY,5,True,AI4ACEIP_positive;BIOPEP_UWM_2026_export;BIOPEP_previous,3,3,False,positive_evidence
LLQSW,5,True,AHTPDB,1,1,False,positive_evidence
LLR,3,True,AHTPDB,1,1,False,positive_evidence
LLRF,4,True,AHTPDB,1,1,False,positive_evidence
LLRH,4,True,BIOPEP_UWM_2026_export,1,1,False,positive_evidence
LLRP,4,True,BIOPEP_UWM_2026_export,1,1,False,positive_evidence
LLSQTPRY,8,True,BIOPEP_UWM_2026_export;BIOPEP_previous,2,2,True,positive_evidence
LLVTLKK,7,True,AI4ACEIP_positive,1,1,False,positive_evidence
LLY,3,True,BIOPEP_UWM_2026_export,1,1,False,positive_evidence
LLYQEP,6,True,AHTPDB,1,1,False,positive_evidence
LLYQEPVLGPVRGPFPIIV,19,True,AHTPDB;AI4ACEIP_positive;BIOPEP_UWM_2026_export,3,3,True,positive_evidence
LLYQQPV,7,True,AHTPDB;AI4ACEIP_positive;BIOPEP_UWM_2026_export;BIOPEP_previous,4,6,True,positive_evidence
LLYQQPVLGPVRGPFPIIV,19,True,AHTPDB,1,5,False,positive_evidence
LMGP,4,True,BIOPEP_UWM_2026_export,1,1,False,positive_evidence
LMP,3,True,BIOPEP_UWM_2026_export,1,1,False,positive_evidence
LMRPPM,6,True,AI4ACEIP_positive,1,1,False,positive_evidence
LMSPH,5,True,AI4ACEIP_positive;BIOPEP_UWM_2026_export;BIOPEP_previous,3,3,False,positive_evidence
LN,2,True,AHTPDB;BIOPEP_UWM_2026_export,2,11,False,positive_evidence
LNECQ,5,True,AHTPDB,1,1,False,positive_evidence
LNENLLRFFVAPFPEVFG,18,True,AHTPDB;AI4ACEIP_positive,2,2,True,positive_evidence
LNF,3,True,AHTPDB;BIOPEP_UWM_2026_export,2,2,False,positive_evidence
LNLQDF,6,True,AI4ACEIP_positive,1,1,False,positive_evidence
LNLQDFR,7,True,AI4ACEIP_positive,1,1,False,positive_evidence
LNNSRAP,7,True,AHTPDB;AI4ACEIP_positive;BIOPEP_UWM_2026_export;BIOPEP_previous,4,5,True,positive_evidence
LNP,3,True,AHTPDB;BIOPEP_UWM_2026_export,2,11,True,positive_evidence
LNPA,4,True,AHTPDB;BIOPEP_UWM_2026_export,2,4,True,positive_evidence
LNPGAGLPRGPNGADTF,17,True,AI4ACEIP_positive,1,1,False,positive_evidence
LNPPHQIYP,9,True,AHTPDB;BIOPEP_UWM_2026_export;BIOPEP_previous,3,5,True,positive_evidence
LNQ,3,True,AHTPDB,1,1,False,positive_evidence
LNSLT,5,True,AI4ACEIP_positive,1,1,False,positive_evidence
LNSPAY,6,True,AHTPDB,1,1,False,positive_evidence
LNVPGE,6,True,AHTPDB,1,1,False,positive_evidence
LNVPGEIVE,9,True,AHTPDB;BIOPEP_UWM_2026_export;BIOPEP_previous,3,8,True,positive_evidence
LNVVGETVE,9,True,AHTPDB;AI4ACEIP_positive,2,2,False,positive_evidence
LNY,3,True,AHTPDB;BIOPEP_UWM_2026_export,2,3,True,positive_evidence
LP,2,True,AHTPDB;BIOPEP_UWM_2026_export,2,2,False,positive_evidence
LPAGA,5,True,AI4ACEIP_positive;BIOPEP_UWM_2026_export;BIOPEP_previous,3,3,False,positive_evidence
LPAGV,5,True,AI4ACEIP_positive;BIOPEP_UWM_2026_export;BIOPEP_previous,3,4,False,positive_evidence
LPESVHLDK,9,True,AI4ACEIP_positive,1,1,False,positive_evidence
LPF,3,True,AHTPDB;BIOPEP_UWM_2026_export,2,4,True,positive_evidence
LPFL,4,True,BIOPEP_UWM_2026_export,1,1,False,positive_evidence
LPG,3,True,AHTPDB;BIOPEP_UWM_2026_export,2,5,True,positive_evidence
LPGRPPIKPWPL,12,True,AI4ACEIP_positive,1,1,False,positive_evidence
LPHF,4,True,AHTPDB,1,3,True,positive_evidence
LPILR,5,True,AI4ACEIP_positive;BIOPEP_UWM_2026_export;BIOPEP_previous,3,3,True,positive_evidence
LPK,3,True,BIOPEP_UWM_2026_export,1,1,False,positive_evidence
LPL,3,True,BIOPEP_UWM_2026_export,1,1,False,positive_evidence
LPLP,4,True,AHTPDB;BIOPEP_UWM_2026_export,2,10,True,positive_evidence
LPLPLL,6,True,BIOPEP_UWM_2026_export;BIOPEP_previous,2,2,True,positive_evidence
LPMHIR,6,True,AI4ACEIP_positive,1,1,False,positive_evidence
LPN,3,True,AHTPDB,1,1,False,positive_evidence
LPP,3,True,AHTPDB;BIOPEP_UWM_2026_export,2,15,True,positive_evidence
LPPGPFP,7,True,BIOPEP_UWM_2026_export;BIOPEP_previous,2,2,False,positive_evidence
LPPP,4,True,AHTPDB,1,1,False,positive_evidence
LPPPVH,6,True,AHTPDB;AI4ACEIP_positive,2,3,False,positive_evidence
LPQNILP,7,True,AHTPDB;AI4ACEIP_positive;BIOPEP_UWM_2026_export;BIOPEP_previous,4,6,True,positive_evidence
LPQNIPPL,8,True,AHTPDB,1,1,False,positive_evidence
LPQNIPPLTQTPVVVPPFLQPEVMGVSK,28,True,AHTPDB,1,3,False,positive_evidence
LPQYLKTVYQHQKA,14,True,AHTPDB,1,1,False,positive_evidence
LPWFDGM,7,True,AI4ACEIP_positive,1,1,False,positive_evidence
LPWRPATNVF,10,True,AI4ACEIP_positive,1,1,False,positive_evidence
LPYP,4,True,BIOPEP_UWM_2026_export,1,1,False,positive_evidence
LPYPY,5,True,AHTPDB;AI4ACEIP_positive;BIOPEP_UWM_2026_export;BIOPEP_previous,4,9,True,positive_evidence
LPYPYY,6,True,AHTPDB,1,1,False,positive_evidence
LPYY,4,True,BIOPEP_UWM_2026_export,1,1,False,positive_evidence
LQ,2,True,AHTPDB;BIOPEP_UWM_2026_export,2,11,False,positive_evidence
LQC,3,True,AHTPDB,1,1,False,positive_evidence
LQDKIHP,7,True,AHTPDB,1,1,False,positive_evidence
LQEDG,5,True,AHTPDB,1,1,False,positive_evidence
LQFCCY,6,True,AI4ACEIP_positive,1,1,False,positive_evidence
LQKW,4,True,AHTPDB;BIOPEP_UWM_2026_export,2,12,True,positive_evidence
LQKY,4,True,AHTPDB,1,1,True,positive_evidence
LQL,3,True,BIOPEP_UWM_2026_export,1,1,False,positive_evidence
LQP,3,True,AHTPDB;BIOPEP_UWM_2026_export,2,26,True,positive_evidence
LQPEVMG,7,True,AHTPDB,1,1,False,positive_evidence
LQPEVMGVSK,10,True,AHTPDB,1,1,False,positive_evidence
LQPGS,5,True,AHTPDB,1,1,False,positive_evidence
LQPHQ,5,True,AHTPDB,1,1,False,positive_evidence
LQPSS,5,True,AHTPDB,1,1,False,positive_evidence
LQQ,3,True,AHTPDB;BIOPEP_UWM_2026_export,2,11,True,positive_evidence
LQQGG,5,True,AHTPDB,1,1,True,positive_evidence
LQQQ,4,True,AHTPDB,1,1,False,positive_evidence
LQQQP,5,True,AHTPDB,1,1,False,positive_evidence
LQQQQ,5,True,AHTPDB,1,1,False,positive_evidence
LQSW,4,True,AHTPDB;BIOPEP_UWM_2026_export,2,10,True,positive_evidence
LQY,3,True,AHTPDB,1,2,False,positive_evidence
LQYIR,5,True,AI4ACEIP_positive,1,2,False,positive_evidence
LR,2,True,BIOPEP_UWM_2026_export,1,1,False,positive_evidence
LRC,3,True,AHTPDB,1,1,False,positive_evidence
LRCGG,5,True,AHTPDB,1,1,False,positive_evidence
LRCNG,5,True,AHTPDB,1,1,True,positive_evidence
LRENNKLMLLELK,13,True,AI4ACEIP_positive;BIOPEP_UWM_2026_export;BIOPEP_previous,3,3,False,positive_evidence
LRF,3,True,AHTPDB,1,1,False,positive_evidence
LRFF,4,True,BIOPEP_UWM_2026_export,1,1,False,positive_evidence
LRIPVA,6,True,AHTPDB;AI4ACEIP_positive,2,7,True,positive_evidence
LRKGNLE,7,True,AI4ACEIP_positive,1,1,False,positive_evidence
LRKKQ,5,True,AHTPDB,1,1,True,positive_evidence
LRM,3,True,BIOPEP_UWM_2026_export,1,1,False,positive_evidence
LRN,3,True,AHTPDB,1,1,False,positive_evidence
LRP,3,True,AHTPDB;BIOPEP_UWM_2026_export,2,25,True,positive_evidence
LRPVAA,6,True,AHTPDB,1,1,True,positive_evidence
LRQRQ,5,True,AHTPDB,1,1,False,positive_evidence
LRQSQ,5,True,AHTPDB,1,1,False,positive_evidence
LRRGQ,5,True,AHTPDB,1,1,False,positive_evidence
LRRQQ,5,True,AHTPDB,1,1,False,positive_evidence
LRW,3,True,AHTPDB;BIOPEP_UWM_2026_export,2,3,True,positive_evidence
LRY,3,True,AHTPDB;BIOPEP_UWM_2026_export,2,4,True,positive_evidence
LSA,3,True,AHTPDB,1,5,True,positive_evidence
LSAGGVGL,8,True,AI4ACEIP_positive,1,1,False,positive_evidence
LSERRMLLRKEKQAQ,15,True,AI4ACEIP_positive;BIOPEP_UWM_2026_export;BIOPEP_previous,3,3,False,positive_evidence
LSGNK,5,True,AI4ACEIP_positive,1,2,False,positive_evidence
LSKDIGSESTEDQAMED,17,True,AHTPDB,1,1,False,positive_evidence
LSLP,4,True,AHTPDB,1,1,False,positive_evidence
LSMGASLSP,9,True,AI4ACEIP_positive,1,1,False,positive_evidence
LSMGSASLSP,10,True,AHTPDB;AI4ACEIP_positive;BIOPEP_UWM_2026_export;BIOPEP_previous,4,4,True,positive_evidence
LSNGK,5,True,BIOPEP_UWM_2026_export;BIOPEP_previous,2,2,True,positive_evidence
LSP,3,True,AHTPDB;BIOPEP_UWM_2026_export,2,15,True,positive_evidence
LSPA,4,True,AHTPDB;BIOPEP_UWM_2026_export,2,4,True,positive_evidence
LSPQSY,6,True,AHTPDB,1,1,False,positive_evidence
LSPY,4,True,AHTPDB,1,2,False,positive_evidence
LSQSKVLPVPQK,12,True,AHTPDB,1,1,False,positive_evidence
LSRGQ,5,True,AHTPDB,1,1,False,positive_evidence
LSSGDVF,7,True,AI4ACEIP_positive;BIOPEP_UWM_2026_export;BIOPEP_previous,3,3,False,positive_evidence
LSSLEMGSLGALFVCM,16,True,AI4ACEIP_positive;BIOPEP_UWM_2026_export,2,2,False,positive_evidence
LSSSEESITRINKKIEKFQSEEQQQYEDELQDKIHPFAQTQSLVYPFPGPIPNSLPQNIPPLTQTPVVVPPFLQPEVMGVSK,82,True,AI4ACEIP_positive,1,1,False,positive_evidence
LSSSEESTRINKKIEKFQSEEQQQYEDELQDKIHPFAQTQSLVYPFPGPI,50,True,AHTPDB,1,1,True,positive_evidence
LSW,3,True,AHTPDB;BIOPEP_UWM_2026_export,2,3,False,positive_evidence
LSYCG,5,True,AHTPDB,1,1,False,positive_evidence
LTDLENLHLP,10,True,AHTPDB;AI4ACEIP_positive,2,3,False,positive_evidence
LTDVEN,6,True,AHTPDB,1,1,False,positive_evidence
LTF,3,True,AHTPDB;BIOPEP_UWM_2026_export,2,6,True,positive_evidence
LTFPG,5,True,AI4ACEIP_positive;BIOPEP_UWM_2026_export;BIOPEP_previous,3,4,False,positive_evidence
LTGP,4,True,BIOPEP_UWM_2026_export,1,1,False,positive_evidence
LTLTDVE,7,True,AHTPDB;BIOPEP_UWM_2026_export;BIOPEP_previous,3,4,False,positive_evidence
LTLTDVEN,8,True,AHTPDB,1,1,False,positive_evidence
LTPTSN,6,True,AI4ACEIP_positive;BIOPEP_UWM_2026_export;BIOPEP_previous,3,3,False,positive_evidence
LTPVPGSPF,9,True,AI4ACEIP_positive,1,1,False,positive_evidence
LTQTPVVPP,9,True,AHTPDB,1,1,False,positive_evidence
LTQTPVVVPPF,11,True,AHTPDB;BIOPEP_UWM_2026_export;BIOPEP_previous,3,4,True,positive_evidence
LTSVLMA,7,True,BIOPEP_UWM_2026_export;BIOPEP_previous,2,2,False,positive_evidence
LTWNS,5,True,AHTPDB,1,1,False,positive_evidence
LV,2,True,AHTPDB,1,1,False,positive_evidence
LVAPAN,6,True,AI4ACEIP_positive,1,1,False,positive_evidence
LVE,3,True,AHTPDB;BIOPEP_UWM_2026_export,2,3,True,positive_evidence
LVF,3,True,BIOPEP_UWM_2026_export,1,1,False,positive_evidence
LVKF,4,True,BIOPEP_UWM_2026_export,1,1,False,positive_evidence
LVL,3,True,AHTPDB;BIOPEP_UWM_2026_export,2,10,True,positive_evidence
LVLL,4,True,BIOPEP_UWM_2026_export,1,1,False,positive_evidence
LVLPGE,6,True,BIOPEP_UWM_2026_export;BIOPEP_previous,2,2,False,positive_evidence
LVNDLVTPVFDNL,13,True,AHTPDB;AI4ACEIP_positive,2,2,True,positive_evidence
LVP,3,True,AHTPDB,1,3,True,positive_evidence
LVQ,3,True,AHTPDB;BIOPEP_UWM_2026_export,2,2,False,positive_evidence
LVQGS,5,True,AHTPDB,1,4,True,positive_evidence
LVR,3,True,AHTPDB;BIOPEP_UWM_2026_export,2,6,True,positive_evidence
LVREGTTY,8,True,AI4ACEIP_positive,1,1,False,positive_evidence
LVRT,4,True,AHTPDB;BIOPEP_UWM_2026_export,2,5,True,positive_evidence
LVRY,4,True,AHTPDB,1,1,True,positive_evidence
LVS,3,True,BIOPEP_UWM_2026_export,1,1,False,positive_evidence
LVSGM,5,True,AI4ACEIP_positive,1,1,False,positive_evidence
LVTGDDKTNLK,11,True,AI4ACEIP_positive,1,1,False,positive_evidence
LVTVM,5,True,AI4ACEIP_positive,1,1,False,positive_evidence
LVVDGEGY,8,True,AI4ACEIP_positive;BIOPEP_UWM_2026_export;BIOPEP_previous,3,3,False,positive_evidence
LVVYPW,6,True,AI4ACEIP_positive,1,2,False,positive_evidence
LVVYPWTQ,8,True,BIOPEP_UWM_2026_export;BIOPEP_previous,2,2,True,positive_evidence
LVVYPWTQR,9,True,AHTPDB;BIOPEP_UWM_2026_export;BIOPEP_previous,3,3,False,positive_evidence
LVVYPWTQRF,10,True,AI4ACEIP_positive,1,1,False,positive_evidence
LVY,3,True,AHTPDB;BIOPEP_UWM_2026_export,2,7,True,positive_evidence
LVYP,4,True,AHTPDB;BIOPEP_UWM_2026_export,2,8,True,positive_evidence
LVYPFP,6,True,AHTPDB;AI4ACEIP_positive;BIOPEP_UWM_2026_export;BIOPEP_previous,4,5,True,positive_evidence
LVYPFPGP,8,True,AHTPDB,1,3,True,positive_evidence
LVYPFPGPI,9,True,AHTPDB,1,2,False,positive_evidence
LVYPFPGPIH,10,True,AHTPDB;AI4ACEIP_positive;BIOPEP_UWM_2026_export;BIOPEP_previous,4,4,True,positive_evidence
LVYPFPGPIHNSLP,14,True,AHTPDB,1,1,True,positive_evidence
LVYPFPGPIPN,11,True,AHTPDB,1,1,True,positive_evidence
LVYPFPGPIPNSLP,14,True,AHTPDB,1,1,True,positive_evidence
LVYPFPGPIPNSLPQN,16,True,BIOPEP_UWM_2026_export;BIOPEP_previous,2,2,True,positive_evidence
LVYPFPGPIPNSLPQNIPP,19,True,AHTPDB;BIOPEP_UWM_2026_export;BIOPEP_previous,3,11,True,positive_evidence
LVYPFTGPIPN,11,True,AHTPDB;AI4ACEIP_positive,2,7,True,positive_evidence
LW,2,True,AHTPDB;BIOPEP_UWM_2026_export,2,32,True,positive_evidence
LWA,3,True,AHTPDB;BIOPEP_UWM_2026_export,2,2,False,positive_evidence
LY,2,True,AHTPDB;BIOPEP_UWM_2026_export,2,24,True,positive_evidence
LYHVL,5,True,AI4ACEIP_positive;BIOPEP_UWM_2026_export;BIOPEP_previous,3,3,True,positive_evidence
LYKNG,5,True,AHTPDB,1,1,False,positive_evidence
LYP,3,True,AHTPDB;BIOPEP_UWM_2026_export,2,5,True,positive_evidence
LYPVK,5,True,AHTPDB;AI4ACEIP_positive;BIOPEP_UWM_2026_export;BIOPEP_previous,4,5,True,positive_evidence
LYQA,4,True,AHTPDB,1,1,False,positive_evidence
LYQKS,5,True,AHTPDB,1,1,False,positive_evidence
LYQQP,5,True,AI4ACEIP_positive,1,1,False,positive_evidence
LYRNG,5,True,AHTPDB,1,2,False,positive_evidence
LYSPH,5,True,AI4ACEIP_positive,1,1,False,positive_evidence
LYTPH,5,True,AI4ACEIP_positive,1,1,False,positive_evidence
LYW,3,True,AHTPDB,1,1,False,positive_evidence
MA,2,True,AHTPDB,1,1,True,positive_evidence
MAIPPK,6,True,AHTPDB;AI4ACEIP_positive;BIOPEP_UWM_2026_export;BIOPEP_previous,4,6,False,positive_evidence
MAIPPKK,7,True,AHTPDB;BIOPEP_UWM_2026_export;BIOPEP_previous,3,9,True,positive_evidence
MAM,3,True,BIOPEP_UWM_2026_export,1,1,False,positive_evidence
MAMP,4,True,BIOPEP_UWM_2026_export,1,1,False,positive_evidence
MAMPLW,6,True,BIOPEP_UWM_2026_export;BIOPEP_previous,2,2,True,positive_evidence
MAP,3,True,AHTPDB;BIOPEP_UWM_2026_export,2,4,True,positive_evidence
MAW,3,True,AHTPDB;BIOPEP_UWM_2026_export,2,11,True,positive_evidence
MCESASSK,8,True,AHTPDB,1,1,True,positive_evidence
MCYPAST,7,True,AI4ACEIP_positive,1,1,False,positive_evidence
MDATALHYENQK,12,True,AI4ACEIP_positive,1,1,False,positive_evidence
MDFLI,5,True,AHTPDB;AI4ACEIP_positive;BIOPEP_UWM_2026_export;BIOPEP_previous,4,6,True,positive_evidence
MDLA,4,True,AHTPDB;BIOPEP_UWM_2026_export,2,2,True,positive_evidence
ME,2,True,AHTPDB;BIOPEP_UWM_2026_export,2,4,False,positive_evidence
MEF,3,True,AHTPDB,1,1,False,positive_evidence
MEGAQEAQGD,10,True,AHTPDB;AI4ACEIP_positive;BIOPEP_UWM_2026_export;BIOPEP_previous,4,11,True,positive_evidence
MELVLR,6,True,AI4ACEIP_positive,1,1,False,positive_evidence
MEVFVP,6,True,AI4ACEIP_positive,1,2,False,positive_evidence
MF,2,True,AHTPDB;BIOPEP_UWM_2026_export,2,17,True,positive_evidence
MFDL,4,True,AHTPDB;BIOPEP_UWM_2026_export,2,2,True,positive_evidence
MG,2,True,AHTPDB;BIOPEP_UWM_2026_export,2,11,True,positive_evidence
MGP,3,True,BIOPEP_UWM_2026_export,1,1,False,positive_evidence
MHYGN,5,True,AHTPDB,1,1,False,positive_evidence
MIFPGAGGPEL,11,True,AHTPDB;AI4ACEIP_positive;BIOPEP_UWM_2026_export;BIOPEP_previous,4,14,True,positive_evidence
MIFPGGPQL,9,True,AHTPDB;BIOPEP_UWM_2026_export;BIOPEP_previous,3,4,True,positive_evidence
MILLLFR,7,True,AI4ACEIP_positive;BIOPEP_UWM_2026_export;BIOPEP_previous,3,3,True,positive_evidence
MIPAQK,6,True,AI4ACEIP_positive,1,1,False,positive_evidence
MIPAY,5,True,AHTPDB,1,1,True,positive_evidence
MKC,3,True,AHTPDB,1,1,False,positive_evidence
MKG,3,True,AHTPDB;BIOPEP_UWM_2026_export,2,5,True,positive_evidence
MKP,3,True,AHTPDB;BIOPEP_UWM_2026_export,2,2,False,positive_evidence
MKPWIQPK,8,True,AHTPDB;BIOPEP_UWM_2026_export;BIOPEP_previous,3,8,True,positive_evidence
MKR,3,True,AHTPDB,1,1,True,positive_evidence
MKY,3,True,AHTPDB;BIOPEP_UWM_2026_export,2,3,True,positive_evidence
MLGQTPT,7,True,AHTPDB,1,1,False,positive_evidence
MLGQTPTK,8,True,AHTPDB,1,1,False,positive_evidence
MLLCS,5,True,AHTPDB;AI4ACEIP_positive,2,7,True,positive_evidence
MLPAY,5,True,AHTPDB;AI4ACEIP_positive,2,6,True,positive_evidence
MLPLMLPFTMGY,12,True,AI4ACEIP_positive,1,1,False,positive_evidence
MLPVY,5,True,BIOPEP_UWM_2026_export;BIOPEP_previous,2,2,True,positive_evidence
MLVFAV,6,True,AI4ACEIP_positive,1,1,False,positive_evidence
MM,2,True,BIOPEP_UWM_2026_export,1,1,False,positive_evidence
MMEPMVK,7,True,AHTPDB,1,1,True,positive_evidence
MMVPI,5,True,AHTPDB;AI4ACEIP_positive,2,3,False,positive_evidence
MNP,3,True,AHTPDB;BIOPEP_UWM_2026_export,2,6,True,positive_evidence
MNPPK,5,True,AHTPDB;AI4ACEIP_positive;BIOPEP_UWM_2026_export;BIOPEP_previous,4,16,True,positive_evidence
MNVKHWPWMK,10,True,AHTPDB;AI4ACEIP_positive;BIOPEP_UWM_2026_export;BIOPEP_previous,4,5,True,positive_evidence
MP,2,True,AHTPDB,1,1,True,positive_evidence
MPACGS,6,True,BIOPEP_UWM_2026_export;BIOPEP_previous,2,2,True,positive_evidence
MPACGSS,7,True,AI4ACEIP_positive,1,1,False,positive_evidence
MPF,3,True,AHTPDB,1,2,True,positive_evidence
MPFLFK,6,True,AI4ACEIP_positive;BIOPEP_UWM_2026_export;BIOPEP_previous,3,3,True,positive_evidence
MPFLKSPIVPF,11,True,AI4ACEIP_positive,1,1,False,positive_evidence
MPFPK,5,True,BIOPEP_UWM_2026_export;BIOPEP_previous,2,2,True,positive_evidence
MPFPKY,6,True,BIOPEP_UWM_2026_export,1,1,False,positive_evidence
MPFPKYPVEP,10,True,AHTPDB,1,3,True,positive_evidence
MPFPKYPVQPF,11,True,AHTPDB,1,4,False,positive_evidence
MPP,3,True,AHTPDB;BIOPEP_UWM_2026_export,2,2,False,positive_evidence
MPPPLP,6,True,AI4ACEIP_positive,1,1,False,positive_evidence
MPPPLPA,7,True,AI4ACEIP_positive,1,1,False,positive_evidence
MPVHTDAD,8,True,BIOPEP_UWM_2026_export;BIOPEP_previous,2,2,False,positive_evidence
MRKDQ,5,True,AHTPDB,1,1,False,positive_evidence
MRW,3,True,AHTPDB;BIOPEP_UWM_2026_export,2,9,True,positive_evidence
MRWRD,5,True,AHTPDB;AI4ACEIP_positive;BIOPEP_UWM_2026_export;BIOPEP_previous,4,9,True,positive_evidence
MSMAPY,6,True,AI4ACEIP_positive,1,1,False,positive_evidence
MTEEY,5,True,AI4ACEIP_positive;BIOPEP_UWM_2026_export;BIOPEP_previous,3,4,True,positive_evidence
MVGSAPGVL,9,True,AHTPDB;AI4ACEIP_positive;BIOPEP_UWM_2026_export;BIOPEP_previous,4,4,True,positive_evidence
MVPYPQR,7,True,AI4ACEIP_positive,1,1,False,positive_evidence
MW,2,True,AHTPDB;BIOPEP_UWM_2026_export,2,11,True,positive_evidence
MWHNAH,6,True,AI4ACEIP_positive,1,1,False,positive_evidence
MY,2,True,AHTPDB;BIOPEP_UWM_2026_export,2,10,True,positive_evidence
MYPGIA,6,True,AHTPDB;AI4ACEIP_positive;BIOPEP_UWM_2026_export;BIOPEP_previous,4,8,True,positive_evidence
MYY,3,True,AHTPDB;BIOPEP_UWM_2026_export,2,6,True,positive_evidence
NAGPFTPTVNREQLSTS,17,True,AHTPDB,1,1,False,positive_evidence
NAQRP,5,True,AHTPDB;AI4ACEIP_positive,2,2,True,positive_evidence
NCW,3,True,BIOPEP_UWM_2026_export,1,1,False,positive_evidence
NENLLRFFVAPFPE,14,True,AHTPDB,1,1,False,positive_evidence
NENLLRFFVAPFPEVFG,17,True,AHTPDB,1,1,True,positive_evidence
NF,2,True,AHTPDB;BIOPEP_UWM_2026_export,2,13,True,positive_evidence
NG,2,True,AHTPDB;BIOPEP_UWM_2026_export,2,6,True,positive_evidence
NGGPPT,6,True,BIOPEP_UWM_2026_export;BIOPEP_previous,2,2,True,positive_evidence
NGTWFEPP,8,True,AI4ACEIP_positive;BIOPEP_UWM_2026_export;BIOPEP_previous,3,3,True,positive_evidence
NHRNRMMDHVH,11,True,AHTPDB,1,1,True,positive_evidence
NIDTDI,6,True,AHTPDB,1,1,False,positive_evidence
NIDTDL,6,True,AHTPDB,1,1,False,positive_evidence
NIFYCP,6,True,AHTPDB;AI4ACEIP_positive;BIOPEP_UWM_2026_export;BIOPEP_previous,4,7,True,positive_evidence
NIIPA,5,True,AHTPDB;AI4ACEIP_positive,2,3,False,positive_evidence
NILP,4,True,AHTPDB;BIOPEP_UWM_2026_export,2,6,True,positive_evidence
NIPPLTQTPV,10,True,AHTPDB;BIOPEP_UWM_2026_export;BIOPEP_previous,3,7,True,positive_evidence
NIPPLTQTPVVVPPFIQ,17,True,AHTPDB,1,2,True,positive_evidence
NIPPLTQTPVVVPPFIQPEVMGVSK,25,True,AHTPDB,1,1,False,positive_evidence
NIQFNEQKAL,10,True,AI4ACEIP_positive,1,1,False,positive_evidence
NIYQIS,6,True,BIOPEP_UWM_2026_export;BIOPEP_previous,2,2,False,positive_evidence
NK,2,True,AHTPDB;BIOPEP_UWM_2026_export,2,7,True,positive_evidence
NKDVAM,6,True,AI4ACEIP_positive,1,1,False,positive_evidence
NKGPR,5,True,AI4ACEIP_positive;BIOPEP_UWM_2026_export;BIOPEP_previous,3,4,False,positive_evidence
NKL,3,True,AHTPDB;BIOPEP_UWM_2026_export,2,3,True,positive_evidence
NKPGDML,7,True,AI4ACEIP_positive,1,1,False,positive_evidence
NLAPFL,6,True,AHTPDB,1,1,False,positive_evidence
NLDTDI,6,True,AHTPDB,1,1,False,positive_evidence
NLDTDL,6,True,AHTPDB,1,1,False,positive_evidence
NLHLP,5,True,AHTPDB;AI4ACEIP_positive;BIOPEP_UWM_2026_export;BIOPEP_previous,4,11,True,positive_evidence
NLHLPLP,7,True,AHTPDB;BIOPEP_UWM_2026_export;BIOPEP_previous,3,6,True,positive_evidence
NLHLPLPLL,9,True,AHTPDB;BIOPEP_UWM_2026_export;BIOPEP_previous,3,4,True,positive_evidence
NLLRF,5,True,AHTPDB,1,1,False,positive_evidence
NLR,3,True,BIOPEP_UWM_2026_export,1,1,False,positive_evidence
NMAINPSK,8,True,AHTPDB;BIOPEP_UWM_2026_export;BIOPEP_previous,3,5,True,positive_evidence
NMAINPSKENLCSTFCK,17,True,AI4ACEIP_positive,1,1,False,positive_evidence
NNVMLQW,7,True,AHTPDB,1,1,True,positive_evidence
NP,2,True,AHTPDB,1,4,True,positive_evidence
NPAVVRP,7,True,AHTPDB,1,1,True,positive_evidence
NPKLVTIV,8,True,AI4ACEIP_positive,1,1,False,positive_evidence
NPP,3,True,AHTPDB;BIOPEP_UWM_2026_export,2,5,True,positive_evidence
NPPHQIYP,8,True,AHTPDB;BIOPEP_UWM_2026_export;BIOPEP_previous,3,5,True,positive_evidence
NPPSV,5,True,AI4ACEIP_positive;BIOPEP_UWM_2026_export;BIOPEP_previous,3,3,True,positive_evidence
NPR,3,True,BIOPEP_UWM_2026_export,1,1,False,positive_evidence
NPW,3,True,AHTPDB,1,1,False,positive_evidence
NQFLP,5,True,AHTPDB,1,1,False,positive_evidence
NQNFVQYTTNT,11,True,AI4ACEIP_positive,1,1,False,positive_evidence
NRVYVHPF,8,True,AHTPDB;BIOPEP_UWM_2026_export;BIOPEP_previous,3,3,False,positive_evidence
NSWVE,5,True,AI4ACEIP_positive,1,1,False,positive_evidence
NTDGSTDYGILQINSR,16,True,AI4ACEIP_positive,1,1,False,positive_evidence
NVLQPS,6,True,AI4ACEIP_positive,1,1,False,positive_evidence
NVPGEIVE,8,True,AHTPDB,1,1,False,positive_evidence
NVPGEIVESL,10,True,AHTPDB,1,1,False,positive_evidence
NVR,3,True,AHTPDB,1,2,False,positive_evidence
NWGPLV,6,True,AHTPDB;AI4ACEIP_positive;BIOPEP_UWM_2026_export;BIOPEP_previous,4,8,True,positive_evidence
NY,2,True,AHTPDB;BIOPEP_UWM_2026_export,2,13,True,positive_evidence
NYVADGLG,8,True,BIOPEP_UWM_2026_export;BIOPEP_previous,2,2,True,positive_evidence
PA,2,True,AHTPDB;BIOPEP_UWM_2026_export,2,2,False,positive_evidence
PAAPPK,6,True,AI4ACEIP_positive,1,1,False,positive_evidence
PAGELHP,7,True,AI4ACEIP_positive,1,1,False,positive_evidence
PAGNFLMNGLMHR,13,True,AI4ACEIP_positive,1,1,False,positive_evidence
PAGNFLPPVAAAPVM,15,True,AI4ACEIP_positive,1,1,False,positive_evidence
PAGPR,5,True,AHTPDB,1,1,False,positive_evidence
PAGPVG,6,True,AHTPDB,1,1,False,positive_evidence
PAHIAW,6,True,AHTPDB,1,1,False,positive_evidence
PANIKWGD,8,True,AHTPDB;AI4ACEIP_positive;BIOPEP_UWM_2026_export;BIOPEP_previous,4,6,True,positive_evidence
PANLPWGSSNV,11,True,AHTPDB;AI4ACEIP_positive;BIOPEP_UWM_2026_export;BIOPEP_previous,4,5,True,positive_evidence
PAP,3,True,AHTPDB;BIOPEP_UWM_2026_export,2,8,True,positive_evidence
PAPPK,5,True,AI4ACEIP_positive;BIOPEP_UWM_2026_export;BIOPEP_previous,3,3,True,positive_evidence
PAVACCLPPLPCHM,14,True,AI4ACEIP_positive,1,1,False,positive_evidence
PAVVLP,6,True,AHTPDB;AI4ACEIP_positive;BIOPEP_UWM_2026_export;BIOPEP_previous,4,8,True,positive_evidence
PAVVRP,6,True,AHTPDB;AI4ACEIP_positive,2,3,True,positive_evidence
PCHIAW,6,True,AHTPDB,1,1,False,positive_evidence
PDHIAW,6,True,AHTPDB,1,1,False,positive_evidence
PDLVF,5,True,AI4ACEIP_positive;BIOPEP_UWM_2026_export;BIOPEP_previous,3,4,True,positive_evidence
PDWFLLL,7,True,BIOPEP_UWM_2026_export;BIOPEP_previous,2,2,True,positive_evidence
PEAAELMMEVDP,12,True,AHTPDB,1,2,False,positive_evidence
PER,3,True,AHTPDB,1,2,False,positive_evidence
PEW,3,True,AHTPDB,1,2,False,positive_evidence
PF,2,True,AHTPDB;BIOPEP_UWM_2026_export,2,2,False,positive_evidence
PFAQTQSLVYP,11,True,AHTPDB,1,1,False,positive_evidence
PFFDPQIP,8,True,AHTPDB;AI4ACEIP_positive;BIOPEP_UWM_2026_export;BIOPEP_previous,4,6,True,positive_evidence
PFP,3,True,AHTPDB;BIOPEP_UWM_2026_export,2,6,True,positive_evidence
PFPE,4,True,AHTPDB;BIOPEP_UWM_2026_export,2,4,True,positive_evidence
PFPEVFGK,8,True,BIOPEP_UWM_2026_export;BIOPEP_previous,2,2,False,positive_evidence
PFPGPIH,7,True,BIOPEP_UWM_2026_export;BIOPEP_previous,2,2,False,positive_evidence
PFPGPIPN,8,True,BIOPEP_UWM_2026_export;BIOPEP_previous,2,2,True,positive_evidence
PFTESQS,7,True,AHTPDB,1,1,False,positive_evidence
PG,2,True,AHTPDB;BIOPEP_UWM_2026_export,2,15,True,positive_evidence
PGG,3,True,AHTPDB,1,3,False,positive_evidence
PGI,3,True,AHTPDB,1,3,False,positive_evidence
PGKVHIT,7,True,AI4ACEIP_positive,1,1,False,positive_evidence
PGL,3,True,AHTPDB;BIOPEP_UWM_2026_export,2,4,True,positive_evidence
PGLPKK,6,True,AI4ACEIP_positive,1,1,False,positive_evidence
PGP,3,True,AHTPDB,1,4,False,positive_evidence
PGPIHN,6,True,AHTPDB,1,1,False,positive_evidence
PGPIP,5,True,AHTPDB;AI4ACEIP_positive;BIOPEP_UWM_2026_export;BIOPEP_previous,4,4,False,positive_evidence
PGPIPN,6,True,AI4ACEIP_positive,1,1,False,positive_evidence
PGPLGLTGP,9,True,AHTPDB;AI4ACEIP_positive;BIOPEP_UWM_2026_export;BIOPEP_previous,4,10,True,positive_evidence
PGR,3,True,AHTPDB;BIOPEP_UWM_2026_export,2,6,False,positive_evidence
PGTAVFK,7,True,AHTPDB;AI4ACEIP_positive;BIOPEP_UWM_2026_export;BIOPEP_previous,4,5,True,positive_evidence
PGVLPVA,7,True,BIOPEP_UWM_2026_export;BIOPEP_previous,2,2,True,positive_evidence
PGVPWP,6,True,AI4ACEIP_positive,1,2,False,positive_evidence
PH,2,True,AHTPDB;BIOPEP_UWM_2026_export,2,8,False,positive_evidence
PHQIYP,6,True,AHTPDB;AI4ACEIP_positive;BIOPEP_UWM_2026_export;BIOPEP_previous,4,7,True,positive_evidence
PHSSFQ,6,True,AI4ACEIP_positive,1,1,False,positive_evidence
PI,2,True,AHTPDB,1,1,False,positive_evidence
PIP,3,True,AHTPDB,1,3,False,positive_evidence
PK,2,True,AHTPDB,1,1,False,positive_evidence
PKAIP,5,True,AHTPDB;BIOPEP_UWM_2026_export;BIOPEP_previous,3,3,True,positive_evidence
PKDLREN,7,True,AHTPDB,1,1,True,positive_evidence
PKFP,4,True,BIOPEP_UWM_2026_export,1,1,False,positive_evidence
PKHKEMPFPPKYPVEPFT,18,True,AHTPDB;AI4ACEIP_positive;BIOPEP_UWM_2026_export;BIOPEP_previous,4,5,False,positive_evidence
PKHP,4,True,AHTPDB;BIOPEP_UWM_2026_export,2,2,True,positive_evidence
PKIDAMREKVLA,12,True,AHTPDB,1,1,True,positive_evidence
PKLPPVKK,8,True,AI4ACEIP_positive,1,1,False,positive_evidence
PKPP,4,True,BIOPEP_UWM_2026_export,1,1,False,positive_evidence
PL,2,True,AHTPDB;BIOPEP_UWM_2026_export,2,12,True,positive_evidence
PLAQPA,6,True,AI4ACEIP_positive,1,2,False,positive_evidence
PLFPK,5,True,AI4ACEIP_positive;BIOPEP_UWM_2026_export;BIOPEP_previous,3,3,True,positive_evidence
PLG,3,True,AHTPDB;BIOPEP_UWM_2026_export,2,4,True,positive_evidence
PLIYP,5,True,AHTPDB;AI4ACEIP_positive;BIOPEP_UWM_2026_export;BIOPEP_previous,4,11,True,positive_evidence
PLP,3,True,AHTPDB;BIOPEP_UWM_2026_export,2,16,True,positive_evidence
PLPLHMLP,8,True,AI4ACEIP_positive;BIOPEP_UWM_2026_export,2,2,False,positive_evidence
PLPLL,5,True,AHTPDB;AI4ACEIP_positive;BIOPEP_UWM_2026_export;BIOPEP_previous,4,5,True,positive_evidence
PLPWGAGF,8,True,AI4ACEIP_positive;BIOPEP_UWM_2026_export,2,2,False,positive_evidence
PLTQTP,6,True,AHTPDB,1,1,False,positive_evidence
PLW,3,True,AHTPDB;BIOPEP_UWM_2026_export,2,7,True,positive_evidence
PNECQL,6,True,AI4ACEIP_positive,1,2,False,positive_evidence
PNNKPFQ,7,True,AHTPDB;AI4ACEIP_positive,2,2,True,positive_evidence
PNRIKY,6,True,AI4ACEIP_positive,1,1,False,positive_evidence
PNRIKYGD,8,True,AHTPDB;AI4ACEIP_positive,2,2,True,positive_evidence
PNSHP,5,True,AHTPDB;AI4ACEIP_positive;BIOPEP_UWM_2026_export;BIOPEP_previous,4,6,True,positive_evidence
PNYHPSPR,8,True,AI4ACEIP_positive,1,1,False,positive_evidence
PP,2,True,AHTPDB;BIOPEP_UWM_2026_export,2,9,False,positive_evidence
PPEIN,5,True,AHTPDB;AI4ACEIP_positive;BIOPEP_UWM_2026_export;BIOPEP_previous,4,5,True,positive_evidence
PPF,3,True,AHTPDB;BIOPEP_UWM_2026_export,2,5,False,positive_evidence
PPFLQPEV,8,True,BIOPEP_UWM_2026_export;BIOPEP_previous,2,2,True,positive_evidence
PPG,3,True,AHTPDB,1,3,False,positive_evidence
PPHMGGP,7,True,AI4ACEIP_positive;BIOPEP_UWM_2026_export,2,2,False,positive_evidence
PPHMLP,6,True,AI4ACEIP_positive;BIOPEP_UWM_2026_export,2,3,False,positive_evidence
PPHQIYP,7,True,AHTPDB;BIOPEP_UWM_2026_export;BIOPEP_previous,3,5,True,positive_evidence
PPK,3,True,AHTPDB;BIOPEP_UWM_2026_export,2,8,True,positive_evidence
PPKP,4,True,BIOPEP_UWM_2026_export,1,1,False,positive_evidence
PPL,3,True,AHTPDB;BIOPEP_UWM_2026_export,2,2,False,positive_evidence
PPLLFAAL,8,True,AI4ACEIP_positive,1,1,False,positive_evidence
PPLTQTPV,8,True,AHTPDB,1,1,False,positive_evidence
PPMHLP,6,True,AI4ACEIP_positive,1,1,False,positive_evidence
PPP,3,True,AHTPDB;BIOPEP_UWM_2026_export,2,4,False,positive_evidence
PPPVHL,6,True,AHTPDB;AI4ACEIP_positive;BIOPEP_UWM_2026_export;BIOPEP_previous,4,8,True,positive_evidence
PPQSVLSLSQSKVLPVPE,18,True,AI4ACEIP_positive,1,1,False,positive_evidence
PPQSVLSLSQSKVLPVPQ,18,True,AHTPDB,1,1,True,positive_evidence
PPVLVFV,7,True,AI4ACEIP_positive,1,1,False,positive_evidence
PQ,2,True,AHTPDB;BIOPEP_UWM_2026_export,2,8,False,positive_evidence
PQAFP,5,True,AHTPDB;BIOPEP_UWM_2026_export;BIOPEP_previous,3,3,True,positive_evidence
PQEVLP,6,True,AHTPDB;AI4ACEIP_positive;BIOPEP_UWM_2026_export;BIOPEP_previous,4,8,True,positive_evidence
PQFYW,5,True,AI4ACEIP_positive,1,2,False,positive_evidence
PQNILP,6,True,AHTPDB;AI4ACEIP_positive;BIOPEP_UWM_2026_export;BIOPEP_previous,4,8,True,positive_evidence
PQNIPPLTQT,10,True,BIOPEP_UWM_2026_export;BIOPEP_previous,2,2,False,positive_evidence
PQPIP,5,True,AHTPDB;AI4ACEIP_positive;BIOPEP_UWM_2026_export;BIOPEP_previous,4,8,True,positive_evidence
PQPLIYP,7,True,AHTPDB;BIOPEP_UWM_2026_export;BIOPEP_previous,3,5,True,positive_evidence
PQR,3,True,AHTPDB;BIOPEP_UWM_2026_export,2,8,True,positive_evidence
PQRDMP,6,True,AHTPDB,1,1,False,positive_evidence
PQTLALP,7,True,AHTPDB;AI4ACEIP_positive;BIOPEP_UWM_2026_export;BIOPEP_previous,4,7,True,positive_evidence
PR,2,True,AHTPDB;BIOPEP_UWM_2026_export,2,10,True,positive_evidence
PRHQG,5,True,AHTPDB;AI4ACEIP_positive,2,2,True,positive_evidence
PRI,3,True,BIOPEP_UWM_2026_export,1,1,False,positive_evidence
PRKEKLCTTS,10,True,AHTPDB,1,1,True,positive_evidence
PRP,3,True,BIOPEP_UWM_2026_export,1,1,False,positive_evidence
PRVF,4,True,AHTPDB,1,1,True,positive_evidence
PRY,3,True,AHTPDB;BIOPEP_UWM_2026_export,2,5,True,positive_evidence
PSFQP,5,True,AHTPDB;AI4ACEIP_positive;BIOPEP_UWM_2026_export;BIOPEP_previous,4,8,True,positive_evidence
PSFQPQPLIYP,11,True,AHTPDB;BIOPEP_UWM_2026_export;BIOPEP_previous,3,5,True,positive_evidence
PSGQYY,6,True,AHTPDB;AI4ACEIP_positive;BIOPEP_UWM_2026_export;BIOPEP_previous,4,6,True,positive_evidence
PSIPA,5,True,AI4ACEIP_positive;BIOPEP_UWM_2026_export;BIOPEP_previous,3,4,False,positive_evidence
PSKIKWGD,8,True,AHTPDB;BIOPEP_UWM_2026_export;BIOPEP_previous,3,3,True,positive_evidence
PSLPA,5,True,AI4ACEIP_positive,1,2,False,positive_evidence
PSNPP,5,True,AI4ACEIP_positive;BIOPEP_UWM_2026_export;BIOPEP_previous,3,3,True,positive_evidence
PSSNK,5,True,AHTPDB;AI4ACEIP_positive;BIOPEP_UWM_2026_export;BIOPEP_previous,4,5,True,positive_evidence
PSY,3,True,AHTPDB;BIOPEP_UWM_2026_export,2,8,True,positive_evidence
PT,2,True,AHTPDB;BIOPEP_UWM_2026_export,2,7,False,positive_evidence
PTFIAW,6,True,AHTPDB,1,1,False,positive_evidence
PTHDAW,6,True,AHTPDB,1,1,False,positive_evidence
PTHGAW,6,True,AHTPDB,1,1,False,positive_evidence
PTHIAW,6,True,AHTPDB,1,3,True,positive_evidence
PTHIDW,6,True,AHTPDB,1,3,True,positive_evidence
PTHIK,5,True,AHTPDB,1,1,False,positive_evidence
PTHIKW,6,True,AHTPDB,1,3,True,positive_evidence
PTHIKWD,7,True,AHTPDB,1,1,True,positive_evidence
PTHIKWG,7,True,AHTPDB,1,2,True,positive_evidence
PTHIKWGD,8,True,AHTPDB;BIOPEP_UWM_2026_export;BIOPEP_previous,3,6,True,positive_evidence
PTHIKWN,7,True,AHTPDB,1,1,True,positive_evidence
PTHIW,5,True,AHTPDB,1,1,False,positive_evidence
PTHKAW,6,True,AHTPDB,1,1,False,positive_evidence
PTHVAW,6,True,AHTPDB,1,3,True,positive_evidence
PTPAP,5,True,AHTPDB;AI4ACEIP_positive,2,3,True,positive_evidence
PTPVP,5,True,AHTPDB;AI4ACEIP_positive;BIOPEP_UWM_2026_export;BIOPEP_previous,4,9,True,positive_evidence
PVEPFTESQ,9,True,BIOPEP_UWM_2026_export;BIOPEP_previous,2,2,True,positive_evidence
PVGLVQPASATLYDY,15,True,AHTPDB,1,1,True,positive_evidence
PVLGPVRGPF,10,True,BIOPEP_UWM_2026_export;BIOPEP_previous,2,2,False,positive_evidence
PVLKD,5,True,BIOPEP_UWM_2026_export;BIOPEP_previous,2,2,False,positive_evidence
PVNNPQIH,8,True,AI4ACEIP_positive;BIOPEP_UWM_2026_export;BIOPEP_previous,3,3,True,positive_evidence
PVP,3,True,AHTPDB,1,1,False,positive_evidence
PVPQP,5,True,AHTPDB;AI4ACEIP_positive;BIOPEP_UWM_2026_export;BIOPEP_previous,4,9,True,positive_evidence
PVQALLLNQELLLNP,15,True,AHTPDB,1,2,False,positive_evidence
PVRAVP,6,True,AHTPDB;AI4ACEIP_positive;BIOPEP_UWM_2026_export;BIOPEP_previous,4,8,True,positive_evidence
PVRGPFPIIV,10,True,AHTPDB,1,1,False,positive_evidence
PVVVPPFLQ,9,True,AHTPDB,1,1,False,positive_evidence
PVVVPPFLQPEV,12,True,BIOPEP_UWM_2026_export;BIOPEP_previous,2,2,True,positive_evidence
PWDQVKR,7,True,BIOPEP_UWM_2026_export;BIOPEP_previous,2,2,False,positive_evidence
PY,2,True,AHTPDB,1,1,False,positive_evidence
PYK,3,True,AHTPDB;BIOPEP_UWM_2026_export,2,2,True,positive_evidence
PYKLRP,6,True,AI4ACEIP_positive;BIOPEP_UWM_2026_export;BIOPEP_previous,3,4,False,positive_evidence
PYKW,4,True,AHTPDB,1,1,True,positive_evidence
PYKWLP,6,True,AHTPDB,1,1,True,positive_evidence
PYP,3,True,AHTPDB;BIOPEP_UWM_2026_export,2,13,True,positive_evidence
PYPQR,5,True,BIOPEP_UWM_2026_export;BIOPEP_previous,2,2,False,positive_evidence
PYVRYL,6,True,AHTPDB;AI4ACEIP_positive;BIOPEP_UWM_2026_export;BIOPEP_previous,4,14,True,positive_evidence
QAFT,4,True,AHTPDB;BIOPEP_UWM_2026_export,2,2,True,positive_evidence
QAVHA,5,True,BIOPEP_UWM_2026_export;BIOPEP_previous,2,2,False,positive_evidence
QDQHQKIR,8,True,BIOPEP_UWM_2026_export;BIOPEP_previous,2,2,False,positive_evidence
QDVL,4,True,BIOPEP_UWM_2026_export,1,1,False,positive_evidence
QEEVN,5,True,AI4ACEIP_positive,1,2,False,positive_evidence
QELPG,5,True,BIOPEP_UWM_2026_export;BIOPEP_previous,2,2,True,positive_evidence
QEPVLGPVRGPFP,13,True,BIOPEP_UWM_2026_export;BIOPEP_previous,2,2,False,positive_evidence
QEVLP,5,True,AHTPDB;AI4ACEIP_positive,2,3,False,positive_evidence
QF,2,True,AHTPDB,1,1,False,positive_evidence
QFYAV,5,True,AI4ACEIP_positive;BIOPEP_UWM_2026_export;BIOPEP_previous,3,4,False,positive_evidence
QG,2,True,AHTPDB;BIOPEP_UWM_2026_export,2,12,True,positive_evidence
QGIH,4,True,BIOPEP_UWM_2026_export,1,1,False,positive_evidence
QGP,3,True,BIOPEP_UWM_2026_export,1,1,False,positive_evidence
QGPIGPR,7,True,BIOPEP_UWM_2026_export;BIOPEP_previous,2,2,True,positive_evidence
QGR,3,True,AHTPDB,1,1,False,positive_evidence
QHEAT,5,True,AHTPDB,1,1,False,positive_evidence
QIGLF,5,True,AHTPDB;AI4ACEIP_positive;BIOPEP_UWM_2026_export;BIOPEP_previous,4,6,True,positive_evidence
QITKPN,6,True,AI4ACEIP_positive,1,1,False,positive_evidence
QK,2,True,AHTPDB;BIOPEP_UWM_2026_export,2,9,True,positive_evidence
QKALNEINQF,10,True,AHTPDB,1,1,False,positive_evidence
QKAVPYPQRDMPI,13,True,AHTPDB,1,1,False,positive_evidence
QKF,3,True,AHTPDB,1,1,False,positive_evidence
QKKCPGRCTLKCGKHERPTLPYNCGKYICCVPVKVK,36,True,AI4ACEIP_positive,1,1,False,positive_evidence
QKPRN,5,True,AHTPDB,1,1,False,positive_evidence
QKTAP,5,True,AHTPDB;AI4ACEIP_positive,2,3,True,positive_evidence
QKW,3,True,AHTPDB,1,1,False,positive_evidence
QLADVSPAAFLTQQQLLPFYLHAM,24,True,BIOPEP_UWM_2026_export;BIOPEP_previous,2,2,True,positive_evidence
QLDAYPSGAWYYVP,14,True,AI4ACEIP_positive,1,1,False,positive_evidence
QLDL,4,True,BIOPEP_UWM_2026_export,1,1,False,positive_evidence
QLGFLGPR,8,True,AHTPDB;AI4ACEIP_positive;BIOPEP_UWM_2026_export;BIOPEP_previous,4,10,True,positive_evidence
QLGP,4,True,BIOPEP_UWM_2026_export,1,1,False,positive_evidence
QLLKLK,6,True,AHTPDB;AI4ACEIP_positive,2,3,True,positive_evidence
QLLLQQ,6,True,AI4ACEIP_positive,1,1,False,positive_evidence
QLVP,4,True,BIOPEP_UWM_2026_export,1,1,False,positive_evidence
QN,2,True,AHTPDB,1,1,True,positive_evidence
QNALIVRYTR,10,True,AHTPDB,1,1,True,positive_evidence
QNILP,5,True,AHTPDB;AI4ACEIP_positive,2,3,False,positive_evidence
QNIPP,5,True,AHTPDB,1,1,False,positive_evidence
QNLLRF,6,True,AHTPDB,1,1,True,positive_evidence
QP,2,True,AHTPDB;BIOPEP_UWM_2026_export,2,2,True,positive_evidence
QPIP,4,True,AHTPDB;BIOPEP_UWM_2026_export,2,7,True,positive_evidence
QPLIYP,6,True,AHTPDB;AI4ACEIP_positive;BIOPEP_UWM_2026_export;BIOPEP_previous,4,7,True,positive_evidence
QPQ,3,True,AHTPDB,1,1,False,positive_evidence
QPQAFP,6,True,BIOPEP_UWM_2026_export;BIOPEP_previous,2,2,True,positive_evidence
QPQPLIYP,8,True,AHTPDB;BIOPEP_UWM_2026_export;BIOPEP_previous,3,5,True,positive_evidence
QQI,3,True,AHTPDB,1,1,False,positive_evidence
QQPHSRSKGFPGP,13,True,AI4ACEIP_positive,1,1,False,positive_evidence
QQQG,4,True,AHTPDB,1,1,False,positive_evidence
QQRRLLRRK,9,True,AI4ACEIP_positive;BIOPEP_UWM_2026_export;BIOPEP_previous,3,3,False,positive_evidence
QRQ,3,True,BIOPEP_UWM_2026_export,1,1,False,positive_evidence
QSE,3,True,BIOPEP_UWM_2026_export,1,1,False,positive_evidence
QSEPKAIP,8,True,BIOPEP_UWM_2026_export;BIOPEP_previous,2,2,True,positive_evidence
QSGP,4,True,BIOPEP_UWM_2026_export,1,1,False,positive_evidence
QSLTL,5,True,AI4ACEIP_positive,1,1,False,positive_evidence
QSLVYP,6,True,AHTPDB;AI4ACEIP_positive;BIOPEP_UWM_2026_export;BIOPEP_previous,4,8,True,positive_evidence
QSQPQAFP,8,True,BIOPEP_UWM_2026_export;BIOPEP_previous,2,2,True,positive_evidence
QSWMHQPHQ,9,True,AI4ACEIP_positive;BIOPEP_UWM_2026_export;BIOPEP_previous,3,3,True,positive_evidence
QSWMHQPHQPLPPTVM,16,True,AHTPDB,1,1,False,positive_evidence
QTQSLVYP,8,True,AHTPDB;BIOPEP_UWM_2026_export;BIOPEP_previous,3,6,True,positive_evidence
QTQYTDAPSFSDIPNPIGSENSEKTTMPLW,30,True,AHTPDB;AI4ACEIP_positive,2,2,True,positive_evidence
QVAAAETR,8,True,AI4ACEIP_positive,1,1,False,positive_evidence
QVGP,4,True,BIOPEP_UWM_2026_export,1,1,False,positive_evidence
QVPQPIP,7,True,AHTPDB;AI4ACEIP_positive;BIOPEP_UWM_2026_export;BIOPEP_previous,4,6,True,positive_evidence
QVSLNSGYY,9,True,AHTPDB;BIOPEP_UWM_2026_export;BIOPEP_previous,3,5,True,positive_evidence
QVTSTEV,7,True,AHTPDB,1,1,False,positive_evidence
QVVF,4,True,AHTPDB,1,1,True,positive_evidence
QVVPYPQ,7,True,AI4ACEIP_positive,1,1,False,positive_evidence
RA,2,True,AHTPDB;BIOPEP_UWM_2026_export,2,13,True,positive_evidence
RADFY,5,True,AI4ACEIP_positive;BIOPEP_UWM_2026_export;BIOPEP_previous,3,3,True,positive_evidence
RADHP,5,True,AHTPDB,1,2,True,positive_evidence
RADHPF,6,True,AHTPDB;AI4ACEIP_positive;BIOPEP_UWM_2026_export;BIOPEP_previous,4,4,False,positive_evidence
RADHPFL,7,True,AHTPDB;BIOPEP_UWM_2026_export;BIOPEP_previous,3,7,False,positive_evidence
RADHRYNDLGHR,12,True,AHTPDB,1,1,False,positive_evidence
RALP,4,True,AHTPDB;BIOPEP_UWM_2026_export,2,4,True,positive_evidence
RASDPLLSV,9,True,AI4ACEIP_positive;BIOPEP_UWM_2026_export;BIOPEP_previous,3,3,True,positive_evidence
RCMAFLLSDGAAAAQQLLPQYW,22,True,AI4ACEIP_positive,1,1,False,positive_evidence
RCPET,5,True,AHTPDB,1,1,False,positive_evidence
RDGGYCC,7,True,AI4ACEIP_positive,1,1,False,positive_evidence
RDILNQ,6,True,AI4ACEIP_positive,1,2,False,positive_evidence
RDLPG,5,True,AHTPDB,1,1,False,positive_evidence
RDMPIQAF,8,True,AHTPDB,1,5,True,positive_evidence
REKVLASS,8,True,AHTPDB,1,1,True,positive_evidence
RELEE,5,True,AHTPDB,1,2,False,positive_evidence
RELEEL,6,True,AHTPDB;AI4ACEIP_positive,2,3,True,positive_evidence
RELEELNVPGEIVESLSSSEESITRINK,28,True,AI4ACEIP_positive,1,1,False,positive_evidence
REQEEL,6,True,AHTPDB;AI4ACEIP_positive,2,2,False,positive_evidence
REWFTFLK,8,True,AI4ACEIP_positive,1,1,False,positive_evidence
REYLLVAQ,8,True,AI4ACEIP_positive;BIOPEP_UWM_2026_export;BIOPEP_previous,3,3,False,positive_evidence
RF,2,True,AHTPDB;BIOPEP_UWM_2026_export,2,24,True,positive_evidence
RFH,3,True,AHTPDB;BIOPEP_UWM_2026_export,2,9,True,positive_evidence
RG,2,True,AHTPDB;BIOPEP_UWM_2026_export,2,4,False,positive_evidence
RGAIVL,6,True,AI4ACEIP_positive,1,1,False,positive_evidence
RGGY,4,True,BIOPEP_UWM_2026_export,1,1,False,positive_evidence
RGLERA,6,True,AHTPDB,1,1,False,positive_evidence
RGLSK,5,True,AI4ACEIP_positive;BIOPEP_UWM_2026_export;BIOPEP_previous,3,4,True,positive_evidence
RGP,3,True,AHTPDB,1,6,False,positive_evidence
RGPFPIIV,8,True,AHTPDB;BIOPEP_UWM_2026_export;BIOPEP_previous,3,3,False,positive_evidence
RGQVIYVL,8,True,AI4ACEIP_positive,1,1,False,positive_evidence
RGY,3,True,AHTPDB,1,1,True,positive_evidence
RHPHP,5,True,AI4ACEIP_positive;BIOPEP_UWM_2026_export;BIOPEP_previous,3,4,False,positive_evidence
RIGLF,5,True,AHTPDB;AI4ACEIP_positive;BIOPEP_UWM_2026_export;BIOPEP_previous,4,5,True,positive_evidence
RINKK,5,True,AI4ACEIP_positive;BIOPEP_UWM_2026_export;BIOPEP_previous,3,4,True,positive_evidence
RIY,3,True,AHTPDB;BIOPEP_UWM_2026_export,2,11,True,positive_evidence
RKRAAQ,6,True,AI4ACEIP_positive;BIOPEP_UWM_2026_export;BIOPEP_previous,3,3,False,positive_evidence
RL,2,True,AHTPDB;BIOPEP_UWM_2026_export,2,10,True,positive_evidence
RLLLKLRQ,8,True,AI4ACEIP_positive;BIOPEP_UWM_2026_export;BIOPEP_previous,3,3,False,positive_evidence
RLPSEFDLSAFLRA,14,True,AHTPDB;AI4ACEIP_positive,2,5,True,positive_evidence
RLSFNP,6,True,AI4ACEIP_positive,1,1,False,positive_evidence
RLSGQTIEVTSEYLFRH,17,True,AHTPDB;AI4ACEIP_positive,2,5,True,positive_evidence
RML,3,True,AHTPDB,1,1,False,positive_evidence
RMLGNTPTK,9,True,AHTPDB;BIOPEP_UWM_2026_export;BIOPEP_previous,3,3,False,positive_evidence
RMLGQ,5,True,AHTPDB;AI4ACEIP_positive,2,2,True,positive_evidence
RMLGQTP,7,True,AHTPDB;BIOPEP_UWM_2026_export;BIOPEP_previous,3,4,True,positive_evidence
RMLGQTPTK,9,True,AHTPDB;AI4ACEIP_positive;BIOPEP_UWM_2026_export;BIOPEP_previous,4,6,True,positive_evidence
RMLGQTPWK,9,True,AHTPDB;BIOPEP_UWM_2026_export;BIOPEP_previous,3,4,True,positive_evidence
RMLGQYPYK,9,True,AHTPDB,1,1,True,positive_evidence
RNAVPITPTL,10,True,BIOPEP_UWM_2026_export;BIOPEP_previous,2,2,False,positive_evidence
RNDDLNYIQ,9,True,AI4ACEIP_positive;BIOPEP_UWM_2026_export;BIOPEP_previous,3,3,True,positive_evidence
RNEQMGAGRLGRLRK,15,True,AI4ACEIP_positive;BIOPEP_UWM_2026_export;BIOPEP_previous,3,3,False,positive_evidence
RP,2,True,AHTPDB;BIOPEP_UWM_2026_export,2,24,True,positive_evidence
RPA,3,True,BIOPEP_UWM_2026_export,1,1,False,positive_evidence
RPF,3,True,AHTPDB,1,3,False,positive_evidence
RPG,3,True,AHTPDB,1,3,False,positive_evidence
RPK,3,True,AHTPDB;BIOPEP_UWM_2026_export,2,4,True,positive_evidence
RPKH,4,True,AHTPDB,1,1,False,positive_evidence
RPKHP,5,True,AHTPDB,1,1,False,positive_evidence
RPKHPI,6,True,AHTPDB;AI4ACEIP_positive,2,6,True,positive_evidence
RPKHPIK,7,True,AHTPDB,1,1,False,positive_evidence
RPKHPIKH,8,True,AHTPDB,1,1,True,positive_evidence
RPKHPIKHQ,9,True,AHTPDB;BIOPEP_UWM_2026_export;BIOPEP_previous,3,14,True,positive_evidence
RPKHPIKHQGLPQ,13,True,AHTPDB,1,3,False,positive_evidence
RPKHPIKHQGLPQEV,15,True,AHTPDB,1,1,False,positive_evidence
RPKHPIKHQGLPQEVLNEN,19,True,AHTPDB,1,1,False,positive_evidence
RPKHPIKHQGLPQEVLNENLLRF,23,True,AI4ACEIP_positive,1,1,False,positive_evidence
RPLA,4,True,AHTPDB,1,1,False,positive_evidence
RPLKPW,6,True,AHTPDB,1,1,False,positive_evidence
RPP,3,True,AHTPDB;BIOPEP_UWM_2026_export,2,2,False,positive_evidence
RPQIPP,6,True,AHTPDB,1,1,True,positive_evidence
RPR,3,True,AHTPDB,1,4,True,positive_evidence
RPRHQG,6,True,AI4ACEIP_positive,1,1,False,positive_evidence
RPSYT,5,True,AI4ACEIP_positive;BIOPEP_UWM_2026_export;BIOPEP_previous,3,4,True,positive_evidence
RPVPPVF,7,True,AI4ACEIP_positive,1,1,False,positive_evidence
RPY,3,True,BIOPEP_UWM_2026_export,1,1,False,positive_evidence
RPYL,4,True,AHTPDB;BIOPEP_UWM_2026_export,2,3,True,positive_evidence
RQLAGP,6,True,AI4ACEIP_positive,1,1,False,positive_evidence
RQTCDM,6,True,AI4ACEIP_positive,1,1,False,positive_evidence
RR,2,True,AHTPDB;BIOPEP_UWM_2026_export,2,9,True,positive_evidence
RRARGERMSRRK,12,True,AI4ACEIP_positive;BIOPEP_UWM_2026_export;BIOPEP_previous,3,3,False,positive_evidence
RRIKFN,6,True,AI4ACEIP_positive,1,2,False,positive_evidence
RRQRRRRMRKDK,12,True,AI4ACEIP_positive;BIOPEP_UWM_2026_export;BIOPEP_previous,3,3,False,positive_evidence
RRR,3,True,AHTPDB;BIOPEP_UWM_2026_export,2,4,False,positive_evidence
RRWQWR,6,True,AHTPDB;BIOPEP_UWM_2026_export;BIOPEP_previous,3,5,False,positive_evidence
RS,2,True,AHTPDB,1,1,True,positive_evidence
RSIKGF,6,True,AI4ACEIP_positive;BIOPEP_UWM_2026_export;BIOPEP_previous,3,3,True,positive_evidence
RVAPEEHPT,9,True,AHTPDB,1,1,False,positive_evidence
RVCLP,5,True,AI4ACEIP_positive;BIOPEP_UWM_2026_export;BIOPEP_previous,3,3,True,positive_evidence
RVFDGAV,7,True,AI4ACEIP_positive;BIOPEP_UWM_2026_export;BIOPEP_previous,3,3,True,positive_evidence
RVPSL,5,True,AHTPDB;AI4ACEIP_positive;BIOPEP_UWM_2026_export;BIOPEP_previous,4,6,True,positive_evidence
RVPSLM,6,True,AHTPDB;AI4ACEIP_positive,2,2,True,positive_evidence
RVR,3,True,BIOPEP_UWM_2026_export,1,1,False,positive_evidence
RVWCP,5,True,AI4ACEIP_positive,1,1,False,positive_evidence
RVY,3,True,AHTPDB;BIOPEP_UWM_2026_export,2,7,True,positive_evidence
RW,2,True,AHTPDB;BIOPEP_UWM_2026_export,2,12,True,positive_evidence
RWAEK,5,True,AI4ACEIP_positive;BIOPEP_UWM_2026_export;BIOPEP_previous,3,4,False,positive_evidence
RWL,3,True,BIOPEP_UWM_2026_export,1,1,False,positive_evidence
RWRSFFKKAAHRGKHVGKRARTHYLG,26,True,AI4ACEIP_positive,1,1,False,positive_evidence
RY,2,True,AHTPDB;BIOPEP_UWM_2026_export,2,15,True,positive_evidence
RYDF,4,True,BIOPEP_UWM_2026_export,1,1,False,positive_evidence
RYFPT,5,True,AI4ACEIP_positive,1,1,False,positive_evidence
RYL,3,True,BIOPEP_UWM_2026_export,1,1,False,positive_evidence
RYLG,4,True,BIOPEP_UWM_2026_export,1,1,False,positive_evidence
RYLGY,5,True,AHTPDB;AI4ACEIP_positive;BIOPEP_UWM_2026_export;BIOPEP_previous,4,12,True,positive_evidence
RYPS,4,True,BIOPEP_UWM_2026_export,1,1,False,positive_evidence
RYPSYG,6,True,AHTPDB,1,1,False,positive_evidence
RYQ,3,True,BIOPEP_UWM_2026_export,1,1,False,positive_evidence
RYQKF,5,True,AI4ACEIP_positive;BIOPEP_UWM_2026_export;BIOPEP_previous,3,4,False,positive_evidence
SAAVGSP,7,True,AI4ACEIP_positive,1,1,False,positive_evidence
SAGGYIW,7,True,AI4ACEIP_positive,1,1,False,positive_evidence
SALAM,5,True,AI4ACEIP_positive;BIOPEP_UWM_2026_export;BIOPEP_previous,3,4,False,positive_evidence
SAPLRVY,7,True,AHTPDB,1,1,True,positive_evidence
SAYPGQITSN,10,True,AHTPDB;BIOPEP_UWM_2026_export;BIOPEP_previous,3,4,True,positive_evidence
SCHTG,5,True,AHTPDB,1,1,False,positive_evidence
SDAAVDTSSEITTKDLKEKKEVVEEAEN,28,True,AI4ACEIP_positive,1,1,False,positive_evidence
SDGS,4,True,BIOPEP_UWM_2026_export,1,1,False,positive_evidence
SDNRNQGY,8,True,AI4ACEIP_positive;BIOPEP_UWM_2026_export;BIOPEP_previous,3,3,False,positive_evidence
SEPKAIP,7,True,BIOPEP_UWM_2026_export;BIOPEP_previous,2,2,True,positive_evidence
SF,2,True,AHTPDB;BIOPEP_UWM_2026_export,2,15,True,positive_evidence
SFHPYFSY,8,True,AI4ACEIP_positive;BIOPEP_UWM_2026_export;BIOPEP_previous,3,3,True,positive_evidence
SFQPQPLIYP,10,True,AHTPDB;BIOPEP_UWM_2026_export;BIOPEP_previous,3,5,True,positive_evidence
SFYPDY,6,True,BIOPEP_UWM_2026_export;BIOPEP_previous,2,2,True,positive_evidence
SG,2,True,AHTPDB;BIOPEP_UWM_2026_export,2,15,True,positive_evidence
SGAGY,5,True,AI4ACEIP_positive;BIOPEP_UWM_2026_export;BIOPEP_previous,3,3,False,positive_evidence
SGGSYADELVSTAK,14,True,AI4ACEIP_positive,1,1,False,positive_evidence
SGIQSEPKAIP,11,True,BIOPEP_UWM_2026_export;BIOPEP_previous,2,2,True,positive_evidence
SGP,3,True,BIOPEP_UWM_2026_export,1,1,False,positive_evidence
SGPLRPFF,8,True,BIOPEP_UWM_2026_export;BIOPEP_previous,2,2,True,positive_evidence
SGTVPGG,7,True,AI4ACEIP_positive,1,1,False,positive_evidence
SHP,3,True,AHTPDB;BIOPEP_UWM_2026_export,2,6,True,positive_evidence
SI,2,True,BIOPEP_UWM_2026_export,1,1,False,positive_evidence
SIQSQPQAFP,10,True,BIOPEP_UWM_2026_export;BIOPEP_previous,2,2,True,positive_evidence
SKPHT,5,True,AHTPDB,1,1,False,positive_evidence
SKVLPVPE,8,True,AHTPDB;BIOPEP_UWM_2026_export;BIOPEP_previous,3,6,False,positive_evidence
SKVLPVPQ,8,True,AHTPDB,1,1,False,positive_evidence
SKVLPVPQK,9,True,AHTPDB,1,1,False,positive_evidence
SKVPP,5,True,AHTPDB,1,3,True,positive_evidence
SKVYP,5,True,AHTPDB;AI4ACEIP_positive;BIOPEP_UWM_2026_export;BIOPEP_previous,4,8,True,positive_evidence
SKVYPFPGPI,10,True,AHTPDB;AI4ACEIP_positive;BIOPEP_UWM_2026_export;BIOPEP_previous,4,5,True,positive_evidence
SL,2,True,AHTPDB,1,1,False,positive_evidence
SLPQ,4,True,AHTPDB,1,5,True,positive_evidence
SLPQN,5,True,AI4ACEIP_positive;BIOPEP_UWM_2026_export;BIOPEP_previous,3,3,True,positive_evidence
SLR,3,True,BIOPEP_UWM_2026_export,1,1,False,positive_evidence
SLVLPVPE,8,True,AHTPDB;BIOPEP_UWM_2026_export;BIOPEP_previous,3,4,True,positive_evidence
SLVSPSAAAAAAPGGS,16,True,AI4ACEIP_positive,1,1,False,positive_evidence
SLVYP,5,True,AHTPDB;AI4ACEIP_positive;BIOPEP_UWM_2026_export;BIOPEP_previous,4,9,True,positive_evidence
SMRTH,5,True,AI4ACEIP_positive,1,2,False,positive_evidence
SNIP,4,True,AHTPDB,1,1,True,positive_evidence
SPP,3,True,AHTPDB,1,1,False,positive_evidence
SPPEIN,6,True,AHTPDB,1,1,False,positive_evidence
SPPPFYL,7,True,AHTPDB,1,1,True,positive_evidence
SPRCR,5,True,AI4ACEIP_positive,1,1,False,positive_evidence
SPYCYG,6,True,AI4ACEIP_positive;BIOPEP_UWM_2026_export;BIOPEP_previous,3,4,False,positive_evidence
SPYP,4,True,AHTPDB,1,3,True,positive_evidence
SQAVH,5,True,BIOPEP_UWM_2026_export;BIOPEP_previous,2,2,False,positive_evidence
SQPK,4,True,AHTPDB,1,5,True,positive_evidence
SQPQAFP,7,True,BIOPEP_UWM_2026_export;BIOPEP_previous,2,2,True,positive_evidence
SQSKVLPVPQ,10,True,AHTPDB;AI4ACEIP_positive,2,3,True,positive_evidence
SRGKQ,5,True,AHTPDB,1,1,False,positive_evidence
SRP,3,True,BIOPEP_UWM_2026_export,1,1,False,positive_evidence
SRY,3,True,AHTPDB,1,1,False,positive_evidence
SRYPS,5,True,AI4ACEIP_positive;BIOPEP_UWM_2026_export;BIOPEP_previous,3,4,False,positive_evidence
SSAPMF,6,True,AI4ACEIP_positive,1,1,False,positive_evidence
SSDEEVREEKELDLSSNE,18,True,AI4ACEIP_positive,1,1,False,positive_evidence
SSHEKY,6,True,BIOPEP_UWM_2026_export;BIOPEP_previous,2,2,False,positive_evidence
SSIQSQPQAFT,11,True,AHTPDB;BIOPEP_UWM_2026_export;BIOPEP_previous,3,4,True,positive_evidence
SSSKAKKMP,9,True,AI4ACEIP_positive,1,1,False,positive_evidence
ST,2,True,AHTPDB;BIOPEP_UWM_2026_export,2,3,True,positive_evidence
STHGVW,6,True,AI4ACEIP_positive,1,1,False,positive_evidence
STHGVY,6,True,BIOPEP_UWM_2026_export;BIOPEP_previous,2,2,True,positive_evidence
STYQT,5,True,AHTPDB,1,2,True,positive_evidence
SVAKL,5,True,AHTPDB,1,1,True,positive_evidence
SVAKLE,6,True,AHTPDB,1,1,True,positive_evidence
SVAKLEK,7,True,AHTPDB,1,1,True,positive_evidence
SVPQPK,6,True,AI4ACEIP_positive,1,2,False,positive_evidence
SVR,3,True,AHTPDB,1,1,False,positive_evidence
SVY,3,True,AHTPDB;BIOPEP_UWM_2026_export,2,3,False,positive_evidence
SVYT,4,True,BIOPEP_UWM_2026_export,1,1,False,positive_evidence
SWSF,4,True,AHTPDB,1,1,True,positive_evidence
SWSSFFKKAAHSGKHVGKSASTHYLG,26,True,AI4ACEIP_positive,1,1,False,positive_evidence
SY,2,True,AHTPDB;BIOPEP_UWM_2026_export,2,16,True,positive_evidence
TAP,3,True,AHTPDB;BIOPEP_UWM_2026_export,2,10,True,positive_evidence
TAPY,4,True,AHTPDB,1,1,False,positive_evidence
TAQVTSTEV,9,True,AHTPDB,1,1,False,positive_evidence
TCLRW,5,True,AI4ACEIP_positive,1,1,False,positive_evidence
TCRGLERA,8,True,AHTPDB,1,1,False,positive_evidence
TCSP,4,True,AHTPDB,1,3,False,positive_evidence
TDQHQDKIYP,10,True,AHTPDB;AI4ACEIP_positive;BIOPEP_UWM_2026_export;BIOPEP_previous,4,7,True,positive_evidence
TDVEK,5,True,AHTPDB,1,1,False,positive_evidence
TE,2,True,AHTPDB;BIOPEP_UWM_2026_export,2,8,False,positive_evidence
TEDELQDKIHP,11,True,AHTPDB,1,1,False,positive_evidence
TESQSLT,7,True,BIOPEP_UWM_2026_export;BIOPEP_previous,2,2,False,positive_evidence
TF,2,True,AHTPDB;BIOPEP_UWM_2026_export,2,14,True,positive_evidence
TFPHGP,6,True,AHTPDB;AI4ACEIP_positive;BIOPEP_UWM_2026_export;BIOPEP_previous,4,7,True,positive_evidence
TG,2,True,AHTPDB;BIOPEP_UWM_2026_export,2,12,True,positive_evidence
TGAPCR,6,True,AI4ACEIP_positive;BIOPEP_UWM_2026_export;BIOPEP_previous,3,4,True,positive_evidence
TGGGNA,6,True,AHTPDB,1,1,False,positive_evidence
TGGGNV,6,True,AHTPDB,1,2,False,positive_evidence
TGLKP,5,True,AI4ACEIP_positive;BIOPEP_UWM_2026_export;BIOPEP_previous,3,3,True,positive_evidence
TGP,3,True,BIOPEP_UWM_2026_export,1,1,False,positive_evidence
TGPIPN,6,True,AHTPDB;AI4ACEIP_positive,2,7,True,positive_evidence
TGPIPNSLPQ,10,True,AHTPDB;AI4ACEIP_positive,2,2,False,positive_evidence
TGVY,4,True,AHTPDB,1,3,True,positive_evidence
THDWWKER,8,True,BIOPEP_UWM_2026_export;BIOPEP_previous,2,2,True,positive_evidence
THEAGAAP,8,True,BIOPEP_previous,1,1,True,positive_evidence
THEATHEAP,9,True,BIOPEP_previous,1,1,True,positive_evidence
THIKWGD,7,True,AHTPDB,1,1,True,positive_evidence
TIGAPDGIPSAPR,13,True,AI4ACEIP_positive,1,1,False,positive_evidence
TIIPLPV,7,True,AHTPDB;AI4ACEIP_positive;BIOPEP_UWM_2026_export;BIOPEP_previous,4,4,False,positive_evidence
TK,2,True,AHTPDB,1,1,False,positive_evidence
TKIPA,5,True,AHTPDB,1,1,False,positive_evidence
TKIVP,5,True,AHTPDB,1,1,True,positive_evidence
TKKTKLTEEEKNRL,14,True,AHTPDB,1,1,False,positive_evidence
TKTGRSAHVLSRYRPRA,17,True,AHTPDB;AI4ACEIP_positive,2,2,True,positive_evidence
TKVIP,5,True,AHTPDB;AI4ACEIP_positive;BIOPEP_UWM_2026_export;BIOPEP_previous,4,9,True,positive_evidence
TKY,3,True,AHTPDB;BIOPEP_UWM_2026_export,2,4,True,positive_evidence
TLHGMV,6,True,AI4ACEIP_positive,1,1,False,positive_evidence
TLKYP,5,True,AI4ACEIP_positive;BIOPEP_UWM_2026_export;BIOPEP_previous,3,3,True,positive_evidence
TLS,3,True,BIOPEP_UWM_2026_export,1,1,False,positive_evidence
TLVGR,5,True,AI4ACEIP_positive,1,1,False,positive_evidence
TNGIIR,6,True,AHTPDB;AI4ACEIP_positive,2,3,True,positive_evidence
TNLDWY,6,True,AI4ACEIP_positive;BIOPEP_UWM_2026_export;BIOPEP_previous,3,3,True,positive_evidence
TNP,3,True,AHTPDB;BIOPEP_UWM_2026_export,2,6,True,positive_evidence
TP,2,True,AHTPDB;BIOPEP_UWM_2026_export,2,7,True,positive_evidence
TPCPPQ,6,True,AI4ACEIP_positive;BIOPEP_UWM_2026_export;BIOPEP_previous,3,4,False,positive_evidence
TPEVDDEALE,10,True,AHTPDB,1,1,False,positive_evidence
TPEVDDEALKE,11,True,AI4ACEIP_positive,1,1,False,positive_evidence
TPLPLAGPPR,10,True,BIOPEP_UWM_2026_export;BIOPEP_previous,2,2,True,positive_evidence
TPPAGPDGGPP,11,True,AHTPDB,1,1,False,positive_evidence
TPRVF,5,True,AHTPDB;AI4ACEIP_positive,2,3,True,positive_evidence
TPSPR,5,True,AHTPDB;AI4ACEIP_positive,2,2,False,positive_evidence
TPTQQS,6,True,BIOPEP_UWM_2026_export;BIOPEP_previous,2,2,True,positive_evidence
TPVVVPPFLQP,11,True,AHTPDB;BIOPEP_UWM_2026_export;BIOPEP_previous,3,12,True,positive_evidence
TPWVPPFLQP,10,True,AHTPDB,1,1,True,positive_evidence
TPYPCV,6,True,BIOPEP_UWM_2026_export;BIOPEP_previous,2,2,True,positive_evidence
TQ,2,True,AHTPDB;BIOPEP_UWM_2026_export,2,7,False,positive_evidence
TQPKTNAIPY,10,True,AHTPDB,1,1,False,positive_evidence
TQSLVYP,7,True,AHTPDB;BIOPEP_UWM_2026_export;BIOPEP_previous,3,6,True,positive_evidence
TQTPVVVPPFIQPE,14,True,AHTPDB,1,1,False,positive_evidence
TQTPVVVPPFLQPEIMGVPKVKE,23,True,AI4ACEIP_positive,1,1,False,positive_evidence
TQVY,4,True,AHTPDB;BIOPEP_UWM_2026_export,2,6,True,positive_evidence
TRDQQ,5,True,AHTPDB,1,1,False,positive_evidence
TRGKQ,5,True,AHTPDB,1,1,False,positive_evidence
TSFYPDY,7,True,BIOPEP_UWM_2026_export;BIOPEP_previous,2,2,True,positive_evidence
TSKYR,5,True,AI4ACEIP_positive,1,1,False,positive_evidence
TTENVLFG,8,True,AHTPDB;AI4ACEIP_positive,2,2,True,positive_evidence
TTFHTSGY,8,True,AI4ACEIP_positive,1,1,False,positive_evidence
TTI,3,True,AHTPDB,1,2,True,positive_evidence
TTMLIQDEDDLEMA,14,True,AHTPDB,1,1,False,positive_evidence
TTMPLW,6,True,AHTPDB;AI4ACEIP_positive;BIOPEP_UWM_2026_export;BIOPEP_previous,4,21,True,positive_evidence
TTN,3,True,AHTPDB;BIOPEP_UWM_2026_export,2,5,True,positive_evidence
TTW,3,True,BIOPEP_UWM_2026_export,1,1,False,positive_evidence
TVDQ,4,True,AHTPDB,1,1,False,positive_evidence
TVDQHQ,6,True,AHTPDB;AI4ACEIP_positive,2,5,True,positive_evidence
TVGGAPAGRIVME,13,True,AI4ACEIP_positive,1,1,False,positive_evidence
TVGMTAFK,8,True,AI4ACEIP_positive,1,1,False,positive_evidence
TVGMTAKF,8,True,AI4ACEIP_positive,1,1,False,positive_evidence
TVPY,4,True,AHTPDB,1,1,True,positive_evidence
TVTNPARIA,9,True,AI4ACEIP_positive,1,1,False,positive_evidence
TVVPG,5,True,AHTPDB;AI4ACEIP_positive,2,2,True,positive_evidence
TVY,3,True,AHTPDB;BIOPEP_UWM_2026_export,2,8,True,positive_evidence
TVYTKGRVMP,10,True,AHTPDB;AI4ACEIP_positive;BIOPEP_UWM_2026_export;BIOPEP_previous,4,6,True,positive_evidence
TYCQ,4,True,AHTPDB,1,1,True,positive_evidence
TYKEE,5,True,AI4ACEIP_positive;BIOPEP_UWM_2026_export;BIOPEP_previous,3,3,True,positive_evidence
TYLGS,5,True,AHTPDB;AI4ACEIP_positive,2,3,True,positive_evidence
TYLPVH,6,True,AI4ACEIP_positive,1,1,False,positive_evidence
VA,2,True,AHTPDB,1,1,False,positive_evidence
VAA,3,True,AHTPDB;BIOPEP_UWM_2026_export,2,9,True,positive_evidence
VADVYVGK,8,True,AHTPDB,1,1,True,positive_evidence
VAF,3,True,AHTPDB;BIOPEP_UWM_2026_export,2,3,True,positive_evidence
VAGTW,5,True,AHTPDB;AI4ACEIP_positive;BIOPEP_UWM_2026_export;BIOPEP_previous,4,8,True,positive_evidence
VAGTWY,6,True,AHTPDB;AI4ACEIP_positive;BIOPEP_UWM_2026_export;BIOPEP_previous,4,10,True,positive_evidence
VAGTWYSLAMAASDISLLDAQSAPLR,26,True,AI4ACEIP_positive,1,1,False,positive_evidence
VAHINVGK,8,True,AHTPDB,1,1,True,positive_evidence
VAHINVWK,8,True,AHTPDB,1,1,True,positive_evidence
VAHPVF,6,True,AI4ACEIP_positive,1,2,False,positive_evidence
VALDGGL,7,True,AI4ACEIP_positive,1,1,False,positive_evidence
VALGVPHH,8,True,AI4ACEIP_positive,1,1,False,positive_evidence
VAMPF,5,True,AI4ACEIP_positive,1,1,False,positive_evidence
VAND,4,True,AHTPDB,1,1,True,positive_evidence
VAP,3,True,AHTPDB;BIOPEP_UWM_2026_export,2,23,True,positive_evidence
VAPEEHPT,8,True,AHTPDB,1,1,False,positive_evidence
VAPEEHPV,8,True,BIOPEP_UWM_2026_export;BIOPEP_previous,2,2,True,positive_evidence
VAPFP,5,True,BIOPEP_UWM_2026_export;BIOPEP_previous,2,2,False,positive_evidence
VAPFPE,6,True,AI4ACEIP_positive,1,1,False,positive_evidence
VAPFPEV,7,True,AHTPDB;BIOPEP_UWM_2026_export;BIOPEP_previous,3,3,False,positive_evidence
VAPFPEVF,8,True,AHTPDB,1,2,True,positive_evidence
VAPFPEVFGKE,11,True,AHTPDB,1,1,False,positive_evidence
VAV,3,True,AHTPDB;BIOPEP_UWM_2026_export,2,8,True,positive_evidence
VAW,3,True,AHTPDB,1,1,True,positive_evidence
VAWKL,5,True,AHTPDB,1,3,True,positive_evidence
VAWRNRCKGTD,11,True,AI4ACEIP_positive,1,1,False,positive_evidence
VAY,3,True,AHTPDB;BIOPEP_UWM_2026_export,2,7,True,positive_evidence
VC,2,True,BIOPEP_UWM_2026_export,1,1,False,positive_evidence
VCLP,4,True,BIOPEP_UWM_2026_export,1,1,False,positive_evidence
VCYNQ,5,True,AHTPDB,1,1,True,positive_evidence
VD,2,True,AHTPDB,1,2,False,positive_evidence
VDF,3,True,AHTPDB,1,3,True,positive_evidence
VDFEG,5,True,AHTPDB,1,1,False,positive_evidence
VDKEA,5,True,AHTPDB,1,1,False,positive_evidence
VDP,3,True,AHTPDB,1,1,False,positive_evidence
VDSDVVKG,8,True,AI4ACEIP_positive;BIOPEP_UWM_2026_export;BIOPEP_previous,3,3,True,positive_evidence
VDW,3,True,AHTPDB,1,1,False,positive_evidence
VE,2,True,AHTPDB;BIOPEP_UWM_2026_export,2,10,False,positive_evidence
VECYGPNRPQF,11,True,AHTPDB;AI4ACEIP_positive;BIOPEP_UWM_2026_export;BIOPEP_previous,4,5,True,positive_evidence
VEELKP,6,True,AHTPDB,1,1,False,positive_evidence
VEF,3,True,AHTPDB;BIOPEP_UWM_2026_export,2,2,False,positive_evidence
VEFEG,5,True,AHTPDB,1,1,False,positive_evidence
VEGKSPNV,8,True,AI4ACEIP_positive,1,1,False,positive_evidence
VEGY,4,True,AHTPDB,1,4,True,positive_evidence
VELYP,5,True,AI4ACEIP_positive;BIOPEP_UWM_2026_export;BIOPEP_previous,3,4,True,positive_evidence
VENLHLPLPL,10,True,AHTPDB,1,1,False,positive_evidence
VENLHLPLPLL,11,True,AHTPDB;AI4ACEIP_positive;BIOPEP_UWM_2026_export;BIOPEP_previous,4,4,True,positive_evidence
VEP,3,True,AHTPDB;BIOPEP_UWM_2026_export,2,3,False,positive_evidence
VEPIPY,6,True,AI4ACEIP_positive,1,1,False,positive_evidence
VEQKHIQKE,9,True,AI4ACEIP_positive;BIOPEP_UWM_2026_export;BIOPEP_previous,3,3,False,positive_evidence
VES,3,True,BIOPEP_UWM_2026_export,1,1,False,positive_evidence
VEY,3,True,AHTPDB,1,1,False,positive_evidence
VF,2,True,AHTPDB;BIOPEP_UWM_2026_export,2,30,True,positive_evidence
VFER,4,True,AHTPDB,1,1,True,positive_evidence
VFEWAFAR,8,True,AHTPDB,1,1,False,positive_evidence
VFGKEK,6,True,AHTPDB,1,1,False,positive_evidence
VFGR,4,True,AHTPDB,1,1,False,positive_evidence
VFK,3,True,AHTPDB;BIOPEP_UWM_2026_export,2,6,True,positive_evidence
VFKAF,5,True,AI4ACEIP_positive;BIOPEP_UWM_2026_export;BIOPEP_previous,3,3,True,positive_evidence
VFNNNPQE,8,True,BIOPEP_UWM_2026_export;BIOPEP_previous,2,2,True,positive_evidence
VFPGCPET,8,True,BIOPEP_UWM_2026_export;BIOPEP_previous,2,2,True,positive_evidence
VFPS,4,True,AHTPDB;BIOPEP_UWM_2026_export,2,3,True,positive_evidence
VG,2,True,AHTPDB;BIOPEP_UWM_2026_export,2,26,True,positive_evidence
VGGIDEVIAK,10,True,AI4ACEIP_positive,1,1,False,positive_evidence
VGGPR,5,True,AI4ACEIP_positive,1,1,False,positive_evidence
VGINY,5,True,AI4ACEIP_positive,1,1,False,positive_evidence
VGINYWLAHK,10,True,AHTPDB;AI4ACEIP_positive;BIOPEP_UWM_2026_export;BIOPEP_previous,4,6,True,positive_evidence
VGINYWLAHKHK,12,True,AHTPDB,1,1,True,positive_evidence
VGLPIF,6,True,AHTPDB,1,2,True,positive_evidence
VGP,3,True,AHTPDB;BIOPEP_UWM_2026_export,2,2,False,positive_evidence
VGPAGRPG,8,True,AI4ACEIP_positive,1,1,False,positive_evidence
VGPAPWGF,8,True,BIOPEP_UWM_2026_export;BIOPEP_previous,2,2,False,positive_evidence
VGPR,4,True,AHTPDB,1,1,False,positive_evidence
VGPV,4,True,BIOPEP_UWM_2026_export,1,1,False,positive_evidence
VGVIKAVDKKAGGAGKVT,18,True,AI4ACEIP_positive;BIOPEP_UWM_2026_export;BIOPEP_previous,3,3,False,positive_evidence
VGVPGGV,7,True,AI4ACEIP_positive;BIOPEP_UWM_2026_export;BIOPEP_previous,3,3,False,positive_evidence
VHIPP,5,True,AHTPDB;AI4ACEIP_positive;BIOPEP_UWM_2026_export;BIOPEP_previous,4,7,True,positive_evidence
VHLAP,5,True,AHTPDB;AI4ACEIP_positive;BIOPEP_UWM_2026_export;BIOPEP_previous,4,6,True,positive_evidence
VHLPP,5,True,AHTPDB;AI4ACEIP_positive;BIOPEP_UWM_2026_export;BIOPEP_previous,4,8,True,positive_evidence
VHLPPP,6,True,AHTPDB;AI4ACEIP_positive;BIOPEP_UWM_2026_export;BIOPEP_previous,4,8,True,positive_evidence
VHRKC,5,True,AHTPDB,1,1,False,positive_evidence
VHSSIQSQPQAFT,13,True,AHTPDB;BIOPEP_UWM_2026_export;BIOPEP_previous,3,3,True,positive_evidence
VHW,3,True,BIOPEP_UWM_2026_export,1,1,False,positive_evidence
VHY,3,True,AHTPDB,1,1,False,positive_evidence
VHYEA,5,True,AHTPDB,1,1,False,positive_evidence
VI,2,True,AHTPDB,1,2,False,positive_evidence
VIEKYP,6,True,AHTPDB;AI4ACEIP_positive;BIOPEP_UWM_2026_export;BIOPEP_previous,4,5,True,positive_evidence
VIEPR,5,True,AI4ACEIP_positive;BIOPEP_UWM_2026_export;BIOPEP_previous,3,3,True,positive_evidence
VIF,3,True,AHTPDB,1,4,True,positive_evidence
VIGSPPEIN,9,True,AHTPDB;AI4ACEIP_positive,2,2,False,positive_evidence
VIGSPPQIN,9,True,AHTPDB,1,2,True,positive_evidence
VIIF,4,True,AHTPDB;BIOPEP_UWM_2026_export,2,10,True,positive_evidence
VIKP,4,True,AHTPDB;BIOPEP_UWM_2026_export,2,2,False,positive_evidence
VIP,3,True,AHTPDB,1,4,True,positive_evidence
VIPAAY,6,True,AHTPDB,1,1,True,positive_evidence
VIPEL,5,True,AHTPDB;AI4ACEIP_positive;BIOPEP_UWM_2026_export;BIOPEP_previous,4,7,True,positive_evidence
VIPVPFF,7,True,AI4ACEIP_positive,1,1,False,positive_evidence
VIQKYP,6,True,AI4ACEIP_positive,1,2,False,positive_evidence
VIRW,4,True,BIOPEP_UWM_2026_export,1,1,False,positive_evidence
VISDEDGVTH,10,True,AI4ACEIP_positive,1,1,False,positive_evidence
VIY,3,True,AHTPDB;BIOPEP_UWM_2026_export,2,12,True,positive_evidence
VK,2,True,AHTPDB;BIOPEP_UWM_2026_export,2,12,True,positive_evidence
VKAGE,5,True,AHTPDB,1,1,True,positive_evidence
VKAGF,5,True,AHTPDB;AI4ACEIP_positive;BIOPEP_UWM_2026_export;BIOPEP_previous,4,7,True,positive_evidence
VKCFR,5,True,AI4ACEIP_positive;BIOPEP_UWM_2026_export;BIOPEP_previous,3,4,True,positive_evidence
VKD,3,True,AHTPDB,1,2,False,positive_evidence
VKEAMAPK,8,True,AI4ACEIP_positive,1,1,False,positive_evidence
VKEDQ,5,True,AHTPDB,1,1,False,positive_evidence
VKELQ,5,True,AHTPDB,1,1,False,positive_evidence
VKELY,5,True,AHTPDB;AI4ACEIP_positive,2,2,False,positive_evidence
VKETT,5,True,AHTPDB,1,1,False,positive_evidence
VKF,3,True,AHTPDB;BIOPEP_UWM_2026_export,2,2,True,positive_evidence
VKH,3,True,AHTPDB,1,2,False,positive_evidence
VKHTT,5,True,AHTPDB,1,1,False,positive_evidence
VKHWPW,6,True,AHTPDB,1,1,False,positive_evidence
VKITVDDKHY,10,True,BIOPEP_UWM_2026_export;BIOPEP_previous,2,2,False,positive_evidence
VKK,3,True,AHTPDB;BIOPEP_UWM_2026_export,2,7,True,positive_evidence
VKKTC,5,True,AHTPDB,1,1,False,positive_evidence
VKKVLGNP,8,True,AHTPDB;AI4ACEIP_positive;BIOPEP_UWM_2026_export;BIOPEP_previous,4,9,True,positive_evidence
VKN,3,True,AHTPDB,1,1,False,positive_evidence
VKNDT,5,True,AHTPDB,1,1,False,positive_evidence
VKNEE,5,True,AHTPDB,1,1,False,positive_evidence
VKP,3,True,AHTPDB;BIOPEP_UWM_2026_export,2,7,True,positive_evidence
VL,2,True,AHTPDB,1,3,True,positive_evidence
VLAQYK,6,True,AHTPDB;AI4ACEIP_positive;BIOPEP_UWM_2026_export;BIOPEP_previous,4,6,True,positive_evidence
VLDTDYK,7,True,AHTPDB;BIOPEP_UWM_2026_export;BIOPEP_previous,3,6,True,positive_evidence
VLGP,4,True,AHTPDB,1,1,False,positive_evidence
VLGPVRGPFP,10,True,AHTPDB,1,6,True,positive_evidence
VLGPVRGPFPIIV,13,True,AHTPDB,1,1,False,positive_evidence
VLIVP,5,True,AHTPDB;AI4ACEIP_positive;BIOPEP_UWM_2026_export;BIOPEP_previous,4,11,True,positive_evidence
VLKP,4,True,BIOPEP_UWM_2026_export,1,1,False,positive_evidence
VLLPDEVSGL,10,True,AI4ACEIP_positive,1,1,False,positive_evidence
VLNENL,6,True,AHTPDB,1,1,False,positive_evidence
VLP,3,True,AHTPDB;BIOPEP_UWM_2026_export,2,16,True,positive_evidence
VLPEI,5,True,AHTPDB;AI4ACEIP_positive,2,3,False,positive_evidence
VLPIP,5,True,AHTPDB;AI4ACEIP_positive;BIOPEP_UWM_2026_export;BIOPEP_previous,4,8,True,positive_evidence
VLPIPQ,6,True,AHTPDB;AI4ACEIP_positive;BIOPEP_UWM_2026_export;BIOPEP_previous,4,9,True,positive_evidence
VLPSLN,6,True,AI4ACEIP_positive,1,1,False,positive_evidence
VLPVLS,6,True,AI4ACEIP_positive,1,1,False,positive_evidence
VLPVP,5,True,AI4ACEIP_positive,1,2,False,positive_evidence
VLPVPQ,6,True,AHTPDB;AI4ACEIP_positive,2,2,False,positive_evidence
VLPVPQK,7,True,AHTPDB;BIOPEP_UWM_2026_export;BIOPEP_previous,3,3,False,positive_evidence
VLPVPQKAVPQ,11,True,AI4ACEIP_positive,1,1,False,positive_evidence
VLPVPQKVVPQ,11,True,AI4ACEIP_positive,1,1,False,positive_evidence
VLPYP,5,True,AHTPDB;AI4ACEIP_positive;BIOPEP_UWM_2026_export;BIOPEP_previous,4,8,True,positive_evidence
VLPYPV,6,True,AHTPDB;AI4ACEIP_positive;BIOPEP_UWM_2026_export;BIOPEP_previous,4,8,True,positive_evidence
VLSRYP,6,True,AI4ACEIP_positive;BIOPEP_UWM_2026_export;BIOPEP_previous,3,3,True,positive_evidence
VLSTSFPPK,9,True,AI4ACEIP_positive,1,1,False,positive_evidence
VLVLDTDYK,9,True,AI4ACEIP_positive,1,1,False,positive_evidence
VLVPK,5,True,AI4ACEIP_positive,1,2,False,positive_evidence
VLY,3,True,AHTPDB;BIOPEP_UWM_2026_export,2,2,False,positive_evidence
VLYRDG,6,True,AHTPDB,1,1,False,positive_evidence
VM,2,True,BIOPEP_UWM_2026_export,1,1,False,positive_evidence
VMDKPQG,7,True,AHTPDB,1,3,True,positive_evidence
VMP,3,True,AHTPDB;BIOPEP_UWM_2026_export,2,7,True,positive_evidence
VNGSEKSKF,9,True,BIOPEP_UWM_2026_export;BIOPEP_previous,2,2,False,positive_evidence
VNP,3,True,AHTPDB;BIOPEP_UWM_2026_export,2,4,True,positive_evidence
VNRLM,5,True,AI4ACEIP_positive,1,1,False,positive_evidence
VP,2,True,AHTPDB;BIOPEP_UWM_2026_export,2,22,True,positive_evidence
VPAAPPK,7,True,AI4ACEIP_positive;BIOPEP_UWM_2026_export;BIOPEP_previous,3,3,True,positive_evidence
VPFGVG,6,True,AHTPDB,1,2,True,positive_evidence
VPK,3,True,AHTPDB;BIOPEP_UWM_2026_export,2,2,False,positive_evidence
VPKVK,5,True,AHTPDB;AI4ACEIP_positive,2,4,True,positive_evidence
VPKVKE,6,True,AHTPDB;AI4ACEIP_positive,2,2,False,positive_evidence
VPKVKET,7,True,AHTPDB,1,1,False,positive_evidence
VPLW,4,True,BIOPEP_UWM_2026_export,1,1,False,positive_evidence
VPP,3,True,AHTPDB;BIOPEP_UWM_2026_export,2,30,True,positive_evidence
VPPAK,5,True,AI4ACEIP_positive,1,1,False,positive_evidence
VPPFLQPEV,9,True,AHTPDB,1,1,False,positive_evidence
VPPIPP,6,True,AHTPDB,1,3,False,positive_evidence
VPPLYPN,7,True,AI4ACEIP_positive,1,1,False,positive_evidence
VPQ,3,True,AHTPDB,1,1,False,positive_evidence
VPQP,4,True,AHTPDB,1,2,False,positive_evidence
VPQPIP,6,True,AHTPDB;AI4ACEIP_positive;BIOPEP_UWM_2026_export;BIOPEP_previous,4,7,True,positive_evidence
VPSERY,6,True,AHTPDB;AI4ACEIP_positive,2,2,False,positive_evidence
VPSERYL,7,True,AHTPDB;BIOPEP_UWM_2026_export;BIOPEP_previous,3,4,True,positive_evidence
VPYPQRDMPIQA,12,True,AHTPDB,1,1,False,positive_evidence
VQ,2,True,AHTPDB,1,1,False,positive_evidence
VQKATY,6,True,BIOPEP_UWM_2026_export;BIOPEP_previous,2,2,True,positive_evidence
VQV,3,True,AHTPDB;BIOPEP_UWM_2026_export,2,2,False,positive_evidence
VQVTSTAV,8,True,AHTPDB,1,1,False,positive_evidence
VR,2,True,AHTPDB;BIOPEP_UWM_2026_export,2,12,True,positive_evidence
VRC,3,True,AHTPDB,1,1,False,positive_evidence
VRF,3,True,AHTPDB;BIOPEP_UWM_2026_export,2,3,True,positive_evidence
VRGP,4,True,AHTPDB;BIOPEP_UWM_2026_export,2,2,False,positive_evidence
VRGPFP,6,True,AHTPDB;AI4ACEIP_positive;BIOPEP_UWM_2026_export;BIOPEP_previous,4,7,True,positive_evidence
VRGPFPIIV,9,True,AHTPDB;BIOPEP_UWM_2026_export;BIOPEP_previous,3,12,True,positive_evidence
VRK,3,True,AHTPDB,1,3,True,positive_evidence
VRKGQ,5,True,AHTPDB,1,2,True,positive_evidence
VRL,3,True,AHTPDB,1,2,True,positive_evidence
VRLPT,5,True,AHTPDB,1,1,False,positive_evidence
VRMPQ,5,True,AHTPDB,1,1,False,positive_evidence
VRN,3,True,AHTPDB,1,2,False,positive_evidence
VRP,3,True,AHTPDB;BIOPEP_UWM_2026_export,2,14,True,positive_evidence
VRPEK,5,True,AHTPDB,1,1,False,positive_evidence
VRSP,4,True,AHTPDB;BIOPEP_UWM_2026_export,2,4,True,positive_evidence
VRTPE,5,True,AHTPDB,1,1,False,positive_evidence
VRTPEVDD,8,True,BIOPEP_UWM_2026_export;BIOPEP_previous,2,2,False,positive_evidence
VRW,3,True,AHTPDB,1,1,False,positive_evidence
VRWCT,5,True,AHTPDB,1,1,False,positive_evidence
VRY,3,True,AHTPDB;BIOPEP_UWM_2026_export,2,3,False,positive_evidence
VRYL,4,True,AHTPDB;BIOPEP_UWM_2026_export,2,6,True,positive_evidence
VSAVI,5,True,AI4ACEIP_positive,1,1,False,positive_evidence
VSGAGRY,7,True,AI4ACEIP_positive;BIOPEP_UWM_2026_export;BIOPEP_previous,3,3,True,positive_evidence
VSGP,4,True,BIOPEP_UWM_2026_export,1,1,False,positive_evidence
VSK,3,True,BIOPEP_UWM_2026_export,1,1,False,positive_evidence
VSKVKET,7,True,AHTPDB,1,1,False,positive_evidence
VSLPEW,6,True,AHTPDB;AI4ACEIP_positive,2,3,True,positive_evidence
VSP,3,True,AHTPDB;BIOPEP_UWM_2026_export,2,11,True,positive_evidence
VSQLTR,6,True,AI4ACEIP_positive,1,2,False,positive_evidence
VSRHFASYAN,10,True,AI4ACEIP_positive;BIOPEP_UWM_2026_export;BIOPEP_previous,3,3,True,positive_evidence
VSV,3,True,AHTPDB,1,3,True,positive_evidence
VSW,3,True,AHTPDB,1,1,False,positive_evidence
VTC,3,True,AHTPDB,1,1,False,positive_evidence
VTGRFAGHPAAQ,12,True,AI4ACEIP_positive;BIOPEP_UWM_2026_export;BIOPEP_previous,3,3,True,positive_evidence
VTP,3,True,AHTPDB,1,1,False,positive_evidence
VTPALR,6,True,AHTPDB,1,5,True,positive_evidence
VTR,3,True,AHTPDB;BIOPEP_UWM_2026_export,2,2,False,positive_evidence
VTSTAV,6,True,AHTPDB;AI4ACEIP_positive;BIOPEP_UWM_2026_export;BIOPEP_previous,4,7,True,positive_evidence
VTSTGPVGH,9,True,AI4ACEIP_positive,1,1,False,positive_evidence
VTVNPYKWLP,10,True,AHTPDB;AI4ACEIP_positive;BIOPEP_UWM_2026_export;BIOPEP_previous,4,7,True,positive_evidence
VTY,3,True,AHTPDB,1,1,False,positive_evidence
VV,2,True,AHTPDB;BIOPEP_UWM_2026_export,2,2,False,positive_evidence
VVAPFPE,7,True,AHTPDB,1,1,False,positive_evidence
VVAPFPEVF,9,True,AHTPDB,1,1,False,positive_evidence
VVCVPW,6,True,AI4ACEIP_positive;BIOPEP_UWM_2026_export;BIOPEP_previous,3,3,True,positive_evidence
VVF,3,True,AHTPDB;BIOPEP_UWM_2026_export,2,2,False,positive_evidence
VVGAK,5,True,AHTPDB,1,1,True,positive_evidence
VVGP,4,True,BIOPEP_UWM_2026_export,1,1,False,positive_evidence
VVL,3,True,BIOPEP_UWM_2026_export,1,1,False,positive_evidence
VVLY,4,True,BIOPEP_UWM_2026_export,1,1,False,positive_evidence
VVLYK,5,True,AI4ACEIP_positive,1,1,False,positive_evidence
VVLYR,5,True,AI4ACEIP_positive,1,2,False,positive_evidence
VVPP,4,True,AHTPDB;BIOPEP_UWM_2026_export,2,4,True,positive_evidence
VVPPA,5,True,AHTPDB;AI4ACEIP_positive;BIOPEP_UWM_2026_export;BIOPEP_previous,4,7,True,positive_evidence
VVPPFIQPE,9,True,AHTPDB,1,1,False,positive_evidence
VVR,3,True,BIOPEP_UWM_2026_export,1,1,False,positive_evidence
VVRP,4,True,AHTPDB;BIOPEP_UWM_2026_export,2,5,True,positive_evidence
VVSGPYIVY,9,True,AI4ACEIP_positive,1,1,False,positive_evidence
VVV,3,True,AHTPDB,1,3,False,positive_evidence
VVVGDGAVGK,10,True,AI4ACEIP_positive,1,1,False,positive_evidence
VVVPP,5,True,AHTPDB,1,2,True,positive_evidence
VVVPPF,6,True,AHTPDB;AI4ACEIP_positive;BIOPEP_UWM_2026_export;BIOPEP_previous,4,6,True,positive_evidence
VVW,3,True,AHTPDB;BIOPEP_UWM_2026_export,2,2,True,positive_evidence
VVY,3,True,AHTPDB,1,4,True,positive_evidence
VVYPW,5,True,AHTPDB;AI4ACEIP_positive;BIOPEP_UWM_2026_export;BIOPEP_previous,4,6,True,positive_evidence
VVYPWR,6,True,BIOPEP_UWM_2026_export;BIOPEP_previous,2,2,True,positive_evidence
VVYPWT,6,True,AHTPDB;AI4ACEIP_positive,2,4,True,positive_evidence
VVYPWTQ,7,True,BIOPEP_UWM_2026_export;BIOPEP_previous,2,2,True,positive_evidence
VVYPWTQRF,9,True,AHTPDB;BIOPEP_UWM_2026_export;BIOPEP_previous,3,12,True,positive_evidence
VW,2,True,AHTPDB;BIOPEP_UWM_2026_export,2,52,True,positive_evidence
VWDPPKFD,8,True,AHTPDB;AI4ACEIP_positive,2,7,True,positive_evidence
VWIG,4,True,AHTPDB;BIOPEP_UWM_2026_export,2,2,True,positive_evidence
VWIS,4,True,AHTPDB,1,9,True,positive_evidence
VWP,3,True,AHTPDB;BIOPEP_UWM_2026_export,2,2,True,positive_evidence
VWY,3,True,AHTPDB;BIOPEP_UWM_2026_export,2,7,True,positive_evidence
VWYHT,5,True,AI4ACEIP_positive,1,2,False,positive_evidence
VY,2,True,AHTPDB;BIOPEP_UWM_2026_export,2,50,True,positive_evidence
VYAP,4,True,AHTPDB;BIOPEP_UWM_2026_export,2,9,True,positive_evidence
VYHEL,5,True,AHTPDB,1,1,False,positive_evidence
VYIHPF,6,True,AHTPDB,1,1,False,positive_evidence
VYLAELHF,8,True,BIOPEP_UWM_2026_export;BIOPEP_previous,2,2,True,positive_evidence
VYLPQ,5,True,AHTPDB,1,1,False,positive_evidence
VYLPRM,6,True,BIOPEP_UWM_2026_export;BIOPEP_previous,2,2,True,positive_evidence
VYNEGLPAP,9,True,AHTPDB;AI4ACEIP_positive;BIOPEP_UWM_2026_export;BIOPEP_previous,4,5,True,positive_evidence
VYP,3,True,AHTPDB;BIOPEP_UWM_2026_export,2,20,True,positive_evidence
VYPFPG,6,True,AHTPDB;AI4ACEIP_positive;BIOPEP_UWM_2026_export;BIOPEP_previous,4,18,True,positive_evidence
VYPFPGPI,8,True,AHTPDB;BIOPEP_UWM_2026_export;BIOPEP_previous,3,4,True,positive_evidence
VYPFPGPIHNSLPQNIPPLTQT,22,True,AHTPDB,1,1,False,positive_evidence
VYPFPGPIPN,10,True,BIOPEP_UWM_2026_export;BIOPEP_previous,2,2,False,positive_evidence
VYPFPGPIPNSL,12,True,AHTPDB,1,1,False,positive_evidence
VYPGG,5,True,AI4ACEIP_positive,1,1,False,positive_evidence
VYPHK,5,True,AHTPDB,1,1,True,positive_evidence
VYRT,4,True,BIOPEP_UWM_2026_export,1,1,False,positive_evidence
VYVEELKPTPE,11,True,AHTPDB,1,1,False,positive_evidence
WA,2,True,AHTPDB;BIOPEP_UWM_2026_export,2,7,True,positive_evidence
WAA,3,True,BIOPEP_UWM_2026_export,1,1,False,positive_evidence
WAAGYCC,7,True,AI4ACEIP_positive,1,1,False,positive_evidence
WALKGYK,7,True,AI4ACEIP_positive,1,1,False,positive_evidence
WAP,3,True,AHTPDB,1,1,False,positive_evidence
WCW,3,True,BIOPEP_UWM_2026_export,1,1,False,positive_evidence
WDDME,5,True,AI4ACEIP_positive,1,1,False,positive_evidence
WE,2,True,AHTPDB,1,1,False,positive_evidence
WEPFP,5,True,BIOPEP_UWM_2026_export;BIOPEP_previous,2,2,False,positive_evidence
WG,2,True,AHTPDB;BIOPEP_UWM_2026_export,2,9,True,positive_evidence
WGAFGK,6,True,AI4ACEIP_positive,1,1,False,positive_evidence
WGAP,4,True,BIOPEP_UWM_2026_export,1,1,False,positive_evidence
WGHGNPHV,8,True,BIOPEP_UWM_2026_export;BIOPEP_previous,2,2,True,positive_evidence
WH,2,True,AHTPDB,1,1,True,positive_evidence
WHHTF,5,True,AHTPDB;AI4ACEIP_positive,2,2,True,positive_evidence
WHP,3,True,BIOPEP_UWM_2026_export,1,1,False,positive_evidence
WIQP,4,True,BIOPEP_UWM_2026_export,1,1,False,positive_evidence
WKP,3,True,BIOPEP_UWM_2026_export,1,1,False,positive_evidence
WKVIP,5,True,BIOPEP_UWM_2026_export;BIOPEP_previous,2,2,False,positive_evidence
WL,2,True,AHTPDB;BIOPEP_UWM_2026_export,2,9,True,positive_evidence
WLAHK,5,True,AHTPDB;AI4ACEIP_positive;BIOPEP_UWM_2026_export;BIOPEP_previous,4,10,True,positive_evidence
WLGHGGRPDHE,11,True,AI4ACEIP_positive,1,1,False,positive_evidence
WLP,3,True,AHTPDB;BIOPEP_UWM_2026_export,2,2,True,positive_evidence
WLW,3,True,BIOPEP_UWM_2026_export,1,1,False,positive_evidence
WM,2,True,AHTPDB;BIOPEP_UWM_2026_export,2,8,True,positive_evidence
WMY,3,True,BIOPEP_UWM_2026_export,1,1,False,positive_evidence
WNINA,5,True,AHTPDB,1,1,False,positive_evidence
WNLNA,5,True,AHTPDB,1,1,False,positive_evidence
WNPR,4,True,AHTPDB;BIOPEP_UWM_2026_export,2,2,False,positive_evidence
WP,2,True,AHTPDB;BIOPEP_UWM_2026_export,2,2,True,positive_evidence
WPEAAELMMEVDP,13,True,AHTPDB;AI4ACEIP_positive;BIOPEP_UWM_2026_export;BIOPEP_previous,4,8,True,positive_evidence
WPERPPQIP,9,True,AHTPDB;AI4ACEIP_positive;BIOPEP_UWM_2026_export;BIOPEP_previous,4,4,True,positive_evidence
WPPRPQIPP,9,True,AHTPDB,1,1,False,positive_evidence
WQ,2,True,AHTPDB,1,3,False,positive_evidence
WQVLPNAVPAK,11,True,AHTPDB;AI4ACEIP_positive,2,5,True,positive_evidence
WQW,3,True,AHTPDB,1,1,False,positive_evidence
WRGTNGPL,8,True,AI4ACEIP_positive,1,1,False,positive_evidence
WRMDIDGDIMISEQEAHQR,19,True,AI4ACEIP_positive,1,1,False,positive_evidence
WRP,3,True,BIOPEP_UWM_2026_export,1,1,False,positive_evidence
WSKVVL,6,True,AHTPDB,1,3,True,positive_evidence
WSR,3,True,BIOPEP_UWM_2026_export,1,1,False,positive_evidence
WSVPQPK,7,True,AHTPDB;AI4ACEIP_positive;BIOPEP_UWM_2026_export;BIOPEP_previous,4,5,True,positive_evidence
WSY,3,True,BIOPEP_UWM_2026_export,1,1,False,positive_evidence
WT,2,True,AHTPDB;BIOPEP_UWM_2026_export,2,2,True,positive_evidence
WTFR,4,True,BIOPEP_UWM_2026_export,1,1,False,positive_evidence
WV,2,True,AHTPDB;BIOPEP_UWM_2026_export,2,2,True,positive_evidence
WVPSV,5,True,AHTPDB;BIOPEP_UWM_2026_export;BIOPEP_previous,3,3,True,positive_evidence
WVPSVY,6,True,AHTPDB,1,2,True,positive_evidence
WVYY,4,True,BIOPEP_UWM_2026_export,1,1,False,positive_evidence
WW,2,True,AHTPDB;BIOPEP_UWM_2026_export,2,2,False,positive_evidence
WWI,3,True,BIOPEP_UWM_2026_export,1,1,False,positive_evidence
WWW,3,True,BIOPEP_UWM_2026_export,1,1,False,positive_evidence
WY,2,True,AHTPDB;BIOPEP_UWM_2026_export,2,2,True,positive_evidence
WYGPDRPKFL,10,True,AI4ACEIP_positive,1,1,False,positive_evidence
WYLHYA,6,True,AI4ACEIP_positive,1,1,False,positive_evidence
WYQQVPGSGL,10,True,BIOPEP_UWM_2026_export;BIOPEP_previous,2,2,True,positive_evidence
WYS,3,True,AHTPDB,1,1,True,positive_evidence
WYSL,4,True,AHTPDB;BIOPEP_UWM_2026_export,2,2,False,positive_evidence
WYSLA,5,True,AHTPDB;AI4ACEIP_positive;BIOPEP_UWM_2026_export;BIOPEP_previous,4,5,True,positive_evidence
WYSLAM,6,True,AHTPDB;AI4ACEIP_positive;BIOPEP_UWM_2026_export;BIOPEP_previous,4,5,True,positive_evidence
WYSLAMA,7,True,AHTPDB;BIOPEP_UWM_2026_export;BIOPEP_previous,3,3,True,positive_evidence
WYT,3,True,BIOPEP_UWM_2026_export,1,1,False,positive_evidence
YA,2,True,AHTPDB;BIOPEP_UWM_2026_export,2,9,True,positive_evidence
YAAAT,5,True,AI4ACEIP_positive;BIOPEP_UWM_2026_export;BIOPEP_previous,3,4,False,positive_evidence
YAEERYPIL,9,True,AHTPDB;AI4ACEIP_positive;BIOPEP_UWM_2026_export;BIOPEP_previous,4,12,True,positive_evidence
YAGGS,5,True,AI4ACEIP_positive;BIOPEP_UWM_2026_export;BIOPEP_previous,3,3,False,positive_evidence
YAKP,4,True,BIOPEP_UWM_2026_export,1,1,False,positive_evidence
YAKPA,5,True,AI4ACEIP_positive;BIOPEP_UWM_2026_export;BIOPEP_previous,3,4,False,positive_evidence
YAKPVA,6,True,AHTPDB,1,4,True,positive_evidence
YALPHA,6,True,AHTPDB;AI4ACEIP_positive;BIOPEP_UWM_2026_export;BIOPEP_previous,4,7,True,positive_evidence
YANPAVVRP,9,True,AHTPDB;BIOPEP_UWM_2026_export;BIOPEP_previous,3,5,True,positive_evidence
YAP,3,True,AHTPDB,1,1,True,positive_evidence
YDDER,5,True,BIOPEP_UWM_2026_export;BIOPEP_previous,2,2,False,positive_evidence
YDDGSYKPH,9,True,BIOPEP_UWM_2026_export;BIOPEP_previous,2,2,True,positive_evidence
YE,2,True,AHTPDB;BIOPEP_UWM_2026_export,2,2,False,positive_evidence
YEAP,4,True,AHTPDB,1,1,False,positive_evidence
YEAYPS,6,True,AI4ACEIP_positive,1,1,False,positive_evidence
YESMADPCS,9,True,AI4ACEIP_positive,1,1,False,positive_evidence
YETGNGIK,8,True,BIOPEP_UWM_2026_export;BIOPEP_previous,2,2,True,positive_evidence
YEY,3,True,AHTPDB,1,1,False,positive_evidence
YF,2,True,AHTPDB,1,1,False,positive_evidence
YFYPEL,6,True,AHTPDB;AI4ACEIP_positive;BIOPEP_UWM_2026_export;BIOPEP_previous,4,6,False,positive_evidence
YG,2,True,AHTPDB;BIOPEP_UWM_2026_export,2,19,True,positive_evidence
YGAGS,5,True,AI4ACEIP_positive,1,1,False,positive_evidence
YGAP,4,True,AHTPDB,1,1,True,positive_evidence
YGCGCDLP,8,True,AI4ACEIP_positive,1,1,False,positive_evidence
YGCGCDPL,8,True,AI4ACEIP_positive,1,1,False,positive_evidence
YGFL,4,True,BIOPEP_UWM_2026_export,1,1,False,positive_evidence
YGFLP,5,True,AHTPDB;AI4ACEIP_positive;BIOPEP_UWM_2026_export;BIOPEP_previous,4,7,True,positive_evidence
YGFLPILP,8,True,AHTPDB,1,1,True,positive_evidence
YGG,3,True,AHTPDB;BIOPEP_UWM_2026_export,2,7,True,positive_evidence
YGGFL,5,True,AI4ACEIP_positive,1,1,False,positive_evidence
YGGFM,5,True,AI4ACEIP_positive,1,1,False,positive_evidence
YGGVSLPEW,9,True,AHTPDB,1,1,True,positive_evidence
YGGY,4,True,AHTPDB;BIOPEP_UWM_2026_export,2,7,True,positive_evidence
YGIKVGYAIP,10,True,AI4ACEIP_positive,1,1,False,positive_evidence
YGKHVAVHAR,10,True,AI4ACEIP_positive,1,1,False,positive_evidence
YGKPVAVPAR,10,True,AI4ACEIP_positive,1,1,False,positive_evidence
YGL,3,True,AHTPDB;BIOPEP_UWM_2026_export,2,8,True,positive_evidence
YGLF,4,True,AHTPDB;BIOPEP_UWM_2026_export,2,14,True,positive_evidence
YGLVAGTW,8,True,AHTPDB;BIOPEP_UWM_2026_export;BIOPEP_previous,3,3,False,positive_evidence
YGLYP,5,True,AHTPDB;AI4ACEIP_positive,2,2,True,positive_evidence
YGNPVGGVGH,10,True,BIOPEP_UWM_2026_export;BIOPEP_previous,2,2,True,positive_evidence
YGNWLYK,7,True,AI4ACEIP_positive;BIOPEP_UWM_2026_export;BIOPEP_previous,3,3,False,positive_evidence
YGY,3,True,AHTPDB,1,3,False,positive_evidence
YH,2,True,AHTPDB;BIOPEP_UWM_2026_export,2,9,True,positive_evidence
YI,2,True,BIOPEP_UWM_2026_export,1,1,False,positive_evidence
YIEAVNKVSPRAGQF,15,True,BIOPEP_UWM_2026_export;BIOPEP_previous,2,2,True,positive_evidence
YIHPF,5,True,AHTPDB,1,1,False,positive_evidence
YINQMPQKSRE,11,True,BIOPEP_UWM_2026_export;BIOPEP_previous,2,2,True,positive_evidence
YINQMPQKSREA,12,True,AI4ACEIP_positive;BIOPEP_UWM_2026_export;BIOPEP_previous,3,3,True,positive_evidence
YIPIQY,6,True,AHTPDB;AI4ACEIP_positive;BIOPEP_UWM_2026_export;BIOPEP_previous,4,9,True,positive_evidence
YIPIQYVL,8,True,AHTPDB,1,1,False,positive_evidence
YIPIQYVLSR,10,True,AHTPDB;AI4ACEIP_positive,2,5,True,positive_evidence
YK,2,True,AHTPDB;BIOPEP_UWM_2026_export,2,13,True,positive_evidence
YKLRP,5,True,AI4ACEIP_positive;BIOPEP_UWM_2026_export;BIOPEP_previous,3,4,False,positive_evidence
YKVPQL,6,True,AHTPDB;AI4ACEIP_positive;BIOPEP_UWM_2026_export;BIOPEP_previous,4,17,True,positive_evidence
YKW,3,True,AHTPDB,1,1,True,positive_evidence
YKWL,4,True,AHTPDB,1,1,True,positive_evidence
YKWLP,5,True,AHTPDB,1,1,True,positive_evidence
YKY,3,True,AHTPDB;BIOPEP_UWM_2026_export,2,2,True,positive_evidence
YKYY,4,True,AHTPDB;BIOPEP_UWM_2026_export,2,9,True,positive_evidence
YL,2,True,AHTPDB;BIOPEP_UWM_2026_export,2,21,True,positive_evidence
YLAGNQ,6,True,AHTPDB;AI4ACEIP_positive;BIOPEP_UWM_2026_export;BIOPEP_previous,4,8,True,positive_evidence
YLAHK,5,True,AHTPDB,1,1,False,positive_evidence
YLEPA,5,True,AHTPDB,1,1,False,positive_evidence
YLGY,4,True,BIOPEP_UWM_2026_export,1,1,False,positive_evidence
YLGYLE,6,True,BIOPEP_UWM_2026_export;BIOPEP_previous,2,2,True,positive_evidence
YLGYLEQLLR,10,True,AI4ACEIP_positive,1,1,False,positive_evidence
YLL,3,True,BIOPEP_UWM_2026_export,1,1,False,positive_evidence
YLLF,4,True,AHTPDB;BIOPEP_UWM_2026_export,2,10,True,positive_evidence
YLLLK,5,True,AI4ACEIP_positive,1,2,False,positive_evidence
YLLVR,5,True,BIOPEP_UWM_2026_export;BIOPEP_previous,2,2,False,positive_evidence
YLPP,4,True,BIOPEP_UWM_2026_export,1,1,False,positive_evidence
YLR,3,True,BIOPEP_UWM_2026_export,1,1,False,positive_evidence
YLYEIA,6,True,AHTPDB;BIOPEP_UWM_2026_export;BIOPEP_previous,3,5,True,positive_evidence
YLYEIAR,7,True,AHTPDB;BIOPEP_UWM_2026_export;BIOPEP_previous,3,4,True,positive_evidence
YLYEIARR,8,True,AHTPDB;BIOPEP_UWM_2026_export;BIOPEP_previous,3,4,True,positive_evidence
YLYSPAY,7,True,BIOPEP_UWM_2026_export;BIOPEP_previous,2,2,True,positive_evidence
YMGLDLK,7,True,AI4ACEIP_positive,1,1,False,positive_evidence
YMHCYF,6,True,AI4ACEIP_positive,1,1,False,positive_evidence
YN,2,True,AHTPDB;BIOPEP_UWM_2026_export,2,5,True,positive_evidence
YNK,3,True,AHTPDB;BIOPEP_UWM_2026_export,2,2,True,positive_evidence
YNKL,4,True,AHTPDB;BIOPEP_UWM_2026_export,2,8,True,positive_evidence
YNL,3,True,BIOPEP_UWM_2026_export,1,1,False,positive_evidence
YP,2,True,AHTPDB;BIOPEP_UWM_2026_export,2,21,True,positive_evidence
YPER,4,True,AHTPDB,1,2,False,positive_evidence
YPF,3,True,AHTPDB,1,5,False,positive_evidence
YPFGPIPN,8,True,AHTPDB,1,1,False,positive_evidence
YPFPGP,6,True,AI4ACEIP_positive,1,1,False,positive_evidence
YPFPGPI,7,True,AHTPDB;BIOPEP_UWM_2026_export;BIOPEP_previous,3,7,True,positive_evidence
YPFPGPIN,8,True,AHTPDB,1,1,False,positive_evidence
YPFPGPIP,8,True,AHTPDB;BIOPEP_UWM_2026_export;BIOPEP_previous,3,5,True,positive_evidence
YPFPGPIPN,9,True,AHTPDB;BIOPEP_UWM_2026_export;BIOPEP_previous,3,12,True,positive_evidence
YPFPGPIPNSL,11,True,AHTPDB,1,1,False,positive_evidence
YPFVEP,6,True,BIOPEP_UWM_2026_export;BIOPEP_previous,2,2,True,positive_evidence
YPG,3,True,BIOPEP_UWM_2026_export,1,1,False,positive_evidence
YPGIA,5,True,AHTPDB,1,1,False,positive_evidence
YPI,3,True,AHTPDB,1,3,True,positive_evidence
YPK,3,True,AHTPDB,1,2,True,positive_evidence
YPLDL,5,True,AHTPDB;AI4ACEIP_positive;BIOPEP_UWM_2026_export;BIOPEP_previous,4,5,True,positive_evidence
YPLDLF,6,True,AHTPDB;AI4ACEIP_positive;BIOPEP_UWM_2026_export;BIOPEP_previous,4,5,True,positive_evidence
YPQRDMPIQ,9,True,AHTPDB;BIOPEP_UWM_2026_export;BIOPEP_previous,3,4,False,positive_evidence
YPQRDMPIQAFLLYQEPV,18,True,AI4ACEIP_positive,1,1,False,positive_evidence
YPQY,4,True,BIOPEP_UWM_2026_export,1,1,False,positive_evidence
YPR,3,True,AHTPDB;BIOPEP_UWM_2026_export,2,4,True,positive_evidence
YPRY,4,True,AHTPDB;BIOPEP_UWM_2026_export,2,2,True,positive_evidence
YPSFQPQPLIYP,12,True,AHTPDB;BIOPEP_UWM_2026_export;BIOPEP_previous,3,5,True,positive_evidence
YPSPV,5,True,AI4ACEIP_positive;BIOPEP_UWM_2026_export;BIOPEP_previous,3,4,False,positive_evidence
YPSYGLNYY,9,True,AHTPDB,1,1,False,positive_evidence
YPVEPF,6,True,AHTPDB;AI4ACEIP_positive,2,2,False,positive_evidence
YPVEPFTE,8,True,AHTPDB,1,1,False,positive_evidence
YPVQPFTE,8,True,AHTPDB;AI4ACEIP_positive;BIOPEP_UWM_2026_export;BIOPEP_previous,4,6,False,positive_evidence
YPWTQ,5,True,AI4ACEIP_positive,1,1,False,positive_evidence
YPWTQR,6,True,AHTPDB;AI4ACEIP_positive;BIOPEP_UWM_2026_export;BIOPEP_previous,4,5,False,positive_evidence
YPYY,4,True,AHTPDB;BIOPEP_UWM_2026_export,2,5,True,positive_evidence
YQ,2,True,AHTPDB;BIOPEP_UWM_2026_export,2,2,False,positive_evidence
YQAP,4,True,AHTPDB,1,1,False,positive_evidence
YQEPVL,6,True,AHTPDB;AI4ACEIP_positive;BIOPEP_UWM_2026_export;BIOPEP_previous,4,8,True,positive_evidence
YQEPVLG,7,True,BIOPEP_UWM_2026_export;BIOPEP_previous,2,2,False,positive_evidence
YQEPVLGPVRG,11,True,AHTPDB,1,1,True,positive_evidence
YQEPVLGPVRGPF,13,True,AHTPDB,1,1,False,positive_evidence
YQEPVLGPVRGPFPI,15,True,AHTPDB,1,1,False,positive_evidence
YQEPVLGPVRGPFPIIV,17,True,AHTPDB,1,4,False,positive_evidence
YQEPVLQPVR,10,True,AHTPDB;AI4ACEIP_positive;BIOPEP_UWM_2026_export;BIOPEP_previous,4,5,True,positive_evidence
YQEVLGPVRGPFPIIV,16,True,AHTPDB,1,1,False,positive_evidence
YQGS,4,True,BIOPEP_UWM_2026_export,1,1,False,positive_evidence
YQIGL,5,True,AI4ACEIP_positive,1,2,False,positive_evidence
YQK,3,True,BIOPEP_UWM_2026_export,1,1,False,positive_evidence
YQKFPQY,7,True,AHTPDB;AI4ACEIP_positive;BIOPEP_UWM_2026_export;BIOPEP_previous,4,11,True,positive_evidence
YQKFPQYL,8,True,BIOPEP_UWM_2026_export;BIOPEP_previous,2,2,False,positive_evidence
YQL,3,True,AHTPDB,1,1,False,positive_evidence
YQNPRLGPTGELDPATQPIVAVHNPVIV,28,True,AHTPDB,1,1,True,positive_evidence
YQQKPVAL,8,True,BIOPEP_UWM_2026_export;BIOPEP_previous,2,2,False,positive_evidence
YQQP,4,True,AHTPDB,1,1,False,positive_evidence
YQQPVL,6,True,AHTPDB;AI4ACEIP_positive;BIOPEP_UWM_2026_export;BIOPEP_previous,4,10,True,positive_evidence
YQQPVLGPVR,10,True,AHTPDB;AI4ACEIP_positive;BIOPEP_UWM_2026_export;BIOPEP_previous,4,8,True,positive_evidence
YQQRPVA,7,True,AI4ACEIP_positive,1,1,False,positive_evidence
YQY,3,True,AHTPDB;BIOPEP_UWM_2026_export,2,5,True,positive_evidence
YRGGLEPINF,10,True,AHTPDB;AI4ACEIP_positive,2,4,False,positive_evidence
YRNTQ,5,True,AHTPDB,1,1,False,positive_evidence
YRP,3,True,BIOPEP_UWM_2026_export,1,1,False,positive_evidence
YRPY,4,True,AHTPDB;BIOPEP_UWM_2026_export,2,6,True,positive_evidence
YRSTQ,5,True,AHTPDB,1,1,False,positive_evidence
YS,2,True,AHTPDB;BIOPEP_UWM_2026_export,2,2,True,positive_evidence
YSQQQQ,6,True,AHTPDB;AI4ACEIP_positive;BIOPEP_UWM_2026_export;BIOPEP_previous,4,7,True,positive_evidence
YTAGV,5,True,AHTPDB,1,1,False,positive_evidence
YTDAPSF,7,True,AHTPDB,1,1,False,positive_evidence
YTFPFH,6,True,BIOPEP_UWM_2026_export;BIOPEP_previous,2,2,True,positive_evidence
YTGN,4,True,BIOPEP_UWM_2026_export,1,1,False,positive_evidence
YTVF,4,True,AHTPDB;BIOPEP_UWM_2026_export,2,2,False,positive_evidence
YV,2,True,AHTPDB;BIOPEP_UWM_2026_export,2,3,False,positive_evidence
YVA,3,True,AHTPDB;BIOPEP_UWM_2026_export,2,2,False,positive_evidence
YVE,3,True,AHTPDB,1,1,False,positive_evidence
YVNDAATLLPR,11,True,AI4ACEIP_positive,1,1,False,positive_evidence
YVP,3,True,AHTPDB;BIOPEP_UWM_2026_export,2,8,True,positive_evidence
YVPFPPF,7,True,AI4ACEIP_positive,1,1,False,positive_evidence
YVPHWDL,7,True,AI4ACEIP_positive;BIOPEP_UWM_2026_export;BIOPEP_previous,3,3,True,positive_evidence
YVPHWNL,7,True,BIOPEP_UWM_2026_export;BIOPEP_previous,2,2,True,positive_evidence
YVTASPHLR,9,True,AI4ACEIP_positive,1,1,False,positive_evidence
YVVF,4,True,BIOPEP_UWM_2026_export,1,1,False,positive_evidence
YVVFK,5,True,AHTPDB;AI4ACEIP_positive,2,3,True,positive_evidence
YW,2,True,AHTPDB;BIOPEP_UWM_2026_export,2,22,True,positive_evidence
YY,2,True,AHTPDB;BIOPEP_UWM_2026_export,2,2,False,positive_evidence
YYAKPAAVR,9,True,AI4ACEIP_positive;BIOPEP_UWM_2026_export;BIOPEP_previous,3,3,True,positive_evidence
YYAPF,5,True,AHTPDB;AI4ACEIP_positive;BIOPEP_UWM_2026_export;BIOPEP_previous,4,6,True,positive_evidence
YYAPFDGIL,9,True,AHTPDB;BIOPEP_UWM_2026_export;BIOPEP_previous,3,5,True,positive_evidence
YYAPFE,6,True,AHTPDB;AI4ACEIP_positive;BIOPEP_UWM_2026_export;BIOPEP_previous,4,5,True,positive_evidence
YYAPFQ,6,True,AI4ACEIP_positive,1,2,False,positive_evidence
YYG,3,True,AHTPDB,1,3,False,positive_evidence
YYLLVR,6,True,BIOPEP_UWM_2026_export;BIOPEP_previous,2,2,False,positive_evidence
YYLVR,5,True,BIOPEP_UWM_2026_export;BIOPEP_previous,2,2,False,positive_evidence
YYPQIMQY,8,True,AHTPDB,1,1,True,positive_evidence
YYQQKP,6,True,AI4ACEIP_positive;BIOPEP_UWM_2026_export;BIOPEP_previous,3,3,False,positive_evidence
YYRA,4,True,AHTPDB,1,3,True,positive_evidence
YYVPLGTQ,8,True,AHTPDB,1,1,False,positive_evidence
YYY,3,True,AHTPDB,1,3,False,positive_evidence
