model,fold,sequence,length,label,probability,similarity_cluster
length_only_logistic,1,VLNSNAAPLPN,11,0,0.5047760179569264,1308
length_only_logistic,1,PSDHDHE,7,0,0.49740813705502795,655
length_only_logistic,1,AYFYPELF,8,1,0.499250126747139,716
length_only_logistic,1,LLRHVVKILEKYL,13,0,0.5084593806239189,1419
length_only_logistic,1,PRKEKLCTTS,10,1,0.5029341171954996,1168
length_only_logistic,1,RNFLR,5,0,0.4937244187135711,234
length_only_logistic,1,FFRNR,5,1,0.4937244187135711,51
length_only_logistic,1,GPAGAPGAA,9,1,0.5010921367936365,908
length_only_logistic,1,DMCPHD,6,1,0.4955662177141143,358
length_only_logistic,1,WQWRMKALGA,10,0,0.5029341171954996,1223
length_only_logistic,1,YLGPQY,6,0,0.4955662177141143,553
length_only_logistic,1,KNQDK,5,0,0.4937244187135711,120
length_only_logistic,1,REQEEL,6,1,0.4955662177141143,483
length_only_logistic,1,PLPPHDLL,8,0,0.499250126747139,791
length_only_logistic,1,FPGGPP,6,1,0.4955662177141143,379
length_only_logistic,1,TDVEK,5,1,0.4937244187135711,252
length_only_logistic,1,SAPLRVY,7,1,0.49740813705502795,671
length_only_logistic,1,LKPTPQGN,8,1,0.499250126747139,769
length_only_logistic,1,EEYFPVGGDRPESF,14,0,0.5103007426028119,1442
length_only_logistic,1,SQCQAIHNVVHA,12,0,0.5066177890907607,1374
length_only_logistic,1,LDLQR,5,0,0.4937244187135711,129
length_only_logistic,1,FIGTLIPLALGALTKLFK,18,0,0.5176628968895054,1558
length_only_logistic,1,INTLSGR,7,1,0.49740813705502795,614
length_only_logistic,1,LPPPV,5,0,0.4937244187135711,148
length_only_logistic,1,EVMAGNYLPG,10,1,0.5029341171954996,1101
length_only_logistic,1,LLPHHADADY,10,0,0.5029341171954996,1145
length_only_logistic,1,CRQNTLGHNTQTSIAQ,16,1,0.5139825782134224,1514
length_only_logistic,1,ENLHLPLP,8,1,0.499250126747139,643
length_only_logistic,1,PKAVHE,6,0,0.4955662177141143,464
length_only_logistic,1,FLPPVT,6,0,0.4955662177141143,377
length_only_logistic,1,IRAMPVAV,8,1,0.499250126747139,751
length_only_logistic,1,WKLLSKAQEKFGKNKSR,17,0,0.5158229520841676,1555
length_only_logistic,1,TDGGLLE,7,0,0.49740813705502795,679
length_only_logistic,1,VKKTC,5,1,0.4937244187135711,283
length_only_logistic,1,YINQMPQKSREA,12,1,0.5066177890907607,1318
length_only_logistic,1,VYPFPGPI,8,1,0.499250126747139,846
length_only_logistic,1,LDAVNR,6,0,0.4955662177141143,423
length_only_logistic,1,RPNYTDA,7,0,0.49740813705502795,670
length_only_logistic,1,PDHHMMYF,8,0,0.499250126747139,788
length_only_logistic,1,AHEPVK,6,1,0.4955662177141143,349
length_only_logistic,1,HERDPTHIKWGD,12,1,0.5066177890907607,1339
length_only_logistic,1,MILMR,5,0,0.4937244187135711,168
length_only_logistic,1,AFPGS,5,1,0.4937244187135711,0
length_only_logistic,1,IPAGV,5,1,0.4937244187135711,100
length_only_logistic,1,IYPSFQPQPLIYP,13,1,0.5084593806239189,1385
length_only_logistic,1,PFPQPQLPF,9,0,0.5010921367936365,962
length_only_logistic,1,QLGFLGPR,8,1,0.499250126747139,799
length_only_logistic,1,GYYPT,5,0,0.4937244187135711,75
length_only_logistic,1,EFLLAGNNKR,10,0,0.5029341171954996,1093
length_only_logistic,1,NFHPQ,5,0,0.4937244187135711,177
length_only_logistic,1,QSLVYP,6,1,0.4955662177141143,479
length_only_logistic,1,FVAPFPEVFGKEKVNE,16,1,0.5139825782134224,1517
length_only_logistic,1,PQHQFPQPT,9,0,0.5010921367936365,973
length_only_logistic,1,YANPAVVRP,9,1,0.5010921367936365,1056
length_only_logistic,1,VIPMGL,6,0,0.4955662177141143,521
length_only_logistic,1,EVPKA,5,1,0.4937244187135711,46
length_only_logistic,1,AWQWRWQWR,9,0,0.5010921367936365,880
length_only_logistic,1,VVVGDGAVGK,10,1,0.5029341171954996,1218
length_only_logistic,1,DYGLYP,6,1,0.4955662177141143,316
length_only_logistic,1,IYPVPEPS,8,0,0.499250126747139,754
length_only_logistic,1,RRLSYSRRRF,10,0,0.5029341171954996,1186
length_only_logistic,1,FFVAPFEVFGK,11,1,0.5047760179569264,1255
length_only_logistic,1,VPFGVG,6,1,0.4955662177141143,527
length_only_logistic,1,QQPYPQQPY,9,0,0.5010921367936365,996
length_only_logistic,1,ASQSIWLPGWL,11,1,0.5047760179569264,1246
length_only_logistic,1,VEELKP,6,1,0.4955662177141143,518
length_only_logistic,1,YPFPGPIPNSL,11,1,0.5047760179569264,1320
length_only_logistic,1,GCTLN,5,0,0.4937244187135711,61
length_only_logistic,1,VECYGPNRPQF,11,1,0.5047760179569264,1307
length_only_logistic,1,KPSSPPEE,8,0,0.499250126747139,760
length_only_logistic,1,RFVVAPFPE,9,0,0.5010921367936365,1016
length_only_logistic,1,LNPPHQIYP,9,1,0.5010921367936365,783
length_only_logistic,1,FFGFN,5,0,0.4937244187135711,50
length_only_logistic,1,NPPHQIYP,8,1,0.499250126747139,783
length_only_logistic,1,VVSNFGKTVFDGVL,14,0,0.5103007426028119,1484
length_only_logistic,1,IYPFVE,6,0,0.4955662177141143,111
length_only_logistic,1,NKDVAM,6,1,0.4955662177141143,457
length_only_logistic,1,YLGSGY,6,0,0.4955662177141143,554
length_only_logistic,1,FGERR,5,0,0.4937244187135711,53
length_only_logistic,1,YGGVSLPEW,9,1,0.5010921367936365,1061
length_only_logistic,1,SQSKVLPVPQ,10,1,0.5029341171954996,1194
length_only_logistic,1,VTDFYF,6,0,0.4955662177141143,295
length_only_logistic,1,QLAQIPR,7,0,0.49740813705502795,659
length_only_logistic,1,FVAPAGTINY,10,0,0.5029341171954996,1109
length_only_logistic,1,LVNPHDHQN,9,0,0.5010921367936365,955
length_only_logistic,1,YGLYP,5,1,0.4937244187135711,316
length_only_logistic,1,LDAQSAPLR,9,1,0.5010921367936365,940
length_only_logistic,1,TTFHTSGY,8,1,0.499250126747139,827
length_only_logistic,1,IYPFVEPIPY,10,0,0.5029341171954996,1137
length_only_logistic,1,KHNRGDEF,8,0,0.499250126747139,756
length_only_logistic,1,YPTSL,5,0,0.4937244187135711,333
length_only_logistic,1,IFENLQN,7,1,0.49740813705502795,612
length_only_logistic,1,VGGRP,5,0,0.4937244187135711,275
length_only_logistic,1,RKPKV,5,0,0.4937244187135711,230
length_only_logistic,1,KDQGSYEDF,9,1,0.5010921367936365,934
length_only_logistic,1,QQPFPQQPY,9,0,0.5010921367936365,996
length_only_logistic,1,KGYGGVSLPEW,11,1,0.5047760179569264,1061
length_only_logistic,1,HCQRPR,6,0,0.4955662177141143,393
length_only_logistic,1,SPFWNINAHS,10,0,0.5029341171954996,1193
length_only_logistic,1,LVYPFP,6,1,0.4955662177141143,447
length_only_logistic,1,KDLQL,5,0,0.4937244187135711,116
length_only_logistic,1,GPGAGTPGGA,10,1,0.5029341171954996,1118
length_only_logistic,1,SKPHT,5,1,0.4937244187135711,244
length_only_logistic,1,FFVAPFPEVFGK,12,1,0.5066177890907607,1255
length_only_logistic,1,LKPNM,5,1,0.4937244187135711,139
length_only_logistic,1,KHDRGDEF,8,0,0.499250126747139,756
length_only_logistic,1,VVLYR,5,1,0.4937244187135711,299
length_only_logistic,1,LNGDVW,6,0,0.4955662177141143,434
length_only_logistic,1,IASGEPTSTPT,11,1,0.5047760179569264,1267
length_only_logistic,1,QNLLRF,6,1,0.4955662177141143,369
length_only_logistic,1,GPRPP,5,0,0.4937244187135711,65
length_only_logistic,1,VKSVVAL,7,0,0.49740813705502795,687
length_only_logistic,1,YPFVVNA,7,0,0.49740813705502795,699
length_only_logistic,1,IQAEAGLTEV,10,0,0.5029341171954996,1131
length_only_logistic,1,LVVYPWTQR,9,1,0.5010921367936365,776
length_only_logistic,1,RLPSEFDLSAFLRA,14,1,0.5103007426028119,1477
length_only_logistic,1,SVMPVVA,7,0,0.49740813705502795,677
length_only_logistic,1,KIHPFAQT,8,1,0.499250126747139,757
length_only_logistic,1,ACNLPRMC,8,1,0.499250126747139,704
length_only_logistic,1,IFVPH,5,0,0.4937244187135711,88
length_only_logistic,1,LLLLLIRKLIK,11,0,0.5047760179569264,1282
length_only_logistic,1,APVPP,5,1,0.4937244187135711,15
length_only_logistic,1,VTCDILSVEAKGVKLG,16,0,0.5139825782134224,1535
length_only_logistic,1,FRDEHKK,7,0,0.49740813705502795,588
length_only_logistic,1,PVLGPVRGPF,10,1,0.5029341171954996,1172
length_only_logistic,1,RWQWRAQWR,9,0,0.5010921367936365,1026
length_only_logistic,1,EIEIDNAHKET,11,0,0.5047760179569264,1251
length_only_logistic,1,YGGFLR,6,0,0.4955662177141143,314
length_only_logistic,1,VGGSDLQALK,10,0,0.5029341171954996,1209
length_only_logistic,1,RKNVY,5,0,0.4937244187135711,229
length_only_logistic,1,CYFQNCPRG,9,0,0.5010921367936365,882
length_only_logistic,1,MPIQA,5,0,0.4937244187135711,173
length_only_logistic,1,PYVRYL,6,1,0.4955662177141143,473
length_only_logistic,1,FHERDPTHIKWGD,13,1,0.5084593806239189,1339
length_only_logistic,1,NENLLRFFVAPFPE,14,1,0.5103007426028119,1468
length_only_logistic,1,FPLEMMPF,8,0,0.499250126747139,733
length_only_logistic,1,RQLAGP,6,1,0.4955662177141143,491
length_only_logistic,1,VKRRGQDCIHGFCSD,15,0,0.5121418250987635,1511
length_only_logistic,1,IIENGEKWS,9,0,0.5010921367936365,924
length_only_logistic,1,LVYPFTGPIPN,11,1,0.5047760179569264,1287
length_only_logistic,1,KYLGPQY,7,0,0.49740813705502795,553
length_only_logistic,1,APGAGVY,7,1,0.49740813705502795,564
length_only_logistic,1,QVSLLQQFFL,10,0,0.5029341171954996,1181
length_only_logistic,1,TRDQQ,5,1,0.4937244187135711,263
length_only_logistic,1,LKKISQ,6,1,0.4955662177141143,432
length_only_logistic,1,PQPYPQQPY,9,0,0.5010921367936365,983
length_only_logistic,1,EFFDVSNELFQ,11,0,0.5047760179569264,1249
length_only_logistic,1,KNWKKILKKIIKVVK,15,0,0.5121418250987635,1497
length_only_logistic,1,LLLQLIRKLIL,11,0,0.5047760179569264,1282
length_only_logistic,1,KAEEEYPDL,9,1,0.5010921367936365,933
length_only_logistic,1,VAWKL,5,1,0.4937244187135711,269
length_only_logistic,1,HPHPHLSFMAIPP,13,0,0.5084593806239189,1408
length_only_logistic,1,GNPVGGVGHGTTGT,14,1,0.5103007426028119,1451
length_only_logistic,1,GQKSVPEVR,9,1,0.5010921367936365,913
length_only_logistic,1,LRENNKLMLLELK,13,1,0.5084593806239189,1420
length_only_logistic,1,DPYKLRP,7,1,0.49740813705502795,578
length_only_logistic,1,TPWVPPFLQP,10,1,0.5029341171954996,1203
length_only_logistic,1,EAPGGYDD,8,1,0.499250126747139,723
length_only_logistic,1,NWGQFHGGW,9,0,0.5010921367936365,959
length_only_logistic,1,NGRAHA,6,0,0.4955662177141143,454
length_only_logistic,1,SQLALTNPT,9,0,0.5010921367936365,1031
length_only_logistic,1,QQQQLPQQH,9,0,0.5010921367936365,1005
length_only_logistic,1,LVGDEQAVPAVCVP,14,0,0.5103007426028119,1465
length_only_logistic,1,HPINHR,6,0,0.4955662177141143,396
length_only_logistic,1,KAAVT,5,0,0.4937244187135711,112
length_only_logistic,1,HVCYMF,6,0,0.4955662177141143,397
length_only_logistic,1,ITTNP,5,1,0.4937244187135711,107
length_only_logistic,1,FFVAPFPFEVFGK,13,1,0.5084593806239189,1255
length_only_logistic,1,RADHPF,6,1,0.4955662177141143,481
length_only_logistic,1,EIAKLM,6,1,0.4955662177141143,366
length_only_logistic,1,VFDGEL,6,0,0.4955662177141143,520
length_only_logistic,1,YQEPVLGPVRGPFPIIV,17,1,0.5158229520841676,1556
length_only_logistic,1,SYLPPLTT,8,0,0.499250126747139,817
length_only_logistic,1,KPYVFRATGAL,11,0,0.5047760179569264,1276
length_only_logistic,1,YNILSGFDTEL,11,0,0.5047760179569264,1319
length_only_logistic,1,FVSACSVAG,9,1,0.5010921367936365,901
length_only_logistic,1,FLPLIGRVLSGILG,14,0,0.5103007426028119,1400
length_only_logistic,1,VKETT,5,1,0.4937244187135711,282
length_only_logistic,1,EDLDED,6,0,0.4955662177141143,363
length_only_logistic,1,FLPLIGKVLSGIL,13,0,0.5084593806239189,1400
length_only_logistic,1,QQPFVQQQQPFVQQ,14,0,0.5103007426028119,1473
length_only_logistic,1,LEELLHHLEELLHH,14,0,0.5103007426028119,1460
length_only_logistic,1,PFPQPQQPT,9,0,0.5010921367936365,963
length_only_logistic,1,VPSIDDQEELM,11,0,0.5047760179569264,1310
length_only_logistic,1,LPESVHLDK,9,1,0.5010921367936365,948
length_only_logistic,1,INKKI,5,0,0.4937244187135711,98
length_only_logistic,1,IAYKPAG,7,1,0.49740813705502795,610
length_only_logistic,1,EGGSF,5,1,0.4937244187135711,35
length_only_logistic,1,VEIPE,5,0,0.4937244187135711,273
length_only_logistic,1,GKGEGGGGLA,10,0,0.5029341171954996,1114
length_only_logistic,1,TPSPR,5,1,0.4937244187135711,262
length_only_logistic,1,MRKDQ,5,1,0.4937244187135711,176
length_only_logistic,1,INKVVR,6,1,0.4955662177141143,405
length_only_logistic,1,GPRPPP,6,0,0.4955662177141143,65
length_only_logistic,1,VYNEGLPAP,9,1,0.5010921367936365,1050
length_only_logistic,1,FPGLADR,7,0,0.49740813705502795,585
length_only_logistic,1,NIIPA,5,1,0.4937244187135711,182
length_only_logistic,1,YLLVR,5,1,0.4937244187135711,318
length_only_logistic,1,PIQQQPHQF,9,0,0.5010921367936365,971
length_only_logistic,1,FVLPH,5,0,0.4937244187135711,58
length_only_logistic,1,EGLPPRPKIPP,11,1,0.5047760179569264,1250
length_only_logistic,1,WEGPK,5,0,0.4937244187135711,304
length_only_logistic,1,GFPGP,5,0,0.4937244187135711,62
length_only_logistic,1,LSPQSY,6,1,0.4955662177141143,442
length_only_logistic,1,PQPYPQQPF,9,0,0.5010921367936365,983
length_only_logistic,1,PFPQPQQPQ,9,0,0.5010921367936365,963
length_only_logistic,1,ELFTT,5,1,0.4937244187135711,39
length_only_logistic,1,VPYPQRDMPIQA,12,1,0.5066177890907607,1382
length_only_logistic,1,PVEPFTESQ,9,1,0.5010921367936365,987
length_only_logistic,1,YLNVVTRPRF,10,0,0.5029341171954996,1236
length_only_logistic,1,AKYCY,5,1,0.4937244187135711,7
length_only_logistic,1,LAPSTIK,7,1,0.49740813705502795,626
length_only_logistic,1,EPAWSNLGIW,10,0,0.5029341171954996,1096
length_only_logistic,1,SKVWRHWRRFWHRAHRKL,18,0,0.5176628968895054,1571
length_only_logistic,1,PVSHDHAPEY,10,0,0.5029341171954996,1173
length_only_logistic,1,LGLNGDDVN,9,0,0.5010921367936365,943
length_only_logistic,1,IVTNWDDMEK,10,1,0.5029341171954996,1136
length_only_logistic,1,LGDARNSPAPP,11,1,0.5047760179569264,1281
length_only_logistic,1,PQPQQPFPW,9,0,0.5010921367936365,977
length_only_logistic,1,KDGEA,5,0,0.4937244187135711,115
length_only_logistic,1,EFVAPFPEVFGK,12,1,0.5066177890907607,1255
length_only_logistic,1,THEATHEAP,9,1,0.5010921367936365,1035
length_only_logistic,1,GYYPTS,6,0,0.4955662177141143,75
length_only_logistic,1,YVTASPHLR,9,1,0.5010921367936365,1063
length_only_logistic,1,ADKNFLRF,8,0,0.499250126747139,706
length_only_logistic,1,FAGGTSGSGV,10,0,0.5029341171954996,1103
length_only_logistic,1,RNEQMGAGRLGRLRK,15,1,0.5121418250987635,1509
length_only_logistic,1,ARGPQLRLRF,10,0,0.5029341171954996,1078
length_only_logistic,1,PVPQP,5,1,0.4937244187135711,207
length_only_logistic,1,HFGDPFH,7,0,0.49740813705502795,605
length_only_logistic,1,PAGLPGPA,8,0,0.499250126747139,787
length_only_logistic,1,TKIPA,5,1,0.4937244187135711,256
length_only_logistic,1,YSNQNGRF,8,0,0.499250126747139,862
length_only_logistic,1,DVFRELRVQ,9,0,0.5010921367936365,887
length_only_logistic,1,VRGPFPIIV,9,1,0.5010921367936365,1045
length_only_logistic,1,KTCGY,5,0,0.4937244187135711,123
length_only_logistic,1,LGFPTTKTYFPHF,13,1,0.5084593806239189,1417
length_only_logistic,1,IQPQQPFPQ,9,0,0.5010921367936365,926
length_only_logistic,1,PHQQQQQQF,9,0,0.5010921367936365,969
length_only_logistic,1,GVDNPGHPF,9,1,0.5010921367936365,914
length_only_logistic,1,SKVYPFPGPI,10,1,0.5029341171954996,1190
length_only_logistic,1,NIPPLTQTPV,10,1,0.5029341171954996,1162
length_only_logistic,1,GHSLLHF,7,0,0.49740813705502795,594
length_only_logistic,1,LKVGVKQY,8,1,0.499250126747139,770
length_only_logistic,1,HLPPPV,6,1,0.4955662177141143,148
length_only_logistic,1,VFRQWQKIMRRLVRR,15,0,0.5121418250987635,1510
length_only_logistic,1,QQPYPQ,6,0,0.4955662177141143,477
length_only_logistic,1,LAHKAL,6,1,0.4955662177141143,420
length_only_logistic,1,QFAAD,5,0,0.4937244187135711,215
length_only_logistic,1,NWKKILGKICR,11,0,0.5047760179569264,1294
length_only_logistic,1,YPVSL,5,0,0.4937244187135711,334
length_only_logistic,1,QSWMHQPHQ,9,1,0.5010921367936365,1011
length_only_logistic,1,VLKVGGTSDVEV,12,0,0.5066177890907607,1381
length_only_logistic,1,VGVIKAVDKKAGGAGKVT,18,1,0.5176628968895054,1573
length_only_logistic,1,VYIHPF,6,1,0.4955662177141143,538
length_only_logistic,1,ENLLRF,6,1,0.4955662177141143,369
length_only_logistic,1,LVVYPW,6,1,0.4955662177141143,446
length_only_logistic,1,ACGNLPRMC,9,1,0.5010921367936365,704
length_only_logistic,1,LSRGQ,5,1,0.4937244187135711,155
length_only_logistic,1,RWQWAWQWR,9,0,0.5010921367936365,1025
length_only_logistic,1,QQPQQPLPQ,9,0,0.5010921367936365,1002
length_only_logistic,1,FDTADLPSGKGYL,13,0,0.5084593806239189,1396
length_only_logistic,1,PQPYPQQPQ,9,0,0.5010921367936365,983
length_only_logistic,1,YAFGYPS,7,0,0.49740813705502795,696
length_only_logistic,1,LQPEVMGVSK,10,1,0.5029341171954996,1151
length_only_logistic,1,YPSFQPQPLIYP,12,1,0.5066177890907607,1385
length_only_logistic,1,AYTGV,5,1,0.4937244187135711,23
length_only_logistic,1,LIPPGVPY,8,1,0.499250126747139,768
length_only_logistic,1,YYPTSPQQSGQG,12,0,0.5066177890907607,1387
length_only_logistic,1,VTDFY,5,0,0.4937244187135711,295
length_only_logistic,1,YPFPGPIN,8,1,0.499250126747139,854
length_only_logistic,1,LPAGV,5,1,0.4937244187135711,145
length_only_logistic,1,VYPFPGPIA,9,0,0.5010921367936365,846
length_only_logistic,1,IELPLG,6,1,0.4955662177141143,401
length_only_logistic,1,ALPMHIR,7,1,0.49740813705502795,563
length_only_logistic,1,SSHWSS,6,0,0.4955662177141143,504
length_only_logistic,1,LVTVM,5,1,0.4937244187135711,157
length_only_logistic,1,YMVSAIWG,8,0,0.499250126747139,853
length_only_logistic,1,VEGKSPNV,8,1,0.499250126747139,835
length_only_logistic,1,AQTQSL,6,1,0.4955662177141143,353
length_only_logistic,1,RPFHPF,6,0,0.4955662177141143,488
length_only_logistic,1,DSSEEKFLR,9,0,0.5010921367936365,885
length_only_logistic,1,ASHLGLAR,8,1,0.499250126747139,713
length_only_logistic,1,NENLLRFFVAPFPEVFG,17,1,0.5158229520841676,1468
length_only_logistic,1,YPFPGPIPN,9,1,0.5010921367936365,854
length_only_logistic,1,VQGQGIIQPPQQPAQL,16,0,0.5139825782134224,1534
length_only_logistic,1,FFVAPFPGVFGK,12,1,0.5066177890907607,1255
length_only_logistic,1,EHPVL,5,1,0.4937244187135711,36
length_only_logistic,1,SKVYP,5,1,0.4937244187135711,245
length_only_logistic,1,PLLPQQPFPSQQEQPQF,17,0,0.5158229520841676,1549
length_only_logistic,1,VYPFPGPIPNSL,12,1,0.5066177890907607,1320
length_only_logistic,1,GASSGMPG,8,1,0.499250126747139,737
length_only_logistic,1,TLLLLIRKLIL,11,0,0.5047760179569264,1282
length_only_logistic,1,RLKKY,5,0,0.4937244187135711,233
length_only_logistic,1,PPPVHL,6,1,0.4955662177141143,466
length_only_logistic,1,PGEKGSPGADGPIGAP,16,0,0.5139825782134224,1529
length_only_logistic,1,ALAFQ,5,1,0.4937244187135711,9
length_only_logistic,1,FLSLIPKLVKKIIKAFK,17,0,0.5158229520841676,1537
length_only_logistic,1,LPHVLTPEAGAT,12,0,0.5066177890907607,1357
length_only_logistic,1,PVRGPFPIIV,10,1,0.5029341171954996,1045
length_only_logistic,1,QLLLLIRKLIV,11,0,0.5047760179569264,1282
length_only_logistic,1,LSKDIGSESTEDQAMED,17,1,0.5158229520841676,1544
length_only_logistic,1,AKPEG,5,1,0.4937244187135711,5
length_only_logistic,1,IYPFV,5,0,0.4937244187135711,111
length_only_logistic,1,GPLGLLGFLGPLGLS,15,1,0.5121418250987635,1493
length_only_logistic,1,GYDTQAIVQ,9,1,0.5010921367936365,916
length_only_logistic,1,TIDMESTEVFTKK,13,0,0.5084593806239189,1434
length_only_logistic,1,TLKYP,5,1,0.4937244187135711,259
length_only_logistic,1,FVQWFSKFLGRILG,14,0,0.5103007426028119,1447
length_only_logistic,1,MCYPAST,7,1,0.49740813705502795,640
length_only_logistic,1,YVVNPDNDEN,10,0,0.5029341171954996,1242
length_only_logistic,1,RWQWRWQWR,9,0,0.5010921367936365,880
length_only_logistic,1,AWDPE,5,0,0.4937244187135711,20
length_only_logistic,1,VAPEEHPV,8,1,0.499250126747139,832
length_only_logistic,1,YGAGS,5,1,0.4937244187135711,311
length_only_logistic,1,LSKEEIEEAKEV,12,0,0.5066177890907607,1359
length_only_logistic,1,EPVLGPVRGPFP,12,1,0.5066177890907607,1172
length_only_logistic,1,QQPIQQQPH,9,0,0.5010921367936365,999
length_only_logistic,1,GPVRGPFPIIV,11,1,0.5047760179569264,1045
length_only_logistic,1,LLVTLKK,7,1,0.49740813705502795,633
length_only_logistic,1,YVVNPDNNEN,10,0,0.5029341171954996,1242
length_only_logistic,1,KLLKKVVKLFKKLLK,15,0,0.5121418250987635,1496
length_only_logistic,1,IVGRPRH,7,1,0.49740813705502795,616
length_only_logistic,1,WNMNAH,6,0,0.4955662177141143,543
length_only_logistic,1,FDYDPR,6,0,0.4955662177141143,372
length_only_logistic,1,GYPMYPLPR,9,1,0.5010921367936365,918
length_only_logistic,1,PLPWGAGF,8,1,0.499250126747139,793
length_only_logistic,1,KIYPSFQPQPLIYP,14,1,0.5103007426028119,1385
length_only_logistic,1,LKDAQ,5,1,0.4937244187135711,137
length_only_logistic,1,YALPAH,6,0,0.4955662177141143,548
length_only_logistic,1,YESMADPCS,9,1,0.5010921367936365,1059
length_only_logistic,1,YGGWL,5,0,0.4937244187135711,315
length_only_logistic,1,RADHRYNDLGHR,12,1,0.5066177890907607,1370
length_only_logistic,1,LKSQQ,5,1,0.4937244187135711,140
length_only_logistic,1,YGGFL,5,1,0.4937244187135711,314
length_only_logistic,1,VESYVPLFP,9,0,0.5010921367936365,1038
length_only_logistic,1,LDSGDGVTH,9,1,0.5010921367936365,941
length_only_logistic,1,HHPLL,5,0,0.4937244187135711,77
length_only_logistic,1,MMLDF,5,0,0.4937244187135711,171
length_only_logistic,1,LVVYPWTQ,8,1,0.499250126747139,776
length_only_logistic,1,YPQPQ,5,0,0.4937244187135711,331
length_only_logistic,1,MCESASSK,8,1,0.499250126747139,780
length_only_logistic,1,RVPSLM,6,1,0.4955662177141143,493
length_only_logistic,1,YINQMPQKSRE,11,1,0.5047760179569264,1318
length_only_logistic,1,AMKPWIQPK,9,1,0.5010921367936365,874
length_only_logistic,1,WVPSV,5,1,0.4937244187135711,308
length_only_logistic,1,RYLGYL,6,0,0.4955662177141143,494
length_only_logistic,1,LVEKGDVAFI,10,0,0.5029341171954996,1153
length_only_logistic,1,LPHSGY,6,0,0.4955662177141143,438
length_only_logistic,1,IASGEPTSTPTEE,13,1,0.5084593806239189,1267
length_only_logistic,1,NLHLPLP,7,1,0.49740813705502795,643
length_only_logistic,1,RHGYM,5,0,0.4937244187135711,226
length_only_logistic,1,MEGAQEAQGD,10,1,0.5029341171954996,1155
length_only_logistic,1,LSQSKVLPVPQK,12,1,0.5066177890907607,1194
length_only_logistic,1,DFVAP,5,1,0.4937244187135711,28
length_only_logistic,1,WLAHKALCSEKLDQ,14,0,0.5103007426028119,1485
length_only_logistic,1,LLNPPHQIYP,10,1,0.5029341171954996,1144
length_only_logistic,1,RLSFNP,6,1,0.4955662177141143,487
length_only_logistic,1,LLRSVGVPL,9,0,0.5010921367936365,946
length_only_logistic,2,EITPEKNPQLR,11,0,0.4968577937647392,1252
length_only_logistic,2,TQTPVVVPPFIQPE,14,1,0.49343697539250414,1482
length_only_logistic,2,GPMGPPGVK,9,0,0.4991385225607685,911
length_only_logistic,2,ENGLPVHLDQSIFRRP,16,1,0.49115675138669057,1491
length_only_logistic,2,VPKNYFHDIV,10,0,0.49799814774950435,1215
length_only_logistic,2,EVTFPA,6,0,0.5025596533131558,370
length_only_logistic,2,SPPPFYL,7,1,0.5014192872068096,674
length_only_logistic,2,IRDLEAELEAEQ,12,0,0.49571747246950926,1350
length_only_logistic,2,VNNFLRF,7,0,0.5014192872068096,689
length_only_logistic,2,EDLIWK,6,0,0.5025596533131558,364
length_only_logistic,2,AIEWEGIESGSVEQA,15,0,0.49229682332802593,1487
length_only_logistic,2,LLEYSL,6,0,0.5025596533131558,142
length_only_logistic,2,YYLVR,5,1,0.5036999927901268,347
length_only_logistic,2,WYLHYA,6,1,0.5025596533131558,545
length_only_logistic,2,VNGSEKSKF,9,1,0.4991385225607685,1042
length_only_logistic,2,KGPPGEIGR,9,0,0.4991385225607685,935
length_only_logistic,2,PFNQL,5,0,0.5036999927901268,191
length_only_logistic,2,AYEES,5,1,0.5036999927901268,21
length_only_logistic,2,GPFPIIV,7,1,0.5014192872068096,600
length_only_logistic,2,LVCYPQ,6,0,0.5025596533131558,444
length_only_logistic,2,EIPKT,5,0,0.5036999927901268,38
length_only_logistic,2,AADNANELFPPN,12,0,0.49571747246950926,1322
length_only_logistic,2,LLPVIGNLLKSSLG,14,0,0.49343697539250414,1463
length_only_logistic,2,NMAINPSKENLCSTFCK,17,1,0.49001677141979944,1547
length_only_logistic,2,VRKGQ,5,1,0.5036999927901268,291
length_only_logistic,2,RMLGQYPYK,9,1,0.4991385225607685,1020
length_only_logistic,2,WYGPD,5,0,0.5036999927901268,309
length_only_logistic,2,VKCFR,5,1,0.5036999927901268,281
length_only_logistic,2,VYLPRM,6,1,0.5025596533131558,302
length_only_logistic,2,DTGSDKKQL,9,1,0.4991385225607685,886
length_only_logistic,2,QEPVLGPVRGPFP,13,1,0.49457719572549014,1426
length_only_logistic,2,LEEFCC,6,1,0.5025596533131558,425
length_only_logistic,2,ACVRACVRACVRACV,15,0,0.49229682332802593,1486
length_only_logistic,2,NKWKKILGKIIKVVK,15,0,0.49229682332802593,1503
length_only_logistic,2,RKWLHFW,7,0,0.5014192872068096,668
length_only_logistic,2,RALPIDVL,8,0,0.5002789063346289,804
length_only_logistic,2,VRLPT,5,1,0.5036999927901268,292
length_only_logistic,2,LAVYPWT,7,0,0.5014192872068096,627
length_only_logistic,2,YPWTQRFF,8,0,0.5002789063346289,858
length_only_logistic,2,PPPLP,5,0,0.5036999927901268,199
length_only_logistic,2,TPPAGPDGGPP,11,1,0.4968577937647392,1304
length_only_logistic,2,TGLKP,5,1,0.5036999927901268,255
length_only_logistic,2,LVYPFPGP,8,1,0.5002789063346289,778
length_only_logistic,2,FISAIASMLGKFL,13,0,0.49457719572549014,1398
length_only_logistic,2,VLLPDEVSGL,10,1,0.49799814774950435,1214
length_only_logistic,2,PSKYEPFV,8,0,0.5002789063346289,797
length_only_logistic,2,GQFNDKRWIPFG,12,0,0.49571747246950926,1335
length_only_logistic,2,GCETR,5,1,0.5036999927901268,60
length_only_logistic,2,QKPFPQQPPF,10,0,0.49799814774950435,1178
length_only_logistic,2,GTFAIIQ,7,0,0.5014192872068096,604
length_only_logistic,2,WLGHGGRPDHE,11,1,0.4968577937647392,1314
length_only_logistic,2,YPIPF,5,0,0.5036999927901268,326
length_only_logistic,2,PQQQFPQQM,9,0,0.4991385225607685,984
length_only_logistic,2,QQPQHQFPQ,9,0,0.4991385225607685,1000
length_only_logistic,2,LGPLGHQ,7,1,0.5014192872068096,630
length_only_logistic,2,YTDAPSF,7,1,0.5014192872068096,701
length_only_logistic,2,PSITCVRAAF,10,0,0.49799814774950435,1170
length_only_logistic,2,YYAPFDGIL,9,1,0.4991385225607685,1065
length_only_logistic,2,AWQSLQSGW,9,0,0.4991385225607685,879
length_only_logistic,2,MIPAY,5,1,0.5036999927901268,169
length_only_logistic,2,PYFNK,5,0,0.5036999927901268,208
length_only_logistic,2,YVHPFHL,7,0,0.5014192872068096,702
length_only_logistic,2,ILELA,5,0,0.5036999927901268,96
length_only_logistic,2,PTHGAW,6,1,0.5025596533131558,471
length_only_logistic,2,VLAQYK,6,1,0.5025596533131558,523
length_only_logistic,2,PHHADS,6,0,0.5025596533131558,463
length_only_logistic,2,MLVFAV,6,1,0.5025596533131558,448
length_only_logistic,2,LVAPAN,6,1,0.5025596533131558,443
length_only_logistic,2,LVYPFPGPIPNSLPQN,16,1,0.49115675138669057,1467
length_only_logistic,2,VKVLLEHPVL,10,0,0.49799814774950435,1212
length_only_logistic,2,QSWMHQPHQPLPPTVM,16,1,0.49115675138669057,1532
length_only_logistic,2,SFNLPILR,8,0,0.5002789063346289,813
length_only_logistic,2,AFPRS,5,1,0.5036999927901268,1
length_only_logistic,2,GPPGAP,6,1,0.5025596533131558,388
length_only_logistic,2,AGILKRW,7,0,0.5014192872068096,561
length_only_logistic,2,PTGPNNGLSY,10,0,0.49799814774950435,1171
length_only_logistic,2,AELQVVDHLGQTV,13,0,0.49457719572549014,1389
length_only_logistic,2,IEFPR,5,1,0.5036999927901268,84
length_only_logistic,2,PGVLPVA,7,1,0.5014192872068096,649
length_only_logistic,2,PQTQQPQQQ,9,0,0.4991385225607685,979
length_only_logistic,2,ACDCRGDCFCG,11,0,0.4968577937647392,1244
length_only_logistic,2,QFPQQPQQI,9,0,0.4991385225607685,966
length_only_logistic,2,YVEEL,5,0,0.5036999927901268,341
length_only_logistic,2,REPKW,5,0,0.5036999927901268,223
length_only_logistic,2,DPAQPNYPWTAVLVFRH,17,1,0.49001677141979944,1536
length_only_logistic,2,NEGLTW,6,0,0.5025596533131558,453
length_only_logistic,2,YSFGG,5,0,0.5036999927901268,339
length_only_logistic,2,KAQYPYV,7,1,0.5014192872068096,617
length_only_logistic,2,TLVGR,5,1,0.5036999927901268,260
length_only_logistic,2,GEEFGAFTPK,10,0,0.49799814774950435,1110
length_only_logistic,2,PQPQLPFPQ,9,0,0.4991385225607685,976
length_only_logistic,2,QWDRQ,5,0,0.5036999927901268,221
length_only_logistic,2,LGPVRGPFP,9,1,0.4991385225607685,944
length_only_logistic,2,GAFGPGGLVGRP,12,1,0.49571747246950926,1332
length_only_logistic,2,RKWFHLW,7,0,0.5014192872068096,663
length_only_logistic,2,LKLLKKLLKKLLKLL,15,0,0.49229682332802593,1500
length_only_logistic,2,HLPLPLVQSW,10,1,0.49799814774950435,1125
length_only_logistic,2,PTHIKWGD,8,1,0.5002789063346289,656
length_only_logistic,2,SCQAQPTTMAR,11,0,0.4968577937647392,1300
length_only_logistic,2,MIFPGAGGPEL,11,1,0.4968577937647392,1288
length_only_logistic,2,RRQRRRRMRKDK,12,1,0.49571747246950926,1373
length_only_logistic,2,TYKEE,5,1,0.5036999927901268,265
length_only_logistic,2,GVQEGAGHYALL,12,1,0.49571747246950926,1338
length_only_logistic,2,LVYIIQGR,8,0,0.5002789063346289,777
length_only_logistic,2,PTHIKWD,7,1,0.5014192872068096,656
length_only_logistic,2,WGAPSL,6,0,0.5025596533131558,542
length_only_logistic,2,SPFLQSAAFQLRN,13,0,0.49457719572549014,1432
length_only_logistic,2,TKCEVFRE,8,0,0.5002789063346289,821
length_only_logistic,2,INNQFLPYPYYAKPAAVR,18,1,0.48887689527482825,1563
length_only_logistic,2,DLDHYSF,7,0,0.5014192872068096,575
length_only_logistic,2,QGPPGPAGPA,10,0,0.49799814774950435,1175
length_only_logistic,2,GVHGV,5,1,0.5036999927901268,70
length_only_logistic,2,DRVYIHPFHL,10,1,0.49799814774950435,1090
length_only_logistic,2,IETWNPNNKP,10,0,0.49799814774950435,1127
length_only_logistic,2,HLPPPVHLPPPV,12,0,0.49571747246950926,1341
length_only_logistic,2,LGPVRGPFPI,10,1,0.49799814774950435,944
length_only_logistic,2,DSGVT,5,0,0.5036999927901268,31
length_only_logistic,2,WKVIP,5,1,0.5036999927901268,307
length_only_logistic,2,LLEYS,5,0,0.5036999927901268,142
length_only_logistic,2,GSAGPAGPSGPRGP,14,1,0.49343697539250414,1452
length_only_logistic,2,KRDSY,5,0,0.5036999927901268,121
length_only_logistic,2,YIFHLMD,7,0,0.5014192872068096,697
length_only_logistic,2,KRLRRVWRRWR,11,0,0.4968577937647392,1277
length_only_logistic,2,VQKATY,6,1,0.5025596533131558,532
length_only_logistic,2,LADGVAAPA,9,1,0.4991385225607685,938
length_only_logistic,2,AGGFR,5,0,0.5036999927901268,2
length_only_logistic,2,AMKPW,5,1,0.5036999927901268,13
length_only_logistic,2,LQSGDALRVPSGTTYY,16,0,0.49115675138669057,1524
length_only_logistic,2,IVGFPAYGH,9,1,0.4991385225607685,929
length_only_logistic,2,YPFSL,5,0,0.5036999927901268,323
length_only_logistic,2,RNDDLNYIQ,9,1,0.4991385225607685,1021
length_only_logistic,2,VDKEA,5,1,0.5036999927901268,271
length_only_logistic,2,PGPLGLTGP,9,1,0.4991385225607685,968
length_only_logistic,2,IFPFVEPI,8,0,0.5002789063346289,749
length_only_logistic,2,AFPAGAAHW,9,1,0.4991385225607685,869
length_only_logistic,2,TTMLIQDEDDLEMA,14,1,0.49343697539250414,1483
length_only_logistic,2,VVALALI,7,0,0.5014192872068096,693
length_only_logistic,2,GRGSVPAPGP,10,1,0.49799814774950435,1120
length_only_logistic,2,GSIFVPH,7,0,0.5014192872068096,603
length_only_logistic,2,QFPQQQIPV,9,0,0.4991385225607685,990
length_only_logistic,2,IQKEDVPSER,10,1,0.49799814774950435,1132
length_only_logistic,2,YGFGG,5,0,0.5036999927901268,312
length_only_logistic,2,TVGMTAFK,8,1,0.5002789063346289,829
length_only_logistic,2,NVPGEIVE,8,1,0.5002789063346289,785
length_only_logistic,2,YVLSR,5,0,0.5036999927901268,342
length_only_logistic,2,ENGLPVHLDQSIFRR,15,1,0.49229682332802593,1491
length_only_logistic,2,VRPEK,5,1,0.5036999927901268,293
length_only_logistic,2,AVFPSIVGR,9,1,0.4991385225607685,878
length_only_logistic,2,GPDRPKFLGPF,11,1,0.4968577937647392,1261
length_only_logistic,2,AQQLAAQLPAMCR,13,1,0.49457719572549014,1391
length_only_logistic,2,PAVVRP,6,1,0.5025596533131558,19
length_only_logistic,2,HNAPNPGLPYAA,12,0,0.49571747246950926,1342
length_only_logistic,2,PQQQQPFPQ,9,0,0.4991385225607685,986
length_only_logistic,2,WSVPQPK,7,1,0.5014192872068096,507
length_only_logistic,2,NAPLPPPLKH,10,0,0.49799814774950435,1161
length_only_logistic,2,YIPIQYVL,8,1,0.5002789063346289,851
length_only_logistic,2,DDLPR,5,0,0.5036999927901268,25
length_only_logistic,2,APPTPPPLPP,10,0,0.49799814774950435,1073
length_only_logistic,2,SNAAC,5,0,0.5036999927901268,246
length_only_logistic,2,RKEVY,5,0,0.5036999927901268,228
length_only_logistic,2,YGKHVAVHAR,10,1,0.49799814774950435,1230
length_only_logistic,2,MPFPKY,6,1,0.5025596533131558,450
length_only_logistic,2,MITLAIPVNKPGR,13,0,0.49457719572549014,1422
length_only_logistic,2,PSGQYY,6,1,0.5025596533131558,468
length_only_logistic,2,EPDRY,5,0,0.5036999927901268,41
length_only_logistic,2,DLSDGEQGVL,10,0,0.49799814774950435,1086
length_only_logistic,2,QLLLQQ,6,1,0.5025596533131558,475
length_only_logistic,2,IEFEQ,5,1,0.5036999927901268,83
length_only_logistic,2,GPIGSVGAP,9,1,0.4991385225607685,910
length_only_logistic,2,YQEPVLGPVRGPF,13,1,0.49457719572549014,1426
length_only_logistic,2,HLPLPLL,7,1,0.5014192872068096,608
length_only_logistic,2,VDTFPA,6,0,0.5025596533131558,517
length_only_logistic,2,DHTKE,5,0,0.5036999927901268,29
length_only_logistic,2,VIQKYP,6,1,0.5025596533131558,522
length_only_logistic,2,PTHIKWG,7,1,0.5014192872068096,656
length_only_logistic,2,KDERF,5,1,0.5036999927901268,114
length_only_logistic,2,LIVGFPAYGH,10,1,0.49799814774950435,929
length_only_logistic,2,YQEPVLQPVR,10,1,0.49799814774950435,1237
length_only_logistic,2,TIIPLPV,7,1,0.5014192872068096,680
length_only_logistic,2,LEYSI,5,0,0.5036999927901268,131
length_only_logistic,2,LVYPFPGPIHNSLP,14,1,0.49343697539250414,1467
length_only_logistic,2,HGPLGPL,7,0,0.5014192872068096,606
length_only_logistic,2,YGKPVAVPAR,10,1,0.49799814774950435,1231
length_only_logistic,2,VLPEI,5,1,0.5036999927901268,284
length_only_logistic,2,LQALHQGQIV,10,0,0.49799814774950435,1150
length_only_logistic,2,VNRNFLRF,8,0,0.5002789063346289,689
length_only_logistic,2,IILHQQQKQQQQ,12,0,0.49571747246950926,1348
length_only_logistic,2,PQGPIGVP,8,0,0.5002789063346289,795
length_only_logistic,2,RMLGQTPWK,9,1,0.4991385225607685,1019
length_only_logistic,2,PKIDAMREKVLA,12,1,0.49571747246950926,1364
length_only_logistic,2,QQPQQQFPQ,9,0,0.4991385225607685,1000
length_only_logistic,2,MTPPLP,6,0,0.5025596533131558,451
length_only_logistic,2,YSEEQQPSTR,10,0,0.49799814774950435,1240
length_only_logistic,2,GALAAH,6,0,0.5025596533131558,382
length_only_logistic,2,YLAGKPQQEH,10,0,0.49799814774950435,1234
length_only_logistic,2,KHIQKEDVPSER,12,1,0.49571747246950926,1132
length_only_logistic,2,YIQKEDVPSER,11,0,0.4968577937647392,1132
length_only_logistic,2,LTFPGSAED,9,0,0.4991385225607685,952
length_only_logistic,2,LLMLDNDLPP,10,1,0.49799814774950435,1143
length_only_logistic,2,DLDLRKDLYAN,11,1,0.4968577937647392,1248
length_only_logistic,2,WGHGNPHV,8,1,0.5002789063346289,847
length_only_logistic,2,LCNGS,5,1,0.5036999927901268,127
length_only_logistic,2,DLRPDNAKA,9,1,0.4991385225607685,884
length_only_logistic,2,FQQPVVGPA,9,1,0.4991385225607685,899
length_only_logistic,2,IHETT,5,1,0.5036999927901268,91
length_only_logistic,2,VPLGTQYTDAPSFSDIP,17,0,0.49001677141979944,1554
length_only_logistic,2,HVVNFTPRL,9,0,0.4991385225607685,921
length_only_logistic,2,HNLDTQTESDV,11,0,0.4968577937647392,1266
length_only_logistic,2,EPKAIP,6,1,0.5025596533131558,195
length_only_logistic,2,KKFALKLFWWK,11,0,0.4968577937647392,1275
length_only_logistic,2,QPPPAPGPGT,10,0,0.49799814774950435,1180
length_only_logistic,2,LNPGAGLPRGPNGADTF,17,1,0.49001677141979944,1543
length_only_logistic,2,LYQQP,5,1,0.5036999927901268,161
length_only_logistic,2,VENLHLPLPL,10,1,0.49799814774950435,1206
length_only_logistic,2,PQPQQQLPL,9,0,0.4991385225607685,981
length_only_logistic,2,PYPQQPQQQ,9,0,0.4991385225607685,979
length_only_logistic,2,LGAVPPRY,8,1,0.5002789063346289,766
length_only_logistic,2,YPWSL,5,0,0.5036999927901268,335
length_only_logistic,2,LQYIR,5,1,0.5036999927901268,154
length_only_logistic,2,PTHVAW,6,1,0.5025596533131558,471
length_only_logistic,2,PKAIP,5,1,0.5036999927901268,195
length_only_logistic,2,YQEPVLGPVRG,11,1,0.4968577937647392,1237
length_only_logistic,2,DIKQME,6,1,0.5025596533131558,356
length_only_logistic,2,LNVPGEIVE,9,1,0.4991385225607685,785
length_only_logistic,2,PPAYPPPPVP,10,0,0.49799814774950435,1166
length_only_logistic,2,YQQKPVAL,8,1,0.5002789063346289,860
length_only_logistic,2,TVFDGELR,8,0,0.5002789063346289,828
length_only_logistic,2,QVPQPIP,7,1,0.5014192872068096,661
length_only_logistic,2,TDQHQDKIYP,10,1,0.49799814774950435,1196
length_only_logistic,2,ILGKIWKGLVSDF,13,0,0.49457719572549014,1412
length_only_logistic,2,APSLRLRF,8,0,0.5002789063346289,711
length_only_logistic,2,LLEYSI,6,0,0.5025596533131558,131
length_only_logistic,2,VIPAGYP,7,0,0.5014192872068096,686
length_only_logistic,2,PFPQQPQQI,9,0,0.4991385225607685,966
length_only_logistic,2,SPPFAPRL,8,0,0.5002789063346289,814
length_only_logistic,2,LAPSLPGKPKPD,12,1,0.49571747246950926,1353
length_only_logistic,2,NQNGRFY,7,0,0.5014192872068096,646
length_only_logistic,2,IVEYF,5,1,0.5036999927901268,108
length_only_logistic,2,MDFLI,5,1,0.5036999927901268,163
length_only_logistic,2,RVQVVNNNGK,10,0,0.49799814774950435,1187
length_only_logistic,2,RPKHPIKHQ,9,1,0.4991385225607685,1022
length_only_logistic,2,KNILQPSSVDSQ,12,0,0.49571747246950926,1352
length_only_logistic,2,VVYPWT,6,1,0.5025596533131558,537
length_only_logistic,2,ASGPINFT,8,1,0.5002789063346289,712
length_only_logistic,2,MQIFVKTLTG,10,0,0.49799814774950435,1159
length_only_logistic,2,TVYTKGRVMP,10,1,0.49799814774950435,1205
length_only_logistic,2,KLLKLLKKELKLLK,14,0,0.49343697539250414,1456
length_only_logistic,2,LMRWMR,6,0,0.5025596533131558,433
length_only_logistic,2,NMEKGSSSVVSSRMKQ,16,0,0.49115675138669057,1526
length_only_logistic,2,EAAVYPL,7,0,0.5014192872068096,579
length_only_logistic,2,FFAPGRNPTSFS,12,0,0.49571747246950926,1327
length_only_logistic,2,TKAVEH,6,0,0.5025596533131558,510
length_only_logistic,2,REKVLASS,8,1,0.5002789063346289,806
length_only_logistic,2,PIPQQPQPY,9,0,0.4991385225607685,970
length_only_logistic,2,VLDTDYK,7,1,0.5014192872068096,688
length_only_logistic,2,KYPVEPFTESQSLTL,15,1,0.49229682332802593,1499
length_only_logistic,2,YLMSR,5,0,0.5036999927901268,319
length_only_logistic,2,YGNPVGGVGH,10,1,0.49799814774950435,1232
length_only_logistic,2,VCYNQ,5,1,0.5036999927901268,270
length_only_logistic,2,LTPVPGSPF,9,1,0.4991385225607685,953
length_only_logistic,2,MWHNAH,6,1,0.5025596533131558,452
length_only_logistic,2,CVPEVDPLLLRAE,13,0,0.49457719572549014,1393
length_only_logistic,2,VPYPQ,5,0,0.5036999927901268,290
length_only_logistic,2,FMPGVPGPIQR,11,1,0.4968577937647392,1257
length_only_logistic,2,TERGY,5,0,0.5036999927901268,254
length_only_logistic,2,ADDFYYQ,7,1,0.5014192872068096,559
length_only_logistic,2,VPPFIQPE,8,0,0.5002789063346289,841
length_only_logistic,2,VLVLDTDYK,9,1,0.4991385225607685,1041
length_only_logistic,2,AVVRP,5,1,0.5036999927901268,19
length_only_logistic,2,LENLHLPLP,9,1,0.4991385225607685,942
length_only_logistic,2,GRVSNCAA,8,1,0.5002789063346289,744
length_only_logistic,2,GFGPEL,6,0,0.5025596533131558,383
length_only_logistic,2,KYPVQPFTESQSLTL,15,1,0.49229682332802593,1499
length_only_logistic,2,SAYPGQITSN,10,1,0.49799814774950435,1188
length_only_logistic,2,ALKAWSVAR,9,1,0.4991385225607685,872
length_only_logistic,2,VYLPR,5,0,0.5036999927901268,302
length_only_logistic,2,SCQDQPTTLAR,11,0,0.4968577937647392,1300
length_only_logistic,2,SVPLFNFSVYLA,12,0,0.49571747246950926,1375
length_only_logistic,2,FNVVLK,6,0,0.5025596533131558,378
length_only_logistic,2,RRIKFN,6,1,0.5025596533131558,492
length_only_logistic,2,VNVDDPSKA,9,0,0.4991385225607685,1043
length_only_logistic,2,HTHLQRAPHPNALGYHGK,18,0,0.48887689527482825,1562
length_only_logistic,2,RRWFWRRRRWFWRR,14,0,0.49343697539250414,1478
length_only_logistic,2,YPASL,5,0,0.5036999927901268,320
length_only_logistic,2,PTHIKWN,7,1,0.5014192872068096,656
length_only_logistic,2,AVKQPAVVYP,10,1,0.49799814774950435,1081
length_only_logistic,2,LKYAT,5,1,0.5036999927901268,141
length_only_logistic,2,LHLPLPLL,8,1,0.5002789063346289,608
length_only_logistic,2,LVYPFPGPIPNSLP,14,1,0.49343697539250414,1467
length_only_logistic,2,QQTYPQRPQ,9,0,0.4991385225607685,1009
length_only_logistic,2,LVYPFPGPI,9,1,0.4991385225607685,778
length_only_logistic,2,AMPKPW,6,1,0.5025596533131558,13
length_only_logistic,2,GEEFDAFTPK,10,0,0.49799814774950435,1110
length_only_logistic,2,SVDSQTAF,8,0,0.5002789063346289,816
length_only_logistic,2,APALRLRF,8,0,0.5002789063346289,711
length_only_logistic,2,HLFGPPGKKDPV,12,1,0.49571747246950926,1340
length_only_logistic,2,LHREN,5,1,0.5036999927901268,134
length_only_logistic,2,FQKVVA,6,1,0.5025596533131558,380
length_only_logistic,2,GETGPAGPAGAAGPAGPR,18,1,0.48887689527482825,1560
length_only_logistic,2,AEPIPY,6,0,0.5025596533131558,42
length_only_logistic,2,PFPQQPQQQ,9,0,0.4991385225607685,966
length_only_logistic,2,NGLEGLK,7,0,0.5014192872068096,642
length_only_logistic,2,PHSCN,5,0,0.5036999927901268,194
length_only_logistic,2,EPIPY,5,0,0.5036999927901268,42
length_only_logistic,2,ACSNHSPLGWRGH,13,0,0.49457719572549014,1388
length_only_logistic,2,KLLKLLKKLLKELK,14,0,0.49343697539250414,1456
length_only_logistic,2,AITAKL,6,1,0.5025596533131558,350
length_only_logistic,2,ASGLCPEEAVPRR,13,1,0.49457719572549014,1392
length_only_logistic,2,VHLKP,5,0,0.5036999927901268,278
length_only_logistic,2,SKWDNFRGSW,10,0,0.49799814774950435,1191
length_only_logistic,2,FISAIASFLGKFL,13,0,0.49457719572549014,1398
length_only_logistic,2,SVPQPK,6,1,0.5025596533131558,507
length_only_logistic,2,KEDDEEEEQGEEE,13,1,0.49457719572549014,1414
length_only_logistic,2,VLGPVRGPFP,10,1,0.49799814774950435,944
length_only_logistic,2,EPIPYGFLP,9,1,0.4991385225607685,891
length_only_logistic,2,DVENLHLPLPL,11,1,0.4968577937647392,1206
length_only_logistic,2,KELPPSDADW,10,1,0.49799814774950435,1138
length_only_logistic,2,APGPAGARGN,10,0,0.49799814774950435,1072
length_only_logistic,2,LPGRPPIKPWPL,12,1,0.49571747246950926,1356
length_only_logistic,2,VDSDVVKG,8,1,0.5002789063346289,834
length_only_logistic,2,GNPIPREPGQVPAY,14,1,0.49343697539250414,1450
length_only_logistic,2,PFPQQPQQT,9,0,0.4991385225607685,966
length_only_logistic,2,EWPRPQIPP,9,1,0.4991385225607685,892
length_only_logistic,2,KLTPQMA,7,0,0.5014192872068096,621
length_only_logistic,2,FGGIDDINQIGQSD,14,1,0.49343697539250414,1443
length_only_logistic,2,RGDSPA,6,0,0.5025596533131558,484
length_only_logistic,2,PVGLVQPASATLYDY,15,1,0.49229682332802593,1506
length_only_logistic,2,PFFDPQIP,8,1,0.5002789063346289,789
length_only_logistic,2,SYPYY,5,0,0.5036999927901268,250
length_only_logistic,2,QVSLNSGYY,9,1,0.4991385225607685,1013
length_only_logistic,2,MLPLMLPFTMGY,12,1,0.49571747246950926,1361
length_only_logistic,2,LELPLK,6,0,0.5025596533131558,427
length_only_logistic,2,AVVYPWT,7,0,0.5014192872068096,537
length_only_logistic,2,PQPQQPQQQ,9,0,0.4991385225607685,979
length_only_logistic,2,NMGPLLPQ,8,0,0.5002789063346289,782
length_only_logistic,2,RIVPA,5,0,0.5036999927901268,227
length_only_logistic,2,RIGKMVSFPRI,11,0,0.4968577937647392,1298
length_only_logistic,2,KHLPLP,6,1,0.5025596533131558,78
length_only_logistic,2,RGGRLCYCRRRFCVCVGR,18,0,0.48887689527482825,1570
length_only_logistic,2,GLPGSRGERGLPG,13,1,0.49457719572549014,1406
length_only_logistic,2,PFPQQQQPL,9,0,0.4991385225607685,967
length_only_logistic,2,VTRGD,5,0,0.5036999927901268,297
length_only_logistic,2,FVNPEAGS,8,1,0.5002789063346289,736
length_only_logistic,2,KWLRRVWRWWR,11,0,0.4968577937647392,1277
length_only_logistic,2,FSDKIAKYIPIQ,12,1,0.49571747246950926,1330
length_only_logistic,2,FFNPVH,6,0,0.5025596533131558,374
length_only_logistic,2,ATWLPPR,7,0,0.5014192872068096,567
length_only_logistic,2,YQEPVLGPVRGPFPI,15,1,0.49229682332802593,1426
length_only_logistic,2,PQPQQPYPQ,9,0,0.4991385225607685,980
length_only_logistic,2,LQFCCY,6,1,0.5025596533131558,439
length_only_logistic,2,PGPIPN,6,1,0.5025596533131558,462
length_only_logistic,2,VVPPFIQPE,9,1,0.4991385225607685,841
length_only_logistic,2,GFWKPGSG,8,1,0.5002789063346289,739
length_only_logistic,2,PQPTQQFPQ,9,0,0.4991385225607685,982
length_only_logistic,2,HLPLP,5,1,0.5036999927901268,78
length_only_logistic,2,KIKAVLKVLTT,11,0,0.4968577937647392,1274
length_only_logistic,2,IPPGVPYWT,9,1,0.4991385225607685,925
length_only_logistic,2,VSHNNFLRF,9,0,0.4991385225607685,1046
length_only_logistic,2,PLPPHMLP,8,0,0.5002789063346289,792
length_only_logistic,3,VIGSPPQIN,9,1,0.5008517661884768,1039
length_only_logistic,3,PFNQLAG,7,0,0.49557101845163826,647
length_only_logistic,3,GAAELPCSADWW,12,1,0.5087721634183314,1331
length_only_logistic,3,PFPQPQQPI,9,0,0.5008517661884768,961
length_only_logistic,3,NFLRF,5,0,0.490291258670612,178
length_only_logistic,3,MYVVELMMSF,10,0,0.5034921424302824,1160
length_only_logistic,3,MNVKHWPWMK,10,1,0.5034921424302824,1157
length_only_logistic,3,FRVPTPN,7,1,0.49557101845163826,591
length_only_logistic,3,GRLVFQ,6,0,0.4929309414656199,389
length_only_logistic,3,WSVWEQELEDR,11,0,0.5061323239107642,1316
length_only_logistic,3,EQLSTSEENSK,11,0,0.5061323239107642,1253
length_only_logistic,3,FFECSG,6,1,0.4929309414656199,373
length_only_logistic,3,SDWDRF,6,0,0.4929309414656199,497
length_only_logistic,3,VVGAK,5,1,0.490291258670612,298
length_only_logistic,3,AQIPQQ,6,0,0.4929309414656199,352
length_only_logistic,3,YVVFK,5,1,0.490291258670612,344
length_only_logistic,3,VPLSPT,6,0,0.4929309414656199,529
length_only_logistic,3,GAWYY,5,0,0.490291258670612,59
length_only_logistic,3,YQQND,5,0,0.490291258670612,337
length_only_logistic,3,KIHPFAQTQSLVYP,14,1,0.5140502280825101,1343
length_only_logistic,3,NGPLQAGQPGER,12,0,0.5087721634183314,1362
length_only_logistic,3,QRPQQPFPQ,9,0,0.5008517661884768,1010
length_only_logistic,3,WDDMEK,6,0,0.4929309414656199,540
length_only_logistic,3,ISCDKF,6,0,0.4929309414656199,407
length_only_logistic,3,GLFDIVKGIKSLF,13,0,0.5114115138176651,1402
length_only_logistic,3,KENPVLSLVNGMF,13,1,0.5114115138176651,1415
length_only_logistic,3,RDMPIQAF,8,1,0.4982113424403839,805
length_only_logistic,3,MIKLRSTAKN,10,0,0.5034921424302824,1156
length_only_logistic,3,VTPALR,6,1,0.4929309414656199,535
length_only_logistic,3,MHQPPQPL,8,0,0.4982113424403839,781
length_only_logistic,3,YPLSL,5,0,0.490291258670612,330
length_only_logistic,3,VHHANEN,7,0,0.49557101845163826,685
length_only_logistic,3,AIRQGDVF,8,0,0.4982113424403839,710
length_only_logistic,3,IHPFAQTQSLVYP,13,1,0.5114115138176651,1343
length_only_logistic,3,GEHGGAGMGGGQFQPV,16,1,0.5193251608453955,1519
length_only_logistic,3,PFPQPQEPI,9,0,0.5008517661884768,961
length_only_logistic,3,IVGGFPHYL,9,0,0.5008517661884768,930
length_only_logistic,3,GHKIATFQQR,10,1,0.5034921424302824,1111
length_only_logistic,3,LAYFYPEL,8,1,0.4982113424403839,765
length_only_logistic,3,KVREEY,6,1,0.4929309414656199,417
length_only_logistic,3,IIFGVIKALSG,11,0,0.5061323239107642,1270
length_only_logistic,3,FACAAWQWRMKKLGA,15,0,0.5166881593284132,1492
length_only_logistic,3,MIFPGGPQL,9,1,0.5008517661884768,956
length_only_logistic,3,LYEGY,5,0,0.490291258670612,159
length_only_logistic,3,QVQWPQQQPFPQPQQPF,17,0,0.5219610861305419,1551
length_only_logistic,3,LDNFR,5,0,0.490291258670612,130
length_only_logistic,3,YYAKPAAVR,9,1,0.5008517661884768,1064
length_only_logistic,3,PLHDATRDLVRRRRRRRR,18,0,0.5245957889204923,1568
length_only_logistic,3,TTMPLW,6,1,0.4929309414656199,515
length_only_logistic,3,YCNGKRVCVCRG,12,0,0.5087721634183314,1084
length_only_logistic,3,HPFAQTQSLVYP,12,1,0.5087721634183314,1343
length_only_logistic,3,IYPFPGPIH,9,0,0.5008517661884768,932
length_only_logistic,3,RPQIPP,6,1,0.4929309414656199,490
length_only_logistic,3,QETTGVEGPKGDT,13,0,0.5114115138176651,1427
length_only_logistic,3,TPEVDDEALEK,11,0,0.5061323239107642,1201
length_only_logistic,3,VVVVPH,6,0,0.4929309414656199,536
length_only_logistic,3,GLFDAIGNLLGGLGLG,16,0,0.5193251608453955,1520
length_only_logistic,3,FNVPLYEFSY,10,1,0.5034921424302824,1107
length_only_logistic,3,NGMTY,5,0,0.490291258670612,180
length_only_logistic,3,PVVVPPFLQ,9,1,0.5008517661884768,988
length_only_logistic,3,PYPQQPYPS,9,0,0.5008517661884768,989
length_only_logistic,3,HIAGKSSIFRA,11,0,0.5061323239107642,1265
length_only_logistic,3,WGLETAGSVVLLDLQ,15,0,0.5166881593284132,1512
length_only_logistic,3,PSHDAHPE,8,0,0.4982113424403839,796
length_only_logistic,3,LQDKIHP,7,1,0.49557101845163826,634
length_only_logistic,3,GHKIATFQER,10,1,0.5034921424302824,1111
length_only_logistic,3,GLFDIVKKVVGTIAGL,16,0,0.5193251608453955,1521
length_only_logistic,3,VSPHLP,6,0,0.4929309414656199,534
length_only_logistic,3,GLFDVIKKVASVIGGLG,17,1,0.5219610861305419,1539
length_only_logistic,3,VHLAP,5,1,0.490291258670612,277
length_only_logistic,3,YQEVLGPVRGPFPIIV,16,1,0.5193251608453955,1437
length_only_logistic,3,PHAHF,5,0,0.490291258670612,192
length_only_logistic,3,KEEKFE,6,0,0.4929309414656199,412
length_only_logistic,3,TGGGNV,6,1,0.4929309414656199,509
length_only_logistic,3,GVPLT,5,0,0.490291258670612,71
length_only_logistic,3,FLGWLFKVASK,11,0,0.5061323239107642,1256
length_only_logistic,3,KTCENLADTY,10,0,0.5034921424302824,1140
length_only_logistic,3,LHLPLR,6,1,0.4929309414656199,429
length_only_logistic,3,SSIQSQPQAFT,11,1,0.5061323239107642,1189
length_only_logistic,3,WYSLAM,6,1,0.4929309414656199,546
length_only_logistic,3,PFPQPQQTF,9,0,0.5008517661884768,964
length_only_logistic,3,GNFLRF,6,0,0.4929309414656199,178
length_only_logistic,3,EPQPLIYP,8,1,0.4982113424403839,654
length_only_logistic,3,ITDFQILE,8,0,0.4982113424403839,753
length_only_logistic,3,QQPFPQRPQ,9,0,0.5008517661884768,997
length_only_logistic,3,NPAVVRP,7,1,0.49557101845163826,645
length_only_logistic,3,HISPFSPRL,9,0,0.5008517661884768,919
length_only_logistic,3,GYGGVSLPEWVCTTF,15,0,0.5166881593284132,1494
length_only_logistic,3,EQRPR,5,0,0.490291258670612,44
length_only_logistic,3,GVNGEEGVPG,10,1,0.5034921424302824,1122
length_only_logistic,3,MPPPLPTRVDFSLAGALN,18,0,0.5245957889204923,1566
length_only_logistic,3,GLLGMVGSLLGGLGLG,16,0,0.5193251608453955,1522
length_only_logistic,3,TEFHLL,6,0,0.4929309414656199,508
length_only_logistic,3,YHIEPV,6,0,0.4929309414656199,551
length_only_logistic,3,LHPGDAQR,8,1,0.4982113424403839,767
length_only_logistic,3,ENFIRF,6,0,0.4929309414656199,367
length_only_logistic,3,FLGALFKWASK,11,0,0.5061323239107642,1256
length_only_logistic,3,TPEVDDEALKE,11,1,0.5061323239107642,1201
length_only_logistic,3,GGNYVGVP,8,0,0.4982113424403839,740
length_only_logistic,3,PPHMGGP,7,1,0.49557101845163826,652
length_only_logistic,3,PAGNFLMNGLMHR,13,1,0.5114115138176651,1425
length_only_logistic,3,VLGPVRGPFPIIV,13,1,0.5114115138176651,1437
length_only_logistic,3,QKEFLLAGNNK,11,0,0.5061323239107642,1297
length_only_logistic,3,HTVQCMFQ,8,0,0.4982113424403839,746
length_only_logistic,3,VPPFLQPEV,9,1,0.5008517661884768,1044
length_only_logistic,3,LHSMK,5,0,0.490291258670612,135
length_only_logistic,3,FVAPFP,6,1,0.4929309414656199,268
length_only_logistic,3,QLPFPQQPQ,9,0,0.5008517661884768,993
length_only_logistic,3,REWFTFLK,8,1,0.4982113424403839,808
length_only_logistic,3,NYDKNFLRF,9,0,0.5008517661884768,960
length_only_logistic,3,ARYLPT,6,0,0.4929309414656199,238
length_only_logistic,3,RNFLRF,6,0,0.4929309414656199,178
length_only_logistic,3,IVGRRRHQG,9,1,0.5008517661884768,931
length_only_logistic,3,LIYPFVEPI,9,0,0.5008517661884768,779
length_only_logistic,3,VHSSIQSQPQAFT,13,1,0.5114115138176651,1344
length_only_logistic,3,QLLKLK,6,1,0.4929309414656199,474
length_only_logistic,3,YPFPG,5,0,0.490291258670612,322
length_only_logistic,3,PLPLL,5,1,0.490291258670612,197
length_only_logistic,3,AWPQYL,6,0,0.4929309414656199,354
length_only_logistic,3,MVGSAPGVL,9,1,0.5008517661884768,957
length_only_logistic,3,VEKIGGASSRGE,12,0,0.5087721634183314,1376
length_only_logistic,3,IQWCA,5,1,0.490291258670612,105
length_only_logistic,3,GSAGY,5,1,0.490291258670612,68
length_only_logistic,3,YLGYLE,6,1,0.4929309414656199,555
length_only_logistic,3,INDPF,5,1,0.490291258670612,97
length_only_logistic,3,RLSGQTIEVTSEYLFRH,17,1,0.5219610861305419,1552
length_only_logistic,3,ILLPGAQDGL,10,1,0.5034921424302824,1129
length_only_logistic,3,NIPPLTQTPVVVPPFIQ,17,1,0.5219610861305419,1546
length_only_logistic,3,DETRL,5,0,0.490291258670612,27
length_only_logistic,3,DYLRSC,6,1,0.4929309414656199,362
length_only_logistic,3,AGWNIP,6,0,0.4929309414656199,3
length_only_logistic,3,DAYPSGA,7,1,0.49557101845163826,572
length_only_logistic,3,LFDKPVSPL,9,1,0.5008517661884768,731
length_only_logistic,3,SGGSYADELVSTAK,14,1,0.5140502280825101,1480
length_only_logistic,3,VTSTGPVGH,9,1,0.5008517661884768,1047
length_only_logistic,3,IHVTET,6,1,0.4929309414656199,403
length_only_logistic,3,GPEGPAGAR,9,1,0.5008517661884768,909
length_only_logistic,3,PQPFPQQPI,9,0,0.5008517661884768,974
length_only_logistic,3,LSERRMLLRKEKQAQ,15,1,0.5166881593284132,1502
length_only_logistic,3,PTPVP,5,1,0.490291258670612,205
length_only_logistic,3,TATGLLE,7,0,0.49557101845163826,678
length_only_logistic,3,IQQGN,5,0,0.490291258670612,103
length_only_logistic,3,EGPKLVAS,8,1,0.4982113424403839,726
length_only_logistic,3,GLFDIIKKIAESIG,14,0,0.5140502280825101,1448
length_only_logistic,3,WVAPLK,6,0,0.4929309414656199,544
length_only_logistic,3,IPAQK,5,1,0.490291258670612,101
length_only_logistic,3,KKYKVPQ,7,1,0.49557101845163826,620
length_only_logistic,3,VTRGDSPA,8,0,0.4982113424403839,844
length_only_logistic,3,FLDALLKTVDCN,12,0,0.5087721634183314,1329
length_only_logistic,3,DDQIHIF,7,1,0.49557101845163826,573
length_only_logistic,3,IGYNQ,5,1,0.490291258670612,90
length_only_logistic,3,QITEGEDGGG,10,0,0.5034921424302824,1176
length_only_logistic,3,CSQAPLA,7,0,0.49557101845163826,570
length_only_logistic,3,LAGKPQQEHSGEHQ,14,1,0.5140502280825101,1459
length_only_logistic,3,DKPTL,5,0,0.490291258670612,30
length_only_logistic,3,FTESQS,6,1,0.4929309414656199,381
length_only_logistic,3,LPQNIPPL,8,1,0.4982113424403839,773
length_only_logistic,3,MPPPLP,6,1,0.4929309414656199,174
length_only_logistic,3,TVTNPARIA,9,1,0.5008517661884768,1036
length_only_logistic,3,QLDAYPSGAWYYVP,14,1,0.5140502280825101,1471
length_only_logistic,3,TAGTGGGQFQPMR,13,0,0.5114115138176651,1433
length_only_logistic,3,LPLPL,5,0,0.490291258670612,146
length_only_logistic,3,PVDENDEG,8,0,0.4982113424403839,798
length_only_logistic,3,NYKQM,5,0,0.490291258670612,187
length_only_logistic,3,APRANVAWCT,10,0,0.5034921424302824,1074
length_only_logistic,3,QQLPQFEEIRNL,12,0,0.5087721634183314,1369
length_only_logistic,3,RYLPT,5,0,0.490291258670612,238
length_only_logistic,3,VGPAGRPG,8,1,0.4982113424403839,837
length_only_logistic,3,SDRNFLRF,8,0,0.4982113424403839,811
length_only_logistic,3,LLAPPER,7,0,0.49557101845163826,631
length_only_logistic,3,GIPGERGPVGPSG,13,1,0.5114115138176651,1401
length_only_logistic,3,IVGRPRHQG,9,1,0.5008517661884768,931
length_only_logistic,3,VLPIPQ,6,1,0.4929309414656199,285
length_only_logistic,3,VLPIP,5,1,0.490291258670612,285
length_only_logistic,3,IEAEGE,6,0,0.4929309414656199,400
length_only_logistic,3,QQPFPQQPI,9,0,0.5008517661884768,974
length_only_logistic,3,ASPKPSSA,8,0,0.4982113424403839,714
length_only_logistic,3,NVPGEIVESL,10,1,0.5034921424302824,1165
length_only_logistic,3,GLLALLGELAEHLGSKI,17,0,0.5219610861305419,1540
length_only_logistic,3,LHLPLPL,7,1,0.49557101845163826,429
length_only_logistic,3,WQARMKKAGA,10,0,0.5034921424302824,1220
length_only_logistic,3,VIGSPPEIN,9,1,0.5008517661884768,1039
length_only_logistic,3,LEIVPK,6,1,0.4929309414656199,426
length_only_logistic,3,LVNDLVTPVFDNL,13,1,0.5114115138176651,1421
length_only_logistic,3,LAPPG,5,1,0.490291258670612,126
length_only_logistic,3,ASPAPAGLSY,10,0,0.5034921424302824,1080
length_only_logistic,3,AYIASKGL,8,1,0.4982113424403839,717
length_only_logistic,3,DHGNMLYF,8,0,0.4982113424403839,721
length_only_logistic,3,GLFDIVKKLVSDF,13,0,0.5114115138176651,1403
length_only_logistic,3,GVQVETISPGDGRTFPK,17,0,0.5219610861305419,1541
length_only_logistic,3,PQQQIPQPQ,9,0,0.5008517661884768,985
length_only_logistic,3,IPPLTQ,6,1,0.4929309414656199,406
length_only_logistic,3,QSLTL,5,1,0.490291258670612,219
length_only_logistic,3,ETSGMKPTEL,10,1,0.5034921424302824,1098
length_only_logistic,3,LLPSY,5,1,0.490291258670612,144
length_only_logistic,3,NIFYCP,6,1,0.4929309414656199,455
length_only_logistic,3,VLYEE,5,0,0.490291258670612,287
length_only_logistic,3,PVLKD,5,1,0.490291258670612,206
length_only_logistic,3,GPSMR,5,1,0.490291258670612,66
length_only_logistic,3,KVLPVPQ,7,1,0.49557101845163826,623
length_only_logistic,3,FCLYELAR,8,1,0.4982113424403839,730
length_only_logistic,3,QQQQFPQPQ,9,0,0.5008517661884768,1004
length_only_logistic,3,LQPHQ,5,1,0.490291258670612,153
length_only_logistic,3,WMLPSYSPY,9,0,0.5008517661884768,1052
length_only_logistic,3,EVLIQ,5,1,0.490291258670612,45
length_only_logistic,3,WIHNENQGF,9,0,0.5008517661884768,1051
length_only_logistic,3,KDVPP,5,1,0.490291258670612,117
length_only_logistic,3,IEKPP,5,1,0.490291258670612,85
length_only_logistic,3,RWAEK,5,1,0.490291258670612,236
length_only_logistic,3,NPPSV,5,1,0.490291258670612,184
length_only_logistic,3,VRRFPWWWPFLRR,13,0,0.5114115138176651,1439
length_only_logistic,3,AGWNI,5,0,0.490291258670612,3
length_only_logistic,3,LPVPQ,5,0,0.490291258670612,150
length_only_logistic,3,PSNPP,5,1,0.490291258670612,203
length_only_logistic,3,LEDALDGERDT,11,0,0.5061323239107642,1279
length_only_logistic,3,MLPAY,5,1,0.490291258670612,170
length_only_logistic,3,LLLAHLL,7,1,0.49557101845163826,632
length_only_logistic,3,LTFPG,5,1,0.490291258670612,156
length_only_logistic,3,GIPLPLI,7,1,0.49557101845163826,595
length_only_logistic,3,IASGEPTSTPTTEA,14,1,0.5140502280825101,1454
length_only_logistic,3,PFPQPQQQF,9,0,0.5008517661884768,964
length_only_logistic,3,GVGAGY,6,1,0.4929309414656199,390
length_only_logistic,3,KVHSSIQSQPQAFT,14,1,0.5140502280825101,1344
length_only_logistic,3,YPQRDMPIQ,9,1,0.5008517661884768,1062
length_only_logistic,3,PNNKPFQ,7,1,0.49557101845163826,651
length_only_logistic,3,PMDYMVT,7,0,0.49557101845163826,650
length_only_logistic,3,PQPLIYP,7,1,0.49557101845163826,654
length_only_logistic,3,QPQPLIYP,8,1,0.4982113424403839,654
length_only_logistic,3,PSVQDAAAQISADVKK,16,0,0.5193251608453955,1531
length_only_logistic,3,PKNYP,5,0,0.490291258670612,196
length_only_logistic,3,LHLPLL,6,1,0.4929309414656199,429
length_only_logistic,3,QQPQQPLPR,9,0,0.5008517661884768,1001
length_only_logistic,3,LVYPFPGPIH,10,1,0.5034921424302824,1154
length_only_logistic,3,RVAPEEHPT,9,1,0.5008517661884768,1023
length_only_logistic,3,GPVGPAGPPGK,11,0,0.5061323239107642,1264
length_only_logistic,3,QNIPP,5,1,0.490291258670612,218
length_only_logistic,3,DVYTPE,6,0,0.4929309414656199,361
length_only_logistic,3,SKVLPVPQK,9,1,0.5008517661884768,1030
length_only_logistic,3,IYIEQGNGITGM,12,0,0.5087721634183314,1351
length_only_logistic,3,SHNPF,5,0,0.490291258670612,243
length_only_logistic,3,LQQHNIAHGRSQ,12,0,0.5087721634183314,1358
length_only_logistic,3,AEFAES,6,0,0.4929309414656199,348
length_only_logistic,3,APAANVRWCT,10,0,0.5034921424302824,1069
length_only_logistic,3,FLPLIAGLLGKLFG,14,0,0.5140502280825101,1446
length_only_logistic,3,WYSLAMA,7,1,0.49557101845163826,546
length_only_logistic,3,DNLNDPK,7,0,0.49557101845163826,577
length_only_logistic,3,VLASLNFGDR,10,0,0.5034921424302824,1213
length_only_logistic,3,HPFAQ,5,1,0.490291258670612,79
length_only_logistic,3,VEQKHIQKE,9,1,0.5008517661884768,1037
length_only_logistic,3,NWKKIRKLGKVVKKI,15,0,0.5166881593284132,1504
length_only_logistic,3,VAPFP,5,1,0.490291258670612,268
length_only_logistic,3,VPSERYL,7,1,0.49557101845163826,690
length_only_logistic,3,VGAPSVS,7,0,0.49557101845163826,684
length_only_logistic,3,VYPFPGPIPN,10,1,0.5034921424302824,1219
length_only_logistic,3,DWDPK,5,0,0.490291258670612,32
length_only_logistic,3,ITGSE,5,0,0.490291258670612,106
length_only_logistic,3,DSAIDLGD,8,0,0.4982113424403839,722
length_only_logistic,3,GINYWLAHK,9,1,0.5008517661884768,905
length_only_logistic,3,YYVPLGTQ,8,1,0.4982113424403839,865
length_only_logistic,3,VYPFPGPIHN,10,0,0.5034921424302824,1219
length_only_logistic,3,SIQSQPQAFP,10,1,0.5034921424302824,1189
length_only_logistic,3,VPVTST,6,0,0.4929309414656199,531
length_only_logistic,3,FKTTDQQTRTTVA,13,1,0.5114115138176651,1399
length_only_logistic,3,YQKFPQYL,8,1,0.4982113424403839,859
length_only_logistic,3,YMGLDLK,7,1,0.49557101845163826,698
length_only_logistic,3,TNRNFLRF,8,0,0.4982113424403839,822
length_only_logistic,3,SSSKAKKMP,9,1,0.5008517661884768,1033
length_only_logistic,3,HKEMPFPK,8,1,0.4982113424403839,745
length_only_logistic,3,LRLKGQMIYLRRRRRRRR,18,0,0.5245957889204923,1565
length_only_logistic,3,MPPPL,5,0,0.490291258670612,174
length_only_logistic,3,QQTQQPFPL,9,0,0.5008517661884768,1008
length_only_logistic,3,ISELGW,6,0,0.4929309414656199,408
length_only_logistic,3,RIRDAIAHGYIVDKV,15,0,0.5166881593284132,1508
length_only_logistic,3,GNHEAGE,7,0,0.49557101845163826,598
length_only_logistic,3,VKKVLGNP,8,1,0.4982113424403839,839
length_only_logistic,3,EEAIFLW,7,1,0.49557101845163826,580
length_only_logistic,3,EKERERQ,7,1,0.49557101845163826,581
length_only_logistic,3,FVDLKKIANIINSIFGK,17,0,0.5219610861305419,1538
length_only_logistic,3,YGGFMRRVG,9,0,0.5008517661884768,1060
length_only_logistic,3,NPYVPR,6,0,0.4929309414656199,459
length_only_logistic,3,GYNRSFLRF,9,0,0.5008517661884768,917
length_only_logistic,3,GKEIIVKAQR,10,1,0.5034921424302824,1113
length_only_logistic,3,YIPIQYVLSR,10,1,0.5034921424302824,1233
length_only_logistic,3,YLAGMN,6,0,0.4929309414656199,552
length_only_logistic,3,WAAGYCC,7,1,0.49557101845163826,694
length_only_logistic,3,PANLPWGSSNV,11,1,0.5061323239107642,1295
length_only_logistic,3,VAPFPEVFGKE,11,1,0.5061323239107642,1305
length_only_logistic,3,VYVEELKPTPE,11,1,0.5061323239107642,1312
length_only_logistic,3,MPVDVIANAYR,11,0,0.5061323239107642,1291
length_only_logistic,3,GLFDIVKKIKSLF,13,0,0.5114115138176651,1402
length_only_logistic,3,FALPQYLK,8,1,0.4982113424403839,729
length_only_logistic,3,VGINYWLAHK,10,1,0.5034921424302824,905
length_only_logistic,3,PPHMLP,6,1,0.4929309414656199,465
length_only_logistic,3,DWNKDLHIW,9,0,0.5008517661884768,889
length_only_logistic,3,RICRIIFLRVCR,12,0,0.5087721634183314,1371
length_only_logistic,3,RELEE,5,1,0.490291258670612,222
length_only_logistic,3,QQFQQSGQAQLTE,13,0,0.5114115138176651,1429
length_only_logistic,3,YDTQA,5,0,0.490291258670612,310
length_only_logistic,3,IELQAEQDRIAE,12,0,0.5087721634183314,1346
length_only_logistic,3,PWDQVKR,7,1,0.49557101845163826,657
length_only_logistic,3,ENFLRF,6,0,0.4929309414656199,178
length_only_logistic,3,SLVSPSAAAAAAPGGS,16,1,0.5193251608453955,1533
length_only_logistic,3,DVCGRDVNGY,10,0,0.5034921424302824,1091
length_only_logistic,3,LVLPGE,6,1,0.4929309414656199,445
length_only_logistic,3,RTAKV,5,0,0.490291258670612,235
length_only_logistic,3,DEDTQAMP,8,0,0.4982113424403839,720
length_only_logistic,3,LVYPFPGPIPN,11,1,0.5061323239107642,1154
length_only_logistic,3,SSAPGGGRP,9,0,0.5008517661884768,1032
length_only_logistic,3,FSEYPPLGRF,10,1,0.5034921424302824,1108
length_only_logistic,3,IPPAYSK,7,1,0.49557101845163826,615
length_only_logistic,3,HKEMPFPKYPVEPF,14,1,0.5140502280825101,1453
length_only_logistic,3,VGGIDEVIAK,10,1,0.5034921424302824,1208
length_only_logistic,3,LVTGDDKTNLK,11,1,0.5061323239107642,1286
length_only_logistic,3,LMSYMWSTSM,10,0,0.5034921424302824,1147
length_only_logistic,3,TPVVVPPFLQP,11,1,0.5061323239107642,988
length_only_logistic,3,PQPFRPQQPYPQPQPQ,16,0,0.5193251608453955,1530
length_only_logistic,3,PEAAELMMEVDP,12,1,0.5087721634183314,1363
length_only_logistic,3,HKEMPFPKYPVQPF,14,1,0.5140502280825101,1453
length_only_logistic,3,PTGADY,6,0,0.4929309414656199,470
length_only_logistic,3,DAQSAPLRVY,10,1,0.5034921424302824,1085
length_only_logistic,3,IWHHTFYNELR,11,1,0.5061323239107642,1272
length_only_logistic,3,VAWWMY,6,0,0.4929309414656199,516
length_only_logistic,3,TPEVDDEALE,10,1,0.5034921424302824,1201
length_only_logistic,3,MIPAQK,6,1,0.4929309414656199,101
length_only_logistic,3,LNVVGETVE,9,1,0.5008517661884768,947
length_only_logistic,3,NNVMLQW,7,1,0.49557101845163826,644
length_only_logistic,3,QQPQQPFPR,9,0,0.5008517661884768,1001
length_only_logistic,3,KIHPFAQAQ,9,1,0.5008517661884768,936
length_only_logistic,3,LYPFVEPI,8,0,0.4982113424403839,779
length_only_logistic,3,PDLVF,5,1,0.490291258670612,190
length_only_logistic,3,KAAAAP,6,1,0.4929309414656199,411
length_only_logistic,3,SGTVPGG,7,1,0.49557101845163826,672
length_only_logistic,3,FGHPY,5,0,0.490291258670612,54
length_only_logistic,3,VHRKC,5,1,0.490291258670612,280
length_only_logistic,3,HSSIQSQPQAFT,12,1,0.5087721634183314,1344
length_only_logistic,3,RLLRLIRKLII,11,0,0.5061323239107642,1299
length_only_logistic,3,VPKVK,5,1,0.490291258670612,288
length_only_logistic,3,SEDVHPQA,8,0,0.4982113424403839,812
length_only_logistic,3,FDKPVSPL,8,1,0.4982113424403839,731
length_only_logistic,3,LPTEV,5,0,0.490291258670612,149
length_only_logistic,3,AVKVL,5,1,0.490291258670612,17
length_only_logistic,3,PFPEVFGK,8,1,0.4982113424403839,790
length_only_logistic,3,KVGTKCCAKP,10,1,0.5034921424302824,1141
length_only_logistic,3,GLLGFVGSLLGGLGIG,16,0,0.5193251608453955,1522
length_only_logistic,3,KNPQLR,6,0,0.4929309414656199,414
length_only_logistic,3,WPEAAELMMEVDP,13,1,0.5114115138176651,1363
length_only_logistic,3,VGPLSPT,7,0,0.49557101845163826,529
length_only_logistic,3,RGLSK,5,1,0.490291258670612,225
length_only_logistic,3,SGFAP,5,0,0.490291258670612,242
length_only_logistic,3,CNGKRVCVCG,10,0,0.5034921424302824,1084
length_only_logistic,3,KRLFKKLLFSLRKY,14,0,0.5140502280825101,1457
length_only_logistic,3,EDAVPPPQ,8,0,0.4982113424403839,724
length_only_logistic,3,YIGSR,5,0,0.490291258670612,317
length_only_logistic,3,LPQYLKTVYQHQKA,14,1,0.5140502280825101,1464
length_only_logistic,3,LEIAKNGLSTTSNPKR,16,1,0.5193251608453955,1523
length_only_logistic,3,PQPFPQQPQ,9,0,0.5008517661884768,974
length_only_logistic,3,TEVWDSNEQE,10,0,0.5034921424302824,1198
length_only_logistic,4,AVPYPQR,7,1,0.5017629229997426,568
length_only_logistic,4,DVITGA,6,1,0.5026703405681074,360
length_only_logistic,4,LKQELEDLLEKQE,13,0,0.4963183829307727,1418
length_only_logistic,4,AKRFFGYKRKFF,12,0,0.49722578051376404,1325
length_only_logistic,4,AEDKKLIQ,8,0,0.5008554938182646,707
length_only_logistic,4,DRTPALRLRF,10,0,0.4990406245263699,1089
length_only_logistic,4,DAQEKLE,7,0,0.5017629229997426,571
length_only_logistic,4,GKKVLQ,6,1,0.5026703405681074,385
length_only_logistic,4,YGGFLRKYPK,10,0,0.4990406245263699,1228
length_only_logistic,4,IIAMK,5,1,0.5035777405461023,92
length_only_logistic,4,RQSHFANAQP,10,0,0.4990406245263699,1185
length_only_logistic,4,LDSPSEGRAPGAD,13,1,0.4963183829307727,1416
length_only_logistic,4,PQNIPPLTQT,10,1,0.4990406245263699,1167
length_only_logistic,4,LNLPTAVYMVT,11,0,0.49813319637136705,1283
length_only_logistic,4,RASDPLLSV,9,1,0.4999480590012365,1015
length_only_logistic,4,PPQSVLSLSQSKVLPVPE,18,1,0.49178187829488573,1569
length_only_logistic,4,GLFKIISKLAKKA,13,0,0.4963183829307727,1405
length_only_logistic,4,SSGFTY,6,0,0.5026703405681074,503
length_only_logistic,4,DHHQVYSPGEQ,11,0,0.49813319637136705,1247
length_only_logistic,4,LKIPLY,6,1,0.5026703405681074,431
length_only_logistic,4,ISSMGILVCL,10,1,0.4990406245263699,1133
length_only_logistic,4,TPCPPQ,6,1,0.5026703405681074,513
length_only_logistic,4,NRYHE,5,0,0.5035777405461023,186
length_only_logistic,4,ENLLRFFVAPFPEVFG,16,1,0.4935963595934205,1515
length_only_logistic,4,DKVGINYW,8,1,0.5008554938182646,574
length_only_logistic,4,SVNVPL,6,0,0.5026703405681074,506
length_only_logistic,4,VPITPT,6,0,0.5026703405681074,528
length_only_logistic,4,DKVGINY,7,1,0.5017629229997426,574
length_only_logistic,4,LPPPPLPPLA,10,0,0.4990406245263699,1148
length_only_logistic,4,MDATALHYENQK,12,1,0.49722578051376404,1360
length_only_logistic,4,ANVST,5,0,0.5035777405461023,14
length_only_logistic,4,SRYPS,5,1,0.5035777405461023,248
length_only_logistic,4,AKSCQ,5,1,0.5035777405461023,6
length_only_logistic,4,AEINMPDY,8,0,0.5008554938182646,708
length_only_logistic,4,APRKSSRWCT,10,0,0.4990406245263699,1076
length_only_logistic,4,SPYCYG,6,1,0.5026703405681074,501
length_only_logistic,4,FFGVRCVSP,9,1,0.4999480590012365,896
length_only_logistic,4,VQVTSTAV,8,1,0.5008554938182646,842
length_only_logistic,4,VYHEL,5,1,0.5035777405461023,301
length_only_logistic,4,TAAIVNTA,8,0,0.5008554938182646,818
length_only_logistic,4,ALNEINQFYQK,11,1,0.49813319637136705,873
length_only_logistic,4,LAPPTM,6,1,0.5026703405681074,421
length_only_logistic,4,VTKFYF,6,0,0.5026703405681074,296
length_only_logistic,4,PPQSVLSLSQSKVLPVPQ,18,1,0.49178187829488573,1569
length_only_logistic,4,NLAPFL,6,1,0.5026703405681074,458
length_only_logistic,4,CRRETAWAC,9,0,0.4999480590012365,881
length_only_logistic,4,LCCQHLWQIPEQ,12,0,0.49722578051376404,1354
length_only_logistic,4,YVNDAATLLPR,11,1,0.49813319637136705,1321
length_only_logistic,4,IVPNSVEQKH,10,1,0.4990406245263699,1135
length_only_logistic,4,YLLYLIRKLIL,11,0,0.49813319637136705,1289
length_only_logistic,4,VVGGDGDV,8,0,0.5008554938182646,845
length_only_logistic,4,RPDFDLEPPY,10,0,0.4990406245263699,1183
length_only_logistic,4,YSFGL,5,0,0.5035777405461023,340
length_only_logistic,4,IIAPTPVPAAH,11,1,0.49813319637136705,1269
length_only_logistic,4,EMPFPKYPVEP,11,1,0.49813319637136705,1158
length_only_logistic,4,WYQQVPGSGL,10,1,0.4990406245263699,1226
length_only_logistic,4,WQIPEQSQCQAI,12,0,0.49722578051376404,1384
length_only_logistic,4,QNGRFY,6,0,0.5026703405681074,181
length_only_logistic,4,LLSPFWNINA,10,0,0.4990406245263699,1146
length_only_logistic,4,PFPQQPFPQ,9,0,0.4999480590012365,965
length_only_logistic,4,TSQLLSDQ,8,0,0.5008554938182646,825
length_only_logistic,4,QCQQAVQSAV,10,0,0.4990406245263699,1174
length_only_logistic,4,TSNLLT,6,0,0.5026703405681074,514
length_only_logistic,4,WYGPDRPKFL,10,1,0.4990406245263699,1225
length_only_logistic,4,QYDQGV,6,0,0.5026703405681074,480
length_only_logistic,4,QPFPSQQPYLQLQP,14,0,0.49541100959912343,1472
length_only_logistic,4,VFEWAFAR,8,1,0.5008554938182646,836
length_only_logistic,4,EQIDNLQ,7,1,0.5017629229997426,582
length_only_logistic,4,GRGDS,5,0,0.5035777405461023,67
length_only_logistic,4,WQWRAKKLGA,10,0,0.4990406245263699,1222
length_only_logistic,4,LKGYGGVSLPEW,12,1,0.49722578051376404,1355
length_only_logistic,4,SSGFTMQ,7,0,0.5017629229997426,675
length_only_logistic,4,FNPFPSPHTP,10,0,0.4990406245263699,1106
length_only_logistic,4,QQQKQQQQPSSQVS,14,0,0.49541100959912343,1474
length_only_logistic,4,SGQYFL,6,0,0.5026703405681074,498
length_only_logistic,4,PGLPKK,6,1,0.5026703405681074,461
length_only_logistic,4,ESTVPERTHPACPDFN,16,0,0.4935963595934205,1516
length_only_logistic,4,SFQPQPLIYP,10,1,0.4990406245263699,898
length_only_logistic,4,PSITCVARAF,10,0,0.4990406245263699,1169
length_only_logistic,4,DVFNPR,6,0,0.5026703405681074,359
length_only_logistic,4,MDGAP,5,0,0.5035777405461023,164
length_only_logistic,4,PQAFP,5,1,0.5035777405461023,200
length_only_logistic,4,YGYTGA,6,0,0.5026703405681074,550
length_only_logistic,4,LNENLLRFFVAPFPEVFG,18,1,0.49178187829488573,1515
length_only_logistic,4,NHRNRMMDHVH,11,1,0.49813319637136705,1292
length_only_logistic,4,YAKPVA,6,1,0.5026703405681074,547
length_only_logistic,4,WQWRSKKLGA,10,0,0.4990406245263699,1222
length_only_logistic,4,NSLKMKKSCH,10,0,0.4990406245263699,1164
length_only_logistic,4,VEVGGGARAP,10,0,0.4990406245263699,1207
length_only_logistic,4,ARHPHPHLSFM,11,0,0.49813319637136705,1079
length_only_logistic,4,EDENNPFYLR,10,1,0.4990406245263699,1092
length_only_logistic,4,LRTLPM,6,0,0.5026703405681074,440
length_only_logistic,4,LLSQTPRY,8,1,0.5008554938182646,772
length_only_logistic,4,QEVLP,5,1,0.5035777405461023,214
length_only_logistic,4,LSKAQSDFG,9,0,0.4999480590012365,950
length_only_logistic,4,FRAEHPL,7,1,0.5017629229997426,587
length_only_logistic,4,YEDCTDCGN,9,0,0.4999480590012365,1058
length_only_logistic,4,VLKMAGNSFQEN,12,0,0.49722578051376404,1380
length_only_logistic,4,FEITPEKNPQ,10,0,0.4990406245263699,1105
length_only_logistic,4,LPWRPATNVF,10,1,0.4990406245263699,1149
length_only_logistic,4,MILLLFR,7,1,0.5017629229997426,641
length_only_logistic,4,APKSPPK,7,1,0.5017629229997426,565
length_only_logistic,4,KVSVVAL,7,0,0.5017629229997426,624
length_only_logistic,4,YPSYGLNY,8,0,0.5008554938182646,857
length_only_logistic,4,SFLLRNPNDKYEPF,14,0,0.49541100959912343,1479
length_only_logistic,4,LVVYPWTQRF,10,1,0.4990406245263699,1049
length_only_logistic,4,GVRGRGRIV,9,1,0.4999480590012365,915
length_only_logistic,4,AEERYP,6,0,0.5026703405681074,34
length_only_logistic,4,GYLEQ,5,0,0.5035777405461023,74
length_only_logistic,4,TKKTKLTEEEKNRL,14,1,0.49541100959912343,1481
length_only_logistic,4,HSGIQSEPKAIP,12,1,0.49722578051376404,1112
length_only_logistic,4,QKALNEINQF,10,1,0.4990406245263699,1177
length_only_logistic,4,PTHIAW,6,1,0.5026703405681074,204
length_only_logistic,4,APRKNVAWCT,10,0,0.4990406245263699,1070
length_only_logistic,4,VTVNPYKWLP,10,1,0.4990406245263699,1217
length_only_logistic,4,DVENLHLPLPLLQSW,15,1,0.49450366649490773,1490
length_only_logistic,4,LAYFYP,6,1,0.5026703405681074,422
length_only_logistic,4,YFDEQNEQFR,10,0,0.4990406245263699,1227
length_only_logistic,4,KVPPKA,6,1,0.5026703405681074,416
length_only_logistic,4,GAAGAAP,7,1,0.5017629229997426,593
length_only_logistic,4,VVYPD,5,0,0.5035777405461023,300
length_only_logistic,4,EECHAH,6,1,0.5026703405681074,365
length_only_logistic,4,MYPLPR,6,0,0.5026703405681074,329
length_only_logistic,4,LLGAVASMGALLCAP,15,1,0.49450366649490773,1501
length_only_logistic,4,MHIRL,5,0,0.5035777405461023,166
length_only_logistic,4,GPPGTDGAP,9,1,0.4999480590012365,912
length_only_logistic,4,PTHIKW,6,1,0.5026703405681074,204
length_only_logistic,4,TPLPLAGPPR,10,1,0.4990406245263699,1202
length_only_logistic,4,WQWRGKKLGA,10,0,0.4990406245263699,1222
length_only_logistic,4,GFPGTPGLPGF,11,1,0.49813319637136705,1259
length_only_logistic,4,LAGNPHQQQQN,11,0,0.49813319637136705,1278
length_only_logistic,4,LEHLLEHLEHLLEH,14,0,0.49541100959912343,1461
length_only_logistic,4,QQRRLLRRK,9,1,0.4999480590012365,1007
length_only_logistic,4,FDEQE,5,0,0.5035777405461023,49
length_only_logistic,4,YYQQKPVA,8,0,0.5008554938182646,864
length_only_logistic,4,MLELDPLNNLPRM,13,0,0.4963183829307727,1423
length_only_logistic,4,KSFGSSNI,8,0,0.5008554938182646,761
length_only_logistic,4,AESSQIDTGSK,11,0,0.49813319637136705,1245
length_only_logistic,4,SSAPMF,6,1,0.5026703405681074,502
length_only_logistic,4,PQEVLP,6,1,0.5026703405681074,214
length_only_logistic,4,KEGGLGPL,8,1,0.5008554938182646,755
length_only_logistic,4,KALPMHIRLAF,11,1,0.49813319637136705,1273
length_only_logistic,4,QQHPQQPQ,8,0,0.5008554938182646,800
length_only_logistic,4,YQQPVLGPVR,10,1,0.4990406245263699,1238
length_only_logistic,4,KVLAGM,6,1,0.5026703405681074,415
length_only_logistic,4,VAPFPEV,7,1,0.5017629229997426,682
length_only_logistic,4,AIGVGAIER,9,1,0.4999480590012365,871
length_only_logistic,4,DKIYPSFQPQPLIYP,15,1,0.49450366649490773,1489
length_only_logistic,4,SRYPSY,6,0,0.5026703405681074,239
length_only_logistic,4,PKHKEMPFPPKYPVEPFT,18,1,0.49178187829488573,1567
length_only_logistic,4,QQQQQQFPQ,9,0,0.4999480590012365,1006
length_only_logistic,4,RWQWRWAWR,9,0,0.4999480590012365,1027
length_only_logistic,4,NSLKAKKSCH,10,0,0.4990406245263699,1164
length_only_logistic,4,VKEAMAPK,8,1,0.5008554938182646,838
length_only_logistic,4,LDIQK,5,1,0.5035777405461023,128
length_only_logistic,4,RGDWR,5,0,0.5035777405461023,224
length_only_logistic,4,YPLPR,5,0,0.5035777405461023,329
length_only_logistic,4,PTHIW,5,1,0.5035777405461023,204
length_only_logistic,4,RDMPIQ,6,0,0.5026703405681074,482
length_only_logistic,4,YLYEIA,6,1,0.5026703405681074,556
length_only_logistic,4,PYSFK,5,0,0.5035777405461023,210
length_only_logistic,4,DEDDD,5,0,0.5035777405461023,26
length_only_logistic,4,QQPFPPQQE,9,0,0.4999480590012365,995
length_only_logistic,4,GKWKSLLKHILK,12,0,0.49722578051376404,1333
length_only_logistic,4,GLTGRPGDAGPQGK,14,1,0.49541100959912343,1449
length_only_logistic,4,IGNTLI,6,1,0.5026703405681074,402
length_only_logistic,4,GLGMIAHGV,9,0,0.4999480590012365,906
length_only_logistic,4,GQLGEHGGAGMG,12,1,0.49722578051376404,1336
length_only_logistic,4,NIQFNEQKAL,10,1,0.4990406245263699,1163
length_only_logistic,4,IYLGQ,5,0,0.5035777405461023,110
length_only_logistic,4,EPPPPEPPPI,10,1,0.4990406245263699,1097
length_only_logistic,4,YPSYGLNYY,9,1,0.4999480590012365,857
length_only_logistic,4,SDGFQF,6,0,0.5026703405681074,496
length_only_logistic,4,GLPLNLP,7,1,0.5017629229997426,597
length_only_logistic,4,EERYP,5,0,0.5035777405461023,34
length_only_logistic,4,ADVFNPR,7,1,0.5017629229997426,359
length_only_logistic,4,NYVADGLG,8,1,0.5008554938182646,786
length_only_logistic,4,NGRFY,5,0,0.5035777405461023,181
length_only_logistic,4,TMFPSA,6,0,0.5026703405681074,512
length_only_logistic,4,NYPSD,5,0,0.5035777405461023,188
length_only_logistic,4,ELVGV,5,1,0.5035777405461023,40
length_only_logistic,4,LTQTPVVPP,9,1,0.4999480590012365,954
length_only_logistic,4,YGFLPILP,8,1,0.5008554938182646,850
length_only_logistic,4,ARHPHPHLSF,10,1,0.4990406245263699,1079
length_only_logistic,4,QIPQTQQPQ,9,0,0.4999480590012365,991
length_only_logistic,4,ASYDTKF,7,1,0.5017629229997426,566
length_only_logistic,4,NQSYSFSKASLNVSYKN,17,0,0.4926890948690031,1548
length_only_logistic,4,FVAGK,5,0,0.5035777405461023,56
length_only_logistic,4,FQPQPLIYP,9,1,0.4999480590012365,898
length_only_logistic,4,TEFTK,5,0,0.5035777405461023,253
length_only_logistic,4,QNALIVRYTR,10,1,0.4990406245263699,1179
length_only_logistic,4,PQPQEPIPQ,9,0,0.4999480590012365,975
length_only_logistic,4,FSGGE,5,0,0.5035777405461023,55
length_only_logistic,4,WQWRCKKLGA,10,0,0.4990406245263699,1222
length_only_logistic,4,LPYPR,5,0,0.5035777405461023,151
length_only_logistic,4,GPAGPPGVPGL,11,0,0.49813319637136705,1260
length_only_logistic,4,IAPFGIFGTN,10,0,0.4990406245263699,1126
length_only_logistic,4,VAHINVGK,8,1,0.5008554938182646,831
length_only_logistic,4,LDIQKEV,7,0,0.5017629229997426,628
length_only_logistic,4,IKLPP,5,1,0.5035777405461023,95
length_only_logistic,4,GMPGFDVR,8,0,0.5008554938182646,743
length_only_logistic,4,VPSGK,5,0,0.5035777405461023,289
length_only_logistic,4,LVAYPWT,7,0,0.5017629229997426,637
length_only_logistic,4,VAWRNRCKGTD,11,1,0.49813319637136705,1306
length_only_logistic,4,IGDEPLANYL,10,1,0.4990406245263699,1128
length_only_logistic,4,SLVDAIGMGP,10,0,0.4990406245263699,1192
length_only_logistic,4,RKWHFLW,7,0,0.5017629229997426,665
length_only_logistic,4,WHNVSGSP,8,0,0.5008554938182646,848
length_only_logistic,4,FLPFNQL,7,0,0.5017629229997426,584
length_only_logistic,4,SMRKPPG,7,0,0.5017629229997426,673
length_only_logistic,4,RKLGRPL,7,0,0.5017629229997426,662
length_only_logistic,4,GPVRGPFPII,10,1,0.4990406245263699,1119
length_only_logistic,4,VISDEDGVTH,10,1,0.4990406245263699,1210
length_only_logistic,4,PAGPVG,6,1,0.5026703405681074,460
length_only_logistic,4,PFVKSEPIPETNNE,14,0,0.49541100959912343,1470
length_only_logistic,4,QSQPQAFP,8,1,0.5008554938182646,803
length_only_logistic,4,RPPPAQAPAP,10,0,0.4990406245263699,1184
length_only_logistic,4,GKWMSLLKHILK,12,0,0.49722578051376404,1333
length_only_logistic,4,QLQPFPQQQLPY,12,0,0.49722578051376404,1368
length_only_logistic,4,DDTGHDFEDTGEAM,14,1,0.49541100959912343,1440
length_only_logistic,4,RMLGNTPTK,9,1,0.4999480590012365,1018
length_only_logistic,4,DQVFPMNPPK,10,1,0.4990406245263699,1088
length_only_logistic,4,MMVPI,5,1,0.5035777405461023,172
length_only_logistic,4,NTDGSTDYGILQINSR,16,1,0.4935963595934205,1528
length_only_logistic,4,ACRGDGWCG,9,0,0.4999480590012365,867
length_only_logistic,4,VTKFY,5,0,0.5035777405461023,296
length_only_logistic,4,MHYGN,5,1,0.5035777405461023,167
length_only_logistic,4,YGFQNA,6,0,0.5026703405681074,549
length_only_logistic,4,GKDAVIV,7,1,0.5017629229997426,596
length_only_logistic,4,QTQQPQQPF,9,0,0.4999480590012365,1012
length_only_logistic,4,WRGTNGPL,8,1,0.5008554938182646,849
length_only_logistic,4,WPRGYFL,7,0,0.5017629229997426,695
length_only_logistic,4,ENLHLP,6,1,0.5026703405681074,368
length_only_logistic,4,NIYQIS,6,1,0.5026703405681074,456
length_only_logistic,4,ALNEINQFY,9,1,0.4999480590012365,873
length_only_logistic,4,IYEGY,5,1,0.5035777405461023,109
length_only_logistic,4,VQQQIPVVQPSIL,13,0,0.4963183829307727,1438
length_only_logistic,4,GPLGAGP,7,0,0.5017629229997426,601
length_only_logistic,4,LAPPRGSL,8,0,0.5008554938182646,764
length_only_logistic,4,VSLPEW,6,1,0.5026703405681074,533
length_only_logistic,4,CFCTKPC,7,1,0.5017629229997426,569
length_only_logistic,4,ELYENKPRRPYIL,13,0,0.4963183829307727,1394
length_only_logistic,4,RMLGQTP,7,1,0.5017629229997426,669
length_only_logistic,4,VYPGG,5,1,0.5035777405461023,303
length_only_logistic,4,PQIPEQF,7,0,0.5017629229997426,653
length_only_logistic,4,HVIKPPSRA,9,0,0.4999480590012365,920
length_only_logistic,4,YLYEIAR,7,1,0.5017629229997426,556
length_only_logistic,4,FLPILGKILGQLFG,14,0,0.49541100959912343,1445
length_only_logistic,4,PSLPA,5,1,0.5035777405461023,202
length_only_logistic,4,VVAPFPEV,8,0,0.5008554938182646,682
length_only_logistic,4,VVSGPYIVY,9,1,0.4999480590012365,1048
length_only_logistic,4,QLGNLGV,7,0,0.5017629229997426,660
length_only_logistic,4,MPFPKYPVEP,10,1,0.4990406245263699,1158
length_only_logistic,4,ELEDSLDSER,10,0,0.4990406245263699,1094
length_only_logistic,4,QAVHA,5,1,0.5035777405461023,211
length_only_logistic,4,FQINMCILR,9,1,0.4999480590012365,897
length_only_logistic,4,LTQTPVVVPPF,11,1,0.49813319637136705,954
length_only_logistic,4,YEADARSFHDLAEHDIRV,18,0,0.49178187829488573,1574
length_only_logistic,4,HMPVTK,6,0,0.5026703405681074,395
length_only_logistic,4,QQPQRPEQQ,9,0,0.4999480590012365,1003
length_only_logistic,4,QFPQTQQPQ,9,0,0.4999480590012365,991
length_only_logistic,4,VSGAGRY,7,1,0.5017629229997426,691
length_only_logistic,4,INNQFLPYPY,10,0,0.4990406245263699,1130
length_only_logistic,4,TVGMTAKF,8,1,0.5008554938182646,830
length_only_logistic,4,PGPIHDS,7,0,0.5017629229997426,648
length_only_logistic,4,FPQYLQY,7,1,0.5017629229997426,586
length_only_logistic,4,QPQAFP,6,1,0.5026703405681074,200
length_only_logistic,4,LVDGNDPR,8,0,0.5008554938182646,775
length_only_logistic,4,SPRCR,5,1,0.5035777405461023,247
length_only_logistic,4,IPPYCTIAPFGI,12,0,0.49722578051376404,1349
length_only_logistic,4,VDLRSAWP,8,0,0.5008554938182646,833
length_only_logistic,4,FLKPLFNAALKLLP,14,1,0.49541100959912343,1444
length_only_logistic,4,CYIQNCPLG,9,0,0.4999480590012365,883
length_only_logistic,4,KKRSKKKSFG,10,1,0.4990406245263699,1139
length_only_logistic,4,IKELQ,5,1,0.5035777405461023,94
length_only_logistic,4,QQPLPQQPQ,9,0,0.4999480590012365,998
length_only_logistic,4,LHLWLP,6,1,0.5026703405681074,430
length_only_logistic,4,EVLNENLLRF,10,1,0.4990406245263699,1099
length_only_logistic,4,SISSSE,6,0,0.5026703405681074,499
length_only_logistic,4,NQNFVQYTTNT,11,1,0.49813319637136705,1293
length_only_logistic,4,MLLMLIRKLIL,11,0,0.49813319637136705,1289
length_only_logistic,4,YPQRDMPIQAFLLYQEPV,18,1,0.49178187829488573,1575
length_only_logistic,4,YPSYG,5,0,0.5035777405461023,332
length_only_logistic,4,IQVPL,5,1,0.5035777405461023,104
length_only_logistic,4,QQPHSRSKGFPGP,13,1,0.4963183829307727,1430
length_only_logistic,4,RKWHFLA,7,0,0.5017629229997426,665
length_only_logistic,4,VVYPWTQRF,9,1,0.4999480590012365,1049
length_only_logistic,4,PAVACCLPPLPCHM,14,1,0.49541100959912343,1469
length_only_logistic,4,AGAHPAG,7,1,0.5017629229997426,560
length_only_logistic,4,APAKNVAWCT,10,0,0.4990406245263699,1070
length_only_logistic,4,RMLGQTPTK,9,1,0.4999480590012365,1018
length_only_logistic,4,FFSDKIAK,8,0,0.5008554938182646,732
length_only_logistic,4,YPQLLPNE,8,0,0.5008554938182646,856
length_only_logistic,4,LKDTQ,5,1,0.5035777405461023,138
length_only_logistic,4,FHNMEK,6,0,0.5026703405681074,375
length_only_logistic,4,QQPNPQQPQ,9,0,0.4999480590012365,998
length_only_logistic,4,IAGRP,5,1,0.5035777405461023,81
length_only_logistic,4,KWRSKIKKIMRTFK,14,0,0.49541100959912343,1458
length_only_logistic,4,MVPYPQR,7,1,0.5017629229997426,568
length_only_logistic,4,FDART,5,0,0.5035777405461023,48
length_only_logistic,4,WQCRMKKCGA,10,0,0.4990406245263699,1221
length_only_logistic,4,MPFPKYPVQPF,11,1,0.49813319637136705,1158
length_only_logistic,4,SSDEEVREEKELDLSSNE,18,1,0.49178187829488573,1572
length_only_logistic,4,EELDNALN,8,0,0.5008554938182646,725
length_only_logistic,4,IQSQPQAFP,9,1,0.4999480590012365,803
length_only_logistic,4,PSQQQP,6,0,0.5026703405681074,469
length_only_logistic,4,YQEPVL,6,1,0.5026703405681074,557
length_only_logistic,4,GLPPGPPIPP,10,1,0.4990406245263699,1116
length_only_logistic,4,LPENAKVDQVK,11,0,0.49813319637136705,1284
length_only_logistic,4,SGIQSEPKAIP,11,1,0.49813319637136705,1112
length_only_logistic,4,LAPGGDMD,8,1,0.5008554938182646,763
length_only_logistic,4,IEELEEELEAER,12,0,0.49722578051376404,1345
length_only_logistic,4,LPLRF,5,0,0.5035777405461023,147
length_only_logistic,4,SLLSLIRKLIT,11,0,0.49813319637136705,1301
length_only_logistic,4,FSAPAVY,7,0,0.5017629229997426,592
length_only_logistic,4,GIQSEPKAIP,10,1,0.4990406245263699,1112
length_only_logistic,4,PAGNFLPPVAAAPVM,15,1,0.49450366649490773,1505
length_only_logistic,4,YDDGSYKPH,9,1,0.4999480590012365,1057
length_only_logistic,4,FRGLMHY,7,1,0.5017629229997426,589
length_only_logistic,4,QPHQPLPPT,9,0,0.4999480590012365,994
length_only_logistic,4,TQPKTNAIPY,10,1,0.4990406245263699,1204
length_only_logistic,4,STFQQMW,7,0,0.5017629229997426,676
length_only_logistic,4,RELKPARP,8,0,0.5008554938182646,807
length_only_logistic,4,TRTGDPFF,8,0,0.5008554938182646,824
length_only_logistic,4,AVPQR,5,0,0.5035777405461023,18
length_only_logistic,4,YQQPVL,6,1,0.5026703405681074,557
length_only_logistic,4,RKWLFHW,7,0,0.5017629229997426,667
length_only_logistic,4,RNAVPITPTL,10,1,0.4990406245263699,1182
length_only_logistic,4,VLEESKGAPKPN,12,0,0.49722578051376404,1379
length_only_logistic,4,VAHINVWK,8,1,0.5008554938182646,831
length_only_logistic,4,VAGTW,5,1,0.5035777405461023,267
length_only_logistic,4,QQPIPQQPQ,9,0,0.4999480590012365,998
length_only_logistic,4,PQPQQPIPV,9,0,0.4999480590012365,978
length_only_logistic,4,AGWNIPIGT,9,0,0.4999480590012365,870
length_only_logistic,4,TLHGMV,6,1,0.5026703405681074,511
length_only_logistic,4,LRNFLRF,7,0,0.5017629229997426,635
length_only_logistic,4,APGAPGPVG,9,1,0.4999480590012365,875
length_only_logistic,4,FEGTVFENG,9,1,0.4999480590012365,895
length_only_logistic,4,RWQWRWQWA,9,0,0.4999480590012365,1029
length_only_logistic,4,PLVQQQFLGQQQPFPPQ,17,0,0.4926890948690031,1550
length_only_logistic,4,PSFQPQPLIYP,11,1,0.49813319637136705,898
length_only_logistic,4,LHDELT,6,0,0.5026703405681074,428
length_only_logistic,4,RYPSY,5,0,0.5035777405461023,239
length_only_logistic,4,EVSGL,5,1,0.5035777405461023,47
length_only_logistic,4,YVAQGEGVVA,10,0,0.4990406245263699,1241
length_only_logistic,4,NKGPR,5,1,0.5035777405461023,183
length_only_logistic,4,VAPFPEVF,8,1,0.5008554938182646,682
length_only_logistic,4,YVPFPPF,7,1,0.5017629229997426,703
length_only_logistic,4,VGINYWLAHKHK,12,1,0.49722578051376404,1377
length_only_logistic,4,AFKAWAVAR,9,1,0.4999480590012365,868
length_only_logistic,4,GLSDGEWQ,8,1,0.5008554938182646,742
length_only_logistic,4,APTMPPPLPP,10,0,0.4990406245263699,1077
length_only_logistic,4,TGPIPNSLPQ,10,1,0.4990406245263699,1199
length_only_logistic,4,GVHTFP,6,1,0.5026703405681074,391
length_only_logistic,4,TEDELQDKIHP,11,1,0.49813319637136705,1302
length_only_logistic,4,RKWFLHW,7,0,0.5017629229997426,664
length_only_logistic,4,EGLPPGPPIPP,11,1,0.49813319637136705,1116
length_only_logistic,4,GVYPH,5,1,0.5035777405461023,72
length_only_logistic,4,AAVGGYRVAVL,11,0,0.49813319637136705,1243
length_only_logistic,5,YVPFP,5,0,0.5085878267201878,343
length_only_logistic,5,FAQTQSLVYP,10,1,0.4968248578910504,876
length_only_logistic,5,AGTTGLFTPLALPYDYSH,18,1,0.4780168266213608,1557
length_only_logistic,5,VHLPP,5,1,0.5085878267201878,279
length_only_logistic,5,GWNIP,5,0,0.5085878267201878,73
length_only_logistic,5,LSMGASLSP,9,1,0.49917758717900274,951
length_only_logistic,5,TMAEYHHQDQ,10,0,0.4968248578910504,1200
length_only_logistic,5,KTPKI,5,0,0.5085878267201878,124
length_only_logistic,5,INKWGIAAMAKKLL,14,0,0.48741638808342647,1455
length_only_logistic,5,LWHTH,5,0,0.5085878267201878,158
length_only_logistic,5,IVAGPQ,6,1,0.5062355768178399,410
length_only_logistic,5,FVEPI,5,0,0.5085878267201878,57
length_only_logistic,5,SDNRNQGY,8,1,0.5015303528862619,810
length_only_logistic,5,VVYFDQTQAQA,11,0,0.4944722692041699,1311
length_only_logistic,5,TIGAPDGIPSAPR,13,1,0.48976793021772747,1435
length_only_logistic,5,GIEALKYHNMDLGTARGY,18,0,0.4780168266213608,1561
length_only_logistic,5,KAVPQ,5,1,0.5085878267201878,113
length_only_logistic,5,ALCSEK,6,0,0.5062355768178399,351
length_only_logistic,5,ETPDCFWKYCV,11,0,0.4944722692041699,1254
length_only_logistic,5,PFAQTQSLVYP,11,1,0.4944722692041699,876
length_only_logistic,5,ICNIMC,6,0,0.5062355768178399,399
length_only_logistic,5,ILPWKWPWWPWRR,13,0,0.48976793021772747,1413
length_only_logistic,5,YYDPL,5,0,0.5085878267201878,345
length_only_logistic,5,ALSAF,5,0,0.5085878267201878,12
length_only_logistic,5,ALGGA,5,1,0.5085878267201878,10
length_only_logistic,5,CAGVSAIR,8,0,0.5015303528862619,718
length_only_logistic,5,IFWLFRGKADVAL,13,0,0.48976793021772747,1410
length_only_logistic,5,IIVTQTMK,8,1,0.5015303528862619,750
length_only_logistic,5,WQVLPNAVPAK,11,1,0.4944722692041699,1315
length_only_logistic,5,GPGGFI,6,0,0.5062355768178399,386
length_only_logistic,5,GNRNFLR,7,0,0.5038830508246117,599
length_only_logistic,5,YPFVVN,6,0,0.5062355768178399,325
length_only_logistic,5,GMWKKILGKLIR,12,0,0.49211992527522336,1334
length_only_logistic,5,VIPVGGSSALGA,12,0,0.49211992527522336,1378
length_only_logistic,5,QHEAT,5,1,0.5085878267201878,217
length_only_logistic,5,FVAPFPEVF,9,1,0.49917758717900274,900
length_only_logistic,5,THDWWKER,8,1,0.5015303528862619,820
length_only_logistic,5,CFNEYE,6,0,0.5062355768178399,355
length_only_logistic,5,VTKFYFQ,7,0,0.5038830508246117,692
length_only_logistic,5,KVSVVPS,7,0,0.5038830508246117,625
length_only_logistic,5,YLGYLEQLLR,10,1,0.4968248578910504,1235
length_only_logistic,5,GKKIATYQER,10,1,0.4968248578910504,937
length_only_logistic,5,YSEMPPGK,8,0,0.5015303528862619,861
length_only_logistic,5,RWQWRWQAR,9,0,0.49917758717900274,1028
length_only_logistic,5,RLLRLLRRLLRLLR,14,0,0.48741638808342647,1476
length_only_logistic,5,FFVAP,5,1,0.5085878267201878,52
length_only_logistic,5,HEFPGVVVGANDD,13,1,0.48976793021772747,1407
length_only_logistic,5,IKKIVSKIKKLLK,13,0,0.48976793021772747,1411
length_only_logistic,5,PSIPA,5,1,0.5085878267201878,201
length_only_logistic,5,ELEELNVPGE,10,1,0.4968248578910504,1095
length_only_logistic,5,GEQQQQPGMTR,11,0,0.4944722692041699,1258
length_only_logistic,5,FAGDDAPRR,9,1,0.49917758717900274,893
length_only_logistic,5,LECIRA,6,0,0.5062355768178399,424
length_only_logistic,5,RSFLRF,6,0,0.5062355768178399,486
length_only_logistic,5,IQSEPKAIP,9,1,0.49917758717900274,802
length_only_logistic,5,GPIGPPSGGFD,11,1,0.4944722692041699,1262
length_only_logistic,5,KRRPPTT,7,1,0.5038830508246117,622
length_only_logistic,5,FVVAPFPEVF,10,1,0.4968248578910504,900
length_only_logistic,5,MPVQA,5,0,0.5085878267201878,175
length_only_logistic,5,LLPHHH,6,0,0.5062355768178399,143
length_only_logistic,5,CTLEW,5,0,0.5085878267201878,24
length_only_logistic,5,HAEIN,5,1,0.5085878267201878,76
length_only_logistic,5,FPQHCNYQQQPQTFPQPF,18,0,0.4780168266213608,1559
length_only_logistic,5,KKWWKKK,7,0,0.5038830508246117,619
length_only_logistic,5,LPTSEAAKY,9,0,0.49917758717900274,949
length_only_logistic,5,SPVVPF,6,0,0.5062355768178399,500
length_only_logistic,5,LNVPGE,6,1,0.5062355768178399,437
length_only_logistic,5,QTPRY,5,0,0.5085878267201878,220
length_only_logistic,5,YPISL,5,0,0.5085878267201878,327
length_only_logistic,5,LSGYGP,6,0,0.5062355768178399,441
length_only_logistic,5,AVLVDKQCPD,10,0,0.4968248578910504,1082
length_only_logistic,5,AQTQSLVYP,9,1,0.49917758717900274,876
length_only_logistic,5,HGEGGRSTHE,10,1,0.4968248578910504,1124
length_only_logistic,5,YGIKVGYAIP,10,1,0.4968248578910504,1229
length_only_logistic,5,RKWHLFW,7,0,0.5038830508246117,666
length_only_logistic,5,TTENVLFG,8,1,0.5015303528862619,826
length_only_logistic,5,IFGAIWKGISSLL,13,0,0.48976793021772747,1409
length_only_logistic,5,IPPLTQTPV,9,1,0.49917758717900274,794
length_only_logistic,5,KFHSGIQSEPKAIP,14,1,0.48741638808342647,1397
length_only_logistic,5,GRGDSPK,7,0,0.5038830508246117,602
length_only_logistic,5,QGLQGLPGT,9,0,0.49917758717900274,992
length_only_logistic,5,LQAFEPLR,8,0,0.5015303528862619,774
length_only_logistic,5,HFEAMR,6,1,0.5062355768178399,394
length_only_logistic,5,KVLPG,5,1,0.5085878267201878,125
length_only_logistic,5,RKSSK,5,0,0.5085878267201878,232
length_only_logistic,5,VRWCT,5,1,0.5085878267201878,294
length_only_logistic,5,QSEPKAIP,8,1,0.5015303528862619,802
length_only_logistic,5,TCLRW,5,1,0.5085878267201878,251
length_only_logistic,5,LVDTGRGPIMY,11,0,0.4944722692041699,1285
length_only_logistic,5,FAGDDAPRA,9,1,0.49917758717900274,893
length_only_logistic,5,YAEERYPIL,9,1,0.49917758717900274,1055
length_only_logistic,5,YWVTSGPK,8,0,0.5015303528862619,863
length_only_logistic,5,KVREGT,6,1,0.5062355768178399,418
length_only_logistic,5,YPFVEP,6,1,0.5062355768178399,324
length_only_logistic,5,FFVAPFPQVFGF,12,1,0.49211992527522336,1328
length_only_logistic,5,NQFLP,5,1,0.5085878267201878,185
length_only_logistic,5,WKRIVRIIRWIRKYY,15,0,0.48506540284388977,1513
length_only_logistic,5,IVRDPNGMGAW,11,1,0.4944722692041699,1271
length_only_logistic,5,YLYEIARR,8,1,0.5015303528862619,852
length_only_logistic,5,DPVAPGGPQP,10,1,0.4968248578910504,1087
length_only_logistic,5,KAVPYPQ,7,1,0.5038830508246117,618
length_only_logistic,5,IKKILSKIKKLLK,13,0,0.48976793021772747,1411
length_only_logistic,5,LNLQDF,6,1,0.5062355768178399,435
length_only_logistic,5,GSGGL,5,0,0.5085878267201878,69
length_only_logistic,5,LHELLHLLHELLHL,14,0,0.48741638808342647,1462
length_only_logistic,5,WVESQTNGIIK,11,0,0.4944722692041699,1317
length_only_logistic,5,YRGGLEPINF,10,1,0.4968248578910504,1239
length_only_logistic,5,GAWYYVPL,8,1,0.5015303528862619,738
length_only_logistic,5,DVPSERYLG,9,1,0.49917758717900274,888
length_only_logistic,5,RRARGERMSRRK,12,1,0.49211992527522336,1372
length_only_logistic,5,AGTTCLFTPLALPYDYSH,18,1,0.4780168266213608,1557
length_only_logistic,5,AFVGYVLP,8,1,0.5015303528862619,709
length_only_logistic,5,TKPIE,5,0,0.5085878267201878,258
length_only_logistic,5,KLSDW,5,0,0.5085878267201878,119
length_only_logistic,5,GLFDRVKKRKSLF,13,0,0.48976793021772747,1404
length_only_logistic,5,INYWL,5,1,0.5085878267201878,99
length_only_logistic,5,LLPHH,5,0,0.5085878267201878,143
length_only_logistic,5,ICRDL,5,1,0.5085878267201878,82
length_only_logistic,5,QYPQPQQPI,9,0,0.49917758717900274,1014
length_only_logistic,5,VLPVPQKVVPQ,11,1,0.4944722692041699,1309
length_only_logistic,5,AWEEREQGSR,10,0,0.4968248578910504,1083
length_only_logistic,5,KKYNVPQL,8,1,0.5015303528862619,758
length_only_logistic,5,PYPYY,5,0,0.5085878267201878,209
length_only_logistic,5,FHSGIQSEPKAIP,13,1,0.48976793021772747,1397
length_only_logistic,5,RKQEEDEDEEQQRE,14,0,0.48741638808342647,1475
length_only_logistic,5,FRPRIMTP,8,0,0.5015303528862619,735
length_only_logistic,5,RKQDKR,6,0,0.5062355768178399,231
length_only_logistic,5,GVPKVKETMVPK,12,1,0.49211992527522336,1337
length_only_logistic,5,PPLTQTPV,8,1,0.5015303528862619,794
length_only_logistic,5,FEDYVPLSCF,10,1,0.4968248578910504,1104
length_only_logistic,5,AIPVNKPGRF,10,1,0.4968248578910504,1068
length_only_logistic,5,YIEAVNKVSPRAGQF,15,1,0.48506540284388977,1495
length_only_logistic,5,YGFIL,5,0,0.5085878267201878,313
length_only_logistic,5,PPEIN,5,1,0.5085878267201878,198
length_only_logistic,5,HVLSRAPR,8,0,0.5015303528862619,747
length_only_logistic,5,DLVKVEA,7,0,0.5038830508246117,576
length_only_logistic,5,VHIPP,5,1,0.5085878267201878,276
length_only_logistic,5,IDNPNYK,7,1,0.5038830508246117,611
length_only_logistic,5,NRKQDK,6,0,0.5062355768178399,231
length_only_logistic,5,LQGMP,5,0,0.5085878267201878,152
length_only_logistic,5,SRGLPGME,8,0,0.5015303528862619,815
length_only_logistic,5,RPKHPI,6,1,0.5062355768178399,489
length_only_logistic,5,VLYRDG,6,1,0.5062355768178399,526
length_only_logistic,5,SAGNPN,6,0,0.5062355768178399,495
length_only_logistic,5,QEQVPLVQQQQF,12,0,0.49211992527522336,1366
length_only_logistic,5,FQLGASPY,8,0,0.5015303528862619,734
length_only_logistic,5,LNLQDFR,7,1,0.5038830508246117,435
length_only_logistic,5,IGKGG,5,1,0.5085878267201878,89
length_only_logistic,5,GAPGPAGPGGIPGERG,16,1,0.48271507837213806,1518
length_only_logistic,5,EEDDA,5,1,0.5085878267201878,33
length_only_logistic,5,SAEHGSLH,8,0,0.5015303528862619,809
length_only_logistic,5,LTTLDSE,7,0,0.5038830508246117,636
length_only_logistic,5,YQKFP,5,0,0.5085878267201878,336
length_only_logistic,5,EQGFLPGPEESGR,13,1,0.48976793021772747,1395
length_only_logistic,5,VKITVDDKHY,10,1,0.4968248578910504,1211
length_only_logistic,5,QEEVN,5,1,0.5085878267201878,212
length_only_logistic,5,YPLDL,5,1,0.5085878267201878,328
length_only_logistic,5,GPRGPA,6,0,0.5062355768178399,64
length_only_logistic,5,VVAPFPEVF,9,1,0.49917758717900274,900
length_only_logistic,5,HQIYP,5,1,0.5085878267201878,80
length_only_logistic,5,ALEPDHR,7,0,0.5038830508246117,562
length_only_logistic,5,PVRAVP,6,1,0.5062355768178399,472
length_only_logistic,5,QRNNPY,6,0,0.5062355768178399,478
length_only_logistic,5,MPDAHL,6,0,0.5062355768178399,449
length_only_logistic,5,GATGPAGYV,9,1,0.49917758717900274,903
length_only_logistic,5,TPRVF,5,1,0.5085878267201878,261
length_only_logistic,5,EILDV,5,0,0.5085878267201878,37
length_only_logistic,5,LYKNG,5,1,0.5085878267201878,160
length_only_logistic,5,LSSLEMGSLGALFVCM,16,1,0.48271507837213806,1525
length_only_logistic,5,VRTPEVDD,8,1,0.5015303528862619,843
length_only_logistic,5,LSMGSASLSP,10,1,0.4968248578910504,951
length_only_logistic,5,RLFLRF,6,0,0.5062355768178399,486
length_only_logistic,5,AFKDEDTEEVPFR,13,1,0.48976793021772747,1390
length_only_logistic,5,KFFPS,5,0,0.5085878267201878,118
length_only_logistic,5,YYIVS,5,0,0.5085878267201878,346
length_only_logistic,5,ADASVLPK,8,0,0.5015303528862619,705
length_only_logistic,5,QPLPPT,6,0,0.5062355768178399,476
length_only_logistic,5,FVAPFPEVFG,10,1,0.4968248578910504,900
length_only_logistic,5,LGFEY,5,0,0.5085878267201878,132
length_only_logistic,5,DLTFPA,6,0,0.5062355768178399,357
length_only_logistic,5,KRIHF,5,0,0.5085878267201878,122
length_only_logistic,5,WPERPPQIP,9,1,0.49917758717900274,1053
length_only_logistic,5,IFVPA,5,1,0.5085878267201878,87
length_only_logistic,5,AGFAGDDAPR,10,0,0.4968248578910504,1067
length_only_logistic,5,LTDLENLHLP,10,1,0.4968248578910504,1152
length_only_logistic,5,RYFPT,5,1,0.5085878267201878,237
length_only_logistic,5,KSSQSVFYSSNNKNYLA,17,0,0.4803655184243083,1542
length_only_logistic,5,EILDVPST,8,0,0.5015303528862619,727
length_only_logistic,5,VLPVPQKAVPQ,11,1,0.4944722692041699,1309
length_only_logistic,5,PAGPR,5,1,0.5085878267201878,189
length_only_logistic,5,TCRGLERA,8,1,0.5015303528862619,819
length_only_logistic,5,AKLEK,5,1,0.5085878267201878,4
length_only_logistic,5,WDTRGQ,6,0,0.5062355768178399,541
length_only_logistic,5,YPELF,5,0,0.5085878267201878,321
length_only_logistic,5,APRKAARWCT,10,0,0.4968248578910504,1075
length_only_logistic,5,EWFKMRRWQW,10,0,0.4968248578910504,1102
length_only_logistic,5,AGALGDSVTVTR,12,1,0.49211992527522336,1323
length_only_logistic,5,IKPLNY,6,1,0.5062355768178399,404
length_only_logistic,5,LLCIALRKK,9,0,0.49917758717900274,945
length_only_logistic,5,VLPYP,5,1,0.5085878267201878,286
length_only_logistic,5,TAQVTSTEV,9,1,0.49917758717900274,1034
length_only_logistic,5,TYQTF,5,0,0.5085878267201878,266
length_only_logistic,5,MAGVDHI,7,0,0.5038830508246117,639
length_only_logistic,5,EWFKARRWQW,10,0,0.4968248578910504,1102
length_only_logistic,5,RPKHPIKHQGLPQEV,15,1,0.48506540284388977,1431
length_only_logistic,5,GHIITVAR,8,1,0.5015303528862619,741
length_only_logistic,5,ISSTVSLKM,9,0,0.49917758717900274,927
length_only_logistic,5,RQFLRF,6,0,0.5062355768178399,486
length_only_logistic,5,AVLVDKNCPD,10,0,0.4968248578910504,1082
length_only_logistic,5,VPNSYP,6,0,0.5062355768178399,530
length_only_logistic,5,AVESTVATL,9,1,0.49917758717900274,877
length_only_logistic,5,ISAAEFGK,8,0,0.5015303528862619,752
length_only_logistic,5,STVATL,6,0,0.5062355768178399,505
length_only_logistic,5,QELPG,5,1,0.5085878267201878,213
length_only_logistic,5,SPPEIN,6,1,0.5062355768178399,198
length_only_logistic,5,GMWSKILGKLIR,12,0,0.49211992527522336,1334
length_only_logistic,5,QFLLAGR,7,0,0.5038830508246117,658
length_only_logistic,5,TRGKQ,5,1,0.5085878267201878,264
length_only_logistic,5,LPYPYY,6,1,0.5062355768178399,209
length_only_logistic,5,VLSRYPS,7,0,0.5038830508246117,525
length_only_logistic,5,GLWKILKKGA,10,0,0.4968248578910504,1117
length_only_logistic,5,SVDGKEDLIW,10,0,0.4968248578910504,1195
length_only_logistic,5,GASRHWYFL,9,1,0.49917758717900274,902
length_only_logistic,5,LRKAQEKFGKNKSQSFQL,18,0,0.4780168266213608,1564
length_only_logistic,5,VLPVLS,6,1,0.5062355768178399,524
length_only_logistic,5,QGQQGYYPTSPQ,12,0,0.49211992527522336,1367
length_only_logistic,5,ASVRT,5,1,0.5085878267201878,16
length_only_logistic,5,AWIRGCRL,8,1,0.5015303528862619,715
length_only_logistic,5,LNSPAY,6,1,0.5062355768178399,436
length_only_logistic,5,KVLPVPEK,8,0,0.5015303528862619,762
length_only_logistic,5,GPIGPP,6,1,0.5062355768178399,387
length_only_logistic,5,YPKLAPNE,8,0,0.5015303528862619,855
length_only_logistic,5,HVRETALV,8,0,0.5015303528862619,748
length_only_logistic,5,GIISHR,6,0,0.5062355768178399,384
length_only_logistic,5,IARDSAAVF,9,1,0.49917758717900274,922
length_only_logistic,5,AFNIHNRNLL,10,0,0.4968248578910504,1066
length_only_logistic,5,VTGRFAGHPAAQ,12,1,0.49211992527522336,1383
length_only_logistic,5,VELYP,5,1,0.5085878267201878,274
length_only_logistic,5,WEPFP,5,1,0.5085878267201878,305
length_only_logistic,5,IEPQG,5,1,0.5085878267201878,86
length_only_logistic,5,EYPDKRPM,8,0,0.5015303528862619,728
length_only_logistic,5,ITDFQI,6,0,0.5062355768178399,409
length_only_logistic,5,CCGNAVPQ,8,1,0.5015303528862619,719
length_only_logistic,5,GVQGPM,6,1,0.5062355768178399,392
length_only_logistic,5,AKYSY,5,1,0.5085878267201878,8
length_only_logistic,5,PLPRPQQPF,9,0,0.49917758717900274,972
length_only_logistic,5,TKTGRSAHVLSRYRPRA,17,1,0.4803655184243083,1553
length_only_logistic,5,DVTFPA,6,0,0.5062355768178399,357
length_only_logistic,5,PRPQPHPQPHP,11,0,0.4944722692041699,1296
length_only_logistic,5,TTAGLLE,7,0,0.5038830508246117,681
length_only_logistic,5,GYGDRNFLRF,10,0,0.4968248578910504,1123
length_only_logistic,5,VLATSGPG,8,0,0.5015303528862619,840
length_only_logistic,5,IYEAVNKVSPRAGQF,15,1,0.48506540284388977,1495
length_only_logistic,5,KPGEPGPK,8,0,0.5015303528862619,759
length_only_logistic,5,RKRAAQ,6,1,0.5062355768178399,485
length_only_logistic,5,PHLSF,5,0,0.5085878267201878,193
length_only_logistic,5,ENLHLPLPLL,10,1,0.4968248578910504,958
length_only_logistic,5,LLQLEAIR,8,0,0.5015303528862619,771
length_only_logistic,5,GPRGP,5,0,0.5085878267201878,64
length_only_logistic,5,ITVDDKHYQK,10,0,0.4968248578910504,1134
length_only_logistic,5,NGLAP,5,0,0.5085878267201878,179
length_only_logistic,5,RWAWRWQWR,9,0,0.49917758717900274,1024
length_only_logistic,5,WCTSVS,6,0,0.5062355768178399,539
length_only_logistic,5,AWQKFLSAVVSALGR,15,0,0.48506540284388977,1488
length_only_logistic,5,NRVYVHPF,8,1,0.5015303528862619,784
length_only_logistic,5,NAGPFTPTVNREQLSTS,17,1,0.4803655184243083,1545
length_only_logistic,5,GLAGA,5,0,0.5085878267201878,63
length_only_logistic,5,EVMAGNLYPG,10,1,0.4968248578910504,1100
length_only_logistic,5,VEIPHD,6,0,0.5062355768178399,519
length_only_logistic,5,EIVPNSAEERLH,12,1,0.49211992527522336,1326
length_only_logistic,5,APAPRPPNAP,10,1,0.4968248578910504,1071
length_only_logistic,5,FVAPFPEVFGK,11,1,0.4944722692041699,900
length_only_logistic,5,TKIVP,5,1,0.5085878267201878,257
length_only_logistic,5,FLGFPT,6,0,0.5062355768178399,376
length_only_logistic,5,ENRKQDKRF,9,0,0.49917758717900274,890
length_only_logistic,5,IITNW,5,1,0.5085878267201878,93
length_only_logistic,5,LEGGDALSASQ,11,1,0.4944722692041699,1280
length_only_logistic,5,IETWNPNNQ,9,1,0.49917758717900274,923
length_only_logistic,5,WPPRPQIPP,9,1,0.49917758717900274,1054
length_only_logistic,5,YRNTQ,5,1,0.5085878267201878,338
length_only_logistic,5,PACGGFYISGRPG,13,0,0.48976793021772747,1424
length_only_logistic,5,HHQDPPW,7,0,0.5038830508246117,607
length_only_logistic,5,MAIPP,5,0,0.5085878267201878,162
length_only_logistic,5,WTSSTMMEER,10,0,0.4968248578910504,1224
length_only_logistic,5,AYPQQ,5,1,0.5085878267201878,22
length_only_logistic,5,ALPMH,5,1,0.5085878267201878,11
length_only_logistic,5,SVDGKEDLIA,10,0,0.4968248578910504,1195
length_only_logistic,5,QQRQQQGL,8,0,0.5015303528862619,801
length_only_logistic,5,GRKSSK,6,0,0.5062355768178399,232
length_only_logistic,5,RYYGY,5,0,0.5085878267201878,241
length_only_logistic,5,SWAQL,5,0,0.5085878267201878,249
length_only_logistic,5,WLFKFLAWKKK,11,0,0.4944722692041699,1313
length_only_logistic,5,LAHMIVAGA,9,1,0.49917758717900274,939
length_only_logistic,5,NLHLPLPLL,9,1,0.49917758717900274,958
length_only_logistic,5,PQRDMP,6,1,0.5062355768178399,467
length_only_logistic,5,YQETSSSSSQEQ,12,0,0.49211992527522336,1386
length_only_logistic,5,RGSALTHLP,9,0,0.49917758717900274,1017
length_only_logistic,5,AGCGCEAMFAGA,12,1,0.49211992527522336,1324
length_only_logistic,5,EEEKNRLTKKTKLT,14,1,0.48741638808342647,1441
length_only_logistic,5,TETWNPNHPEL,11,0,0.4944722692041699,1303
length_only_logistic,5,FDGEVK,6,0,0.5062355768178399,371
length_only_logistic,5,WHHTF,5,1,0.5085878267201878,306
length_only_logistic,5,NSNLVGAAHEELQQSR,16,0,0.48271507837213806,1527
length_only_logistic,5,YPFVE,5,0,0.5085878267201878,324
length_only_logistic,5,GPPGPP,6,1,0.5062355768178399,387
length_only_logistic,5,VSRHFASYAN,10,1,0.4968248578910504,1216
length_only_logistic,5,RYQKF,5,1,0.5085878267201878,240
length_only_logistic,5,AAAPVAVAK,9,1,0.49917758717900274,866
length_only_logistic,5,YPFVV,5,0,0.5085878267201878,325
length_only_logistic,5,IQHST,5,1,0.5085878267201878,102
length_only_logistic,5,RKQDK,5,0,0.5085878267201878,231
length_only_logistic,5,PVQALLLNQELLLNP,15,1,0.48506540284388977,1507
length_only_logistic,5,FETISFK,7,1,0.5038830508246117,583
length_only_logistic,5,VEFEG,5,1,0.5085878267201878,272
length_only_logistic,5,VDHDHPE,7,0,0.5038830508246117,683
length_only_logistic,5,KWKLFKKIGAVLKVL,15,0,0.48506540284388977,1498
length_only_logistic,5,ITMIAPSAF,9,1,0.49917758717900274,928
length_only_logistic,5,IGGIGTVPVGR,11,1,0.4944722692041699,1268
length_only_logistic,5,MPFLKSPIVPF,11,1,0.4944722692041699,1290
length_only_logistic,5,LVMFLDNQHRVIRH,14,0,0.48741638808342647,1466
length_only_logistic,5,YQQRPVA,7,1,0.5038830508246117,700
length_only_logistic,5,IHVIGDF,7,1,0.5038830508246117,613
length_only_logistic,5,LGGAKQAGDV,10,0,0.4968248578910504,1142
length_only_logistic,5,GPRGPP,6,0,0.5062355768178399,64
length_only_logistic,5,LHMFK,5,1,0.5085878267201878,133
length_only_logistic,5,GLQLPFSEE,9,1,0.49917758717900274,907
length_only_logistic,5,QKAVPYPQRDMPI,13,1,0.48976793021772747,1428
length_only_logistic,5,GPSGPPGPKGN,11,0,0.4944722692041699,1263
length_only_logistic,5,GVPKVKETMVPKH,13,1,0.48976793021772747,1337
length_only_logistic,5,TPLVTLFK,8,0,0.5015303528862619,823
length_only_logistic,5,FRQFYQL,7,1,0.5038830508246117,590
length_only_logistic,5,VLSTSFPPK,9,1,0.49917758717900274,1040
length_only_logistic,5,LDKVFER,7,0,0.5038830508246117,629
length_only_logistic,5,RPKHPIK,7,1,0.5038830508246117,489
length_only_logistic,5,TVGGAPAGRIVME,13,1,0.48976793021772747,1436
length_only_logistic,5,YSQQQQ,6,1,0.5062355768178399,558
length_only_logistic,5,PVVVPPFLQPEV,12,1,0.49211992527522336,1365
length_only_logistic,5,LIAVP,5,0,0.5085878267201878,136
length_only_logistic,5,KFAYPQ,6,1,0.5062355768178399,413
length_only_logistic,5,KWEKPF,6,1,0.5062355768178399,419
length_only_logistic,5,PFVEPI,6,0,0.5062355768178399,57
length_only_logistic,5,GLFKIISGIA,10,0,0.4968248578910504,1115
length_only_logistic,5,LGFEYY,6,0,0.5062355768178399,132
length_only_logistic,5,GVGTGKPGER,10,1,0.4968248578910504,1121
length_only_logistic,5,MGSPT,5,0,0.5085878267201878,165
length_only_logistic,5,HVAGTVA,7,0,0.5038830508246117,609
length_only_logistic,5,LVVAPWT,7,0,0.5038830508246117,638
length_only_logistic,5,IAYKPE,6,0,0.5062355768178399,398
length_only_logistic,5,KKIATYQER,9,1,0.49917758717900274,937
length_only_logistic,5,VENLHLPLPLL,11,1,0.4944722692041699,958
length_only_logistic,5,RPKHPIKHQGLPQ,13,1,0.48976793021772747,1431
length_only_logistic,5,TEDQAMEDIK,10,0,0.4968248578910504,1197
length_only_logistic,5,VLSRYP,6,1,0.5062355768178399,525
length_only_logistic,5,GDRFQDQHQ,9,0,0.49917758717900274,904
length_only_logistic,5,FDKLPGFGD,9,1,0.49917758717900274,894
length_only_logistic,5,IGSENSEKTTMP,12,1,0.49211992527522336,1347
length_only_logistic,5,QFADG,5,0,0.5085878267201878,216
length_only_logistic,5,EQLTK,5,0,0.5085878267201878,43
sequence_logistic,1,VLNSNAAPLPN,11,0,0.5393172653793293,1308
sequence_logistic,1,PSDHDHE,7,0,0.00015984410525379163,655
sequence_logistic,1,AYFYPELF,8,1,0.879456391509951,716
sequence_logistic,1,LLRHVVKILEKYL,13,0,0.5563034579457937,1419
sequence_logistic,1,PRKEKLCTTS,10,1,0.28844106179664,1168
sequence_logistic,1,RNFLR,5,0,0.09627804303761976,234
sequence_logistic,1,FFRNR,5,1,0.3711098203848515,51
sequence_logistic,1,GPAGAPGAA,9,1,0.6415401690326975,908
sequence_logistic,1,DMCPHD,6,1,0.002401799653073737,358
sequence_logistic,1,WQWRMKALGA,10,0,0.011621964345958283,1223
sequence_logistic,1,YLGPQY,6,0,0.9760706768812689,553
sequence_logistic,1,KNQDK,5,0,0.00274090958808442,120
sequence_logistic,1,REQEEL,6,1,0.3735520789873103,483
sequence_logistic,1,PLPPHDLL,8,0,0.05701452989061573,791
sequence_logistic,1,FPGGPP,6,1,0.8706455923966044,379
sequence_logistic,1,TDVEK,5,1,0.9985911383166316,252
sequence_logistic,1,SAPLRVY,7,1,0.1588598596329233,671
sequence_logistic,1,LKPTPQGN,8,1,0.05921138700926724,769
sequence_logistic,1,EEYFPVGGDRPESF,14,0,0.9722449929565306,1442
sequence_logistic,1,SQCQAIHNVVHA,12,0,0.00023814241774210927,1374
sequence_logistic,1,LDLQR,5,0,0.9820858701258856,129
sequence_logistic,1,FIGTLIPLALGALTKLFK,18,0,0.0600700782185644,1558
sequence_logistic,1,INTLSGR,7,1,0.9315307807092643,614
sequence_logistic,1,LPPPV,5,0,0.4989303826515071,148
sequence_logistic,1,EVMAGNYLPG,10,1,0.8844201114255726,1101
sequence_logistic,1,LLPHHADADY,10,0,0.2998471489554443,1145
sequence_logistic,1,CRQNTLGHNTQTSIAQ,16,1,0.06537072177671928,1514
sequence_logistic,1,ENLHLPLP,8,1,0.9950464354526887,643
sequence_logistic,1,PKAVHE,6,0,0.9956837634441709,464
sequence_logistic,1,FLPPVT,6,0,0.6205241908390302,377
sequence_logistic,1,IRAMPVAV,8,1,0.9842612795627205,751
sequence_logistic,1,WKLLSKAQEKFGKNKSR,17,0,0.2087286488882533,1555
sequence_logistic,1,TDGGLLE,7,0,0.9273718565833998,679
sequence_logistic,1,VKKTC,5,1,0.8067644729238703,283
sequence_logistic,1,YINQMPQKSREA,12,1,0.5775757647914663,1318
sequence_logistic,1,VYPFPGPI,8,1,0.793047782938258,846
sequence_logistic,1,LDAVNR,6,0,0.8146146655704692,423
sequence_logistic,1,RPNYTDA,7,0,0.9093095255515091,670
sequence_logistic,1,PDHHMMYF,8,0,0.11864065190476752,788
sequence_logistic,1,AHEPVK,6,1,0.7124589777974057,349
sequence_logistic,1,HERDPTHIKWGD,12,1,0.6334712663618051,1339
sequence_logistic,1,MILMR,5,0,0.9653537352479433,168
sequence_logistic,1,AFPGS,5,1,0.988994063522425,0
sequence_logistic,1,IPAGV,5,1,0.8826090999355543,100
sequence_logistic,1,IYPSFQPQPLIYP,13,1,0.7943506354078215,1385
sequence_logistic,1,PFPQPQLPF,9,0,0.26590001063654684,962
sequence_logistic,1,QLGFLGPR,8,1,0.07304769373320873,799
sequence_logistic,1,GYYPT,5,0,0.022804962470205446,75
sequence_logistic,1,EFLLAGNNKR,10,0,0.4962957424640582,1093
sequence_logistic,1,NFHPQ,5,0,7.160064372081966e-05,177
sequence_logistic,1,QSLVYP,6,1,0.9953146189054097,479
sequence_logistic,1,FVAPFPEVFGKEKVNE,16,1,0.9252939153240836,1517
sequence_logistic,1,PQHQFPQPT,9,0,0.009646447530579099,973
sequence_logistic,1,YANPAVVRP,9,1,0.999988894214121,1056
sequence_logistic,1,VIPMGL,6,0,0.9311877151906427,521
sequence_logistic,1,EVPKA,5,1,0.9783310826338691,46
sequence_logistic,1,AWQWRWQWR,9,0,2.354559093421635e-07,880
sequence_logistic,1,VVVGDGAVGK,10,1,0.5833584724835869,1218
sequence_logistic,1,DYGLYP,6,1,0.4795529584564027,316
sequence_logistic,1,IYPVPEPS,8,0,0.7398920373901396,754
sequence_logistic,1,RRLSYSRRRF,10,0,0.43866823582638115,1186
sequence_logistic,1,FFVAPFEVFGK,11,1,0.38066220676186696,1255
sequence_logistic,1,VPFGVG,6,1,0.11737788247265306,527
sequence_logistic,1,QQPYPQQPY,9,0,0.010067000295935715,996
sequence_logistic,1,ASQSIWLPGWL,11,1,0.9816933157530882,1246
sequence_logistic,1,VEELKP,6,1,0.15793169443577465,518
sequence_logistic,1,YPFPGPIPNSL,11,1,0.6665176067336698,1320
sequence_logistic,1,GCTLN,5,0,0.9999950152963265,61
sequence_logistic,1,VECYGPNRPQF,11,1,0.9854784001858252,1307
sequence_logistic,1,KPSSPPEE,8,0,0.10148941632414313,760
sequence_logistic,1,RFVVAPFPE,9,0,0.05573920466416003,1016
sequence_logistic,1,LNPPHQIYP,9,1,0.9862883374995364,783
sequence_logistic,1,FFGFN,5,0,5.447772040274927e-05,50
sequence_logistic,1,NPPHQIYP,8,1,0.9315919254517877,783
sequence_logistic,1,VVSNFGKTVFDGVL,14,0,0.19890523393704213,1484
sequence_logistic,1,IYPFVE,6,0,0.16846392957952283,111
sequence_logistic,1,NKDVAM,6,1,0.999999734557523,457
sequence_logistic,1,YLGSGY,6,0,0.5246975027398076,554
sequence_logistic,1,FGERR,5,0,0.008137108145652473,53
sequence_logistic,1,YGGVSLPEW,9,1,0.9912405572038884,1061
sequence_logistic,1,SQSKVLPVPQ,10,1,0.993333436127802,1194
sequence_logistic,1,VTDFYF,6,0,0.997109096443121,295
sequence_logistic,1,QLAQIPR,7,0,0.2890815339114832,659
sequence_logistic,1,FVAPAGTINY,10,0,0.9978415806982024,1109
sequence_logistic,1,LVNPHDHQN,9,0,0.0012194483168086045,955
sequence_logistic,1,YGLYP,5,1,0.7805921608145445,316
sequence_logistic,1,LDAQSAPLR,9,1,0.837167208225089,940
sequence_logistic,1,TTFHTSGY,8,1,0.0011366467284751622,827
sequence_logistic,1,IYPFVEPIPY,10,0,0.22959841979485562,1137
sequence_logistic,1,KHNRGDEF,8,0,0.029398425655257594,756
sequence_logistic,1,YPTSL,5,0,0.015273664688380432,333
sequence_logistic,1,IFENLQN,7,1,0.8894294940836859,612
sequence_logistic,1,VGGRP,5,0,0.8850969646626229,275
sequence_logistic,1,RKPKV,5,0,0.31660565133430724,230
sequence_logistic,1,KDQGSYEDF,9,1,0.050901782719299765,934
sequence_logistic,1,QQPFPQQPY,9,0,0.009922683586958955,996
sequence_logistic,1,KGYGGVSLPEW,11,1,0.9731262688665946,1061
sequence_logistic,1,HCQRPR,6,0,6.379449781991211e-07,393
sequence_logistic,1,SPFWNINAHS,10,0,0.4027926852341926,1193
sequence_logistic,1,LVYPFP,6,1,0.9014077315863741,447
sequence_logistic,1,KDLQL,5,0,0.9999751957958045,116
sequence_logistic,1,GPGAGTPGGA,10,1,0.5893831104731485,1118
sequence_logistic,1,SKPHT,5,1,0.001254847677005866,244
sequence_logistic,1,FFVAPFPEVFGK,12,1,0.5918916958788211,1255
sequence_logistic,1,LKPNM,5,1,0.03441213654853433,139
sequence_logistic,1,KHDRGDEF,8,0,0.5272276882369689,756
sequence_logistic,1,VVLYR,5,1,0.898137770760364,299
sequence_logistic,1,LNGDVW,6,0,0.0032654202417222297,434
sequence_logistic,1,IASGEPTSTPT,11,1,0.22986503458123722,1267
sequence_logistic,1,QNLLRF,6,1,0.05866137507923587,369
sequence_logistic,1,GPRPP,5,0,0.10175502639351179,65
sequence_logistic,1,VKSVVAL,7,0,0.8244693647000298,687
sequence_logistic,1,YPFVVNA,7,0,0.30136721601258165,699
sequence_logistic,1,IQAEAGLTEV,10,0,0.7870870031301622,1131
sequence_logistic,1,LVVYPWTQR,9,1,0.9486682974548015,776
sequence_logistic,1,RLPSEFDLSAFLRA,14,1,0.4291251748202948,1477
sequence_logistic,1,SVMPVVA,7,0,0.9132588062840548,677
sequence_logistic,1,KIHPFAQT,8,1,0.10159450383363662,757
sequence_logistic,1,ACNLPRMC,8,1,0.9945149903773502,704
sequence_logistic,1,IFVPH,5,0,0.11761523117429025,88
sequence_logistic,1,LLLLLIRKLIK,11,0,0.0865031431006151,1282
sequence_logistic,1,APVPP,5,1,0.7533588141233434,15
sequence_logistic,1,VTCDILSVEAKGVKLG,16,0,0.26884956447035885,1535
sequence_logistic,1,FRDEHKK,7,0,0.9993417358791831,588
sequence_logistic,1,PVLGPVRGPF,10,1,0.9973117541671485,1172
sequence_logistic,1,RWQWRAQWR,9,0,0.00019235644396177105,1026
sequence_logistic,1,EIEIDNAHKET,11,0,0.9971448611389756,1251
sequence_logistic,1,YGGFLR,6,0,0.08559390373652707,314
sequence_logistic,1,VGGSDLQALK,10,0,0.27899673168907013,1209
sequence_logistic,1,RKNVY,5,0,0.004959198645802547,229
sequence_logistic,1,CYFQNCPRG,9,0,0.005862001914152302,882
sequence_logistic,1,MPIQA,5,0,0.12574431903891126,173
sequence_logistic,1,PYVRYL,6,1,0.9859633341030325,473
sequence_logistic,1,FHERDPTHIKWGD,13,1,0.7757575604415161,1339
sequence_logistic,1,NENLLRFFVAPFPE,14,1,0.060553060228918536,1468
sequence_logistic,1,FPLEMMPF,8,0,0.82897434078177,733
sequence_logistic,1,RQLAGP,6,1,0.48914733371233493,491
sequence_logistic,1,VKRRGQDCIHGFCSD,15,0,0.8905764144150327,1511
sequence_logistic,1,IIENGEKWS,9,0,0.6078495446315133,924
sequence_logistic,1,LVYPFTGPIPN,11,1,0.872949373298983,1287
sequence_logistic,1,KYLGPQY,7,0,0.9345248113754085,553
sequence_logistic,1,APGAGVY,7,1,0.7336360197659874,564
sequence_logistic,1,QVSLLQQFFL,10,0,0.8398162467181942,1181
sequence_logistic,1,TRDQQ,5,1,0.0008356854634946542,263
sequence_logistic,1,LKKISQ,6,1,0.40214665355997414,432
sequence_logistic,1,PQPYPQQPY,9,0,0.02015028476714089,983
sequence_logistic,1,EFFDVSNELFQ,11,0,0.2058741171010458,1249
sequence_logistic,1,KNWKKILKKIIKVVK,15,0,0.02396853991887948,1497
sequence_logistic,1,LLLQLIRKLIL,11,0,0.04213841273005552,1282
sequence_logistic,1,KAEEEYPDL,9,1,0.7483358788424203,933
sequence_logistic,1,VAWKL,5,1,0.6600541251003144,269
sequence_logistic,1,HPHPHLSFMAIPP,13,0,0.0035709546594821415,1408
sequence_logistic,1,GNPVGGVGHGTTGT,14,1,0.9699312399484395,1451
sequence_logistic,1,GQKSVPEVR,9,1,0.6573603599996621,913
sequence_logistic,1,LRENNKLMLLELK,13,1,0.1657846533106735,1420
sequence_logistic,1,DPYKLRP,7,1,0.10101364540513724,578
sequence_logistic,1,TPWVPPFLQP,10,1,0.012884826056935847,1203
sequence_logistic,1,EAPGGYDD,8,1,0.9964944044943075,723
sequence_logistic,1,NWGQFHGGW,9,0,0.0004715294235491047,959
sequence_logistic,1,NGRAHA,6,0,0.936888390319391,454
sequence_logistic,1,SQLALTNPT,9,0,0.6418965056513385,1031
sequence_logistic,1,QQQQLPQQH,9,0,0.0022615384541089423,1005
sequence_logistic,1,LVGDEQAVPAVCVP,14,0,0.00834724999199483,1465
sequence_logistic,1,HPINHR,6,0,0.897659260843434,396
sequence_logistic,1,KAAVT,5,0,0.2603158923289605,112
sequence_logistic,1,HVCYMF,6,0,0.3133105447074875,397
sequence_logistic,1,ITTNP,5,1,0.9997798856564963,107
sequence_logistic,1,FFVAPFPFEVFGK,13,1,0.4616685178190843,1255
sequence_logistic,1,RADHPF,6,1,0.23013057623587704,481
sequence_logistic,1,EIAKLM,6,1,0.9946911903166308,366
sequence_logistic,1,VFDGEL,6,0,0.5186011486584962,520
sequence_logistic,1,YQEPVLGPVRGPFPIIV,17,1,0.988786297178226,1556
sequence_logistic,1,SYLPPLTT,8,0,0.3281946638919025,817
sequence_logistic,1,KPYVFRATGAL,11,0,0.9284976454803724,1276
sequence_logistic,1,YNILSGFDTEL,11,0,0.9447646251185744,1319
sequence_logistic,1,FVSACSVAG,9,1,0.13040280920551398,901
sequence_logistic,1,FLPLIGRVLSGILG,14,0,0.9674135320851193,1400
sequence_logistic,1,VKETT,5,1,0.9927391346520241,282
sequence_logistic,1,EDLDED,6,0,0.0020699023014775723,363
sequence_logistic,1,FLPLIGKVLSGIL,13,0,0.8562407650705381,1400
sequence_logistic,1,QQPFVQQQQPFVQQ,14,0,0.06657874869362666,1473
sequence_logistic,1,LEELLHHLEELLHH,14,0,0.1693180055866125,1460
sequence_logistic,1,PFPQPQQPT,9,0,0.010355891802850403,963
sequence_logistic,1,VPSIDDQEELM,11,0,0.45318248835834324,1310
sequence_logistic,1,LPESVHLDK,9,1,0.05357230515406798,948
sequence_logistic,1,INKKI,5,0,0.9981887579612153,98
sequence_logistic,1,IAYKPAG,7,1,0.9950961273240513,610
sequence_logistic,1,EGGSF,5,1,0.46055548005624763,35
sequence_logistic,1,VEIPE,5,0,0.6373288725454701,273
sequence_logistic,1,GKGEGGGGLA,10,0,0.13171363290595775,1114
sequence_logistic,1,TPSPR,5,1,0.32049606208949255,262
sequence_logistic,1,MRKDQ,5,1,0.9080752121454555,176
sequence_logistic,1,INKVVR,6,1,0.9999591248689846,405
sequence_logistic,1,GPRPPP,6,0,0.20450073575899383,65
sequence_logistic,1,VYNEGLPAP,9,1,0.9891736047428811,1050
sequence_logistic,1,FPGLADR,7,0,0.6920258192481724,585
sequence_logistic,1,NIIPA,5,1,0.8713386353720037,182
sequence_logistic,1,YLLVR,5,1,0.9946484606446157,318
sequence_logistic,1,PIQQQPHQF,9,0,0.01351063738402573,971
sequence_logistic,1,FVLPH,5,0,0.057842080532451684,58
sequence_logistic,1,EGLPPRPKIPP,11,1,0.816269221758252,1250
sequence_logistic,1,WEGPK,5,0,0.9991943511522806,304
sequence_logistic,1,GFPGP,5,0,0.8172878771397869,62
sequence_logistic,1,LSPQSY,6,1,0.8300268534850779,442
sequence_logistic,1,PQPYPQQPF,9,0,0.13801678501478723,983
sequence_logistic,1,PFPQPQQPQ,9,0,0.07858208839384537,963
sequence_logistic,1,ELFTT,5,1,0.4754334767526977,39
sequence_logistic,1,VPYPQRDMPIQA,12,1,0.30669558033247657,1382
sequence_logistic,1,PVEPFTESQ,9,1,0.7520659843880926,987
sequence_logistic,1,YLNVVTRPRF,10,0,0.707035812130752,1236
sequence_logistic,1,AKYCY,5,1,0.9999523530510868,7
sequence_logistic,1,LAPSTIK,7,1,0.9995544847293559,626
sequence_logistic,1,EPAWSNLGIW,10,0,0.12674755830647846,1096
sequence_logistic,1,SKVWRHWRRFWHRAHRKL,18,0,0.10238641165333309,1571
sequence_logistic,1,PVSHDHAPEY,10,0,0.04911892788544043,1173
sequence_logistic,1,LGLNGDDVN,9,0,0.3129530049696668,943
sequence_logistic,1,IVTNWDDMEK,10,1,0.8863070206821599,1136
sequence_logistic,1,LGDARNSPAPP,11,1,0.13199658099387213,1281
sequence_logistic,1,PQPQQPFPW,9,0,0.16610234034656055,977
sequence_logistic,1,KDGEA,5,0,0.9990692447830527,115
sequence_logistic,1,EFVAPFPEVFGK,12,1,0.8041723042604748,1255
sequence_logistic,1,THEATHEAP,9,1,0.9999794415286469,1035
sequence_logistic,1,GYYPTS,6,0,0.04184593519185299,75
sequence_logistic,1,YVTASPHLR,9,1,0.06259026994455155,1063
sequence_logistic,1,ADKNFLRF,8,0,0.0008633877928057379,706
sequence_logistic,1,FAGGTSGSGV,10,0,0.41234382377219025,1103
sequence_logistic,1,RNEQMGAGRLGRLRK,15,1,0.002185659059815337,1509
sequence_logistic,1,ARGPQLRLRF,10,0,0.038972504747588524,1078
sequence_logistic,1,PVPQP,5,1,0.7162426913606357,207
sequence_logistic,1,HFGDPFH,7,0,1.0504878912061451e-06,605
sequence_logistic,1,PAGLPGPA,8,0,0.9091901147282545,787
sequence_logistic,1,TKIPA,5,1,0.23575673110276274,256
sequence_logistic,1,YSNQNGRF,8,0,0.7932947458996217,862
sequence_logistic,1,DVFRELRVQ,9,0,0.7070117502168489,887
sequence_logistic,1,VRGPFPIIV,9,1,0.9898684049505182,1045
sequence_logistic,1,KTCGY,5,0,0.08545345099527549,123
sequence_logistic,1,LGFPTTKTYFPHF,13,1,0.05759065035792229,1417
sequence_logistic,1,IQPQQPFPQ,9,0,0.42858197155611916,926
sequence_logistic,1,PHQQQQQQF,9,0,0.0006829053265288265,969
sequence_logistic,1,GVDNPGHPF,9,1,0.9361052359261657,914
sequence_logistic,1,SKVYPFPGPI,10,1,0.8084816721792266,1190
sequence_logistic,1,NIPPLTQTPV,10,1,0.9844668151473636,1162
sequence_logistic,1,GHSLLHF,7,0,0.7738889826721868,594
sequence_logistic,1,LKVGVKQY,8,1,0.9770439972806759,770
sequence_logistic,1,HLPPPV,6,1,0.4763366276984427,148
sequence_logistic,1,VFRQWQKIMRRLVRR,15,0,0.027799545147893286,1510
sequence_logistic,1,QQPYPQ,6,0,0.013712331916556294,477
sequence_logistic,1,LAHKAL,6,1,0.9999651936982902,420
sequence_logistic,1,QFAAD,5,0,0.17058054691488433,215
sequence_logistic,1,NWKKILGKICR,11,0,0.5120614129437191,1294
sequence_logistic,1,YPVSL,5,0,0.5859565975120516,334
sequence_logistic,1,QSWMHQPHQ,9,1,0.3247091674039192,1011
sequence_logistic,1,VLKVGGTSDVEV,12,0,0.41245682519406884,1381
sequence_logistic,1,VGVIKAVDKKAGGAGKVT,18,1,0.06860238467857764,1573
sequence_logistic,1,VYIHPF,6,1,0.9664080675604463,538
sequence_logistic,1,ENLLRF,6,1,0.2528239808502238,369
sequence_logistic,1,LVVYPW,6,1,0.7548877495562529,446
sequence_logistic,1,ACGNLPRMC,9,1,0.997364450046245,704
sequence_logistic,1,LSRGQ,5,1,0.02628246201402706,155
sequence_logistic,1,RWQWAWQWR,9,0,5.887988246264099e-06,1025
sequence_logistic,1,QQPQQPLPQ,9,0,0.009904756376888093,1002
sequence_logistic,1,FDTADLPSGKGYL,13,0,0.696822930347443,1396
sequence_logistic,1,PQPYPQQPQ,9,0,0.050283797450796516,983
sequence_logistic,1,YAFGYPS,7,0,0.991076429263236,696
sequence_logistic,1,LQPEVMGVSK,10,1,0.9971543194080399,1151
sequence_logistic,1,YPSFQPQPLIYP,12,1,0.7922318715144964,1385
sequence_logistic,1,AYTGV,5,1,0.9537422786971133,23
sequence_logistic,1,LIPPGVPY,8,1,0.9115621996367516,768
sequence_logistic,1,YYPTSPQQSGQG,12,0,0.08057005006567644,1387
sequence_logistic,1,VTDFY,5,0,0.9934377551753714,295
sequence_logistic,1,YPFPGPIN,8,1,0.9158704726707966,854
sequence_logistic,1,LPAGV,5,1,0.7171281243928083,145
sequence_logistic,1,VYPFPGPIA,9,0,0.38850705435298605,846
sequence_logistic,1,IELPLG,6,1,0.949286402043994,401
sequence_logistic,1,ALPMHIR,7,1,0.09492716205523312,563
sequence_logistic,1,SSHWSS,6,0,0.8332343815427641,504
sequence_logistic,1,LVTVM,5,1,0.9996047848377918,157
sequence_logistic,1,YMVSAIWG,8,0,0.49342443533456404,853
sequence_logistic,1,VEGKSPNV,8,1,0.8544054258259781,835
sequence_logistic,1,AQTQSL,6,1,0.9055949119277239,353
sequence_logistic,1,RPFHPF,6,0,0.012493812211309732,488
sequence_logistic,1,DSSEEKFLR,9,0,0.1268891571797764,885
sequence_logistic,1,ASHLGLAR,8,1,0.6149582826146697,713
sequence_logistic,1,NENLLRFFVAPFPEVFG,17,1,0.7317089321218408,1468
sequence_logistic,1,YPFPGPIPN,9,1,0.7533019891626872,854
sequence_logistic,1,VQGQGIIQPPQQPAQL,16,0,0.09082906036738873,1534
sequence_logistic,1,FFVAPFPGVFGK,12,1,0.7328662295129512,1255
sequence_logistic,1,EHPVL,5,1,0.9373802857972092,36
sequence_logistic,1,SKVYP,5,1,0.9784981052761076,245
sequence_logistic,1,PLLPQQPFPSQQEQPQF,17,0,0.44196886798057294,1549
sequence_logistic,1,VYPFPGPIPNSL,12,1,0.7361404351662757,1320
sequence_logistic,1,GASSGMPG,8,1,0.4771123518330041,737
sequence_logistic,1,TLLLLIRKLIL,11,0,0.07349351748260768,1282
sequence_logistic,1,RLKKY,5,0,0.8524075457995606,233
sequence_logistic,1,PPPVHL,6,1,0.9209017697206218,466
sequence_logistic,1,PGEKGSPGADGPIGAP,16,0,0.891254988591173,1529
sequence_logistic,1,ALAFQ,5,1,0.1781844805398933,9
sequence_logistic,1,FLSLIPKLVKKIIKAFK,17,0,0.8885754088455161,1537
sequence_logistic,1,LPHVLTPEAGAT,12,0,0.5425752964359851,1357
sequence_logistic,1,PVRGPFPIIV,10,1,0.9862624521267985,1045
sequence_logistic,1,QLLLLIRKLIV,11,0,0.0698072400857439,1282
sequence_logistic,1,LSKDIGSESTEDQAMED,17,1,0.4199199383830017,1544
sequence_logistic,1,AKPEG,5,1,0.9986994107961358,5
sequence_logistic,1,IYPFV,5,0,0.8341343607916091,111
sequence_logistic,1,GPLGLLGFLGPLGLS,15,1,0.3379949711768427,1493
sequence_logistic,1,GYDTQAIVQ,9,1,0.3826813211836137,916
sequence_logistic,1,TIDMESTEVFTKK,13,0,0.9362553455953363,1434
sequence_logistic,1,TLKYP,5,1,0.9016027058004173,259
sequence_logistic,1,FVQWFSKFLGRILG,14,0,0.04918727259377357,1447
sequence_logistic,1,MCYPAST,7,1,0.9858959041286965,640
sequence_logistic,1,YVVNPDNDEN,10,0,0.37947137132762426,1242
sequence_logistic,1,RWQWRWQWR,9,0,1.1456286986121736e-06,880
sequence_logistic,1,AWDPE,5,0,0.00042651469999892066,20
sequence_logistic,1,VAPEEHPV,8,1,0.9526987293923794,832
sequence_logistic,1,YGAGS,5,1,0.200731688590473,311
sequence_logistic,1,LSKEEIEEAKEV,12,0,0.9992336108559949,1359
sequence_logistic,1,EPVLGPVRGPFP,12,1,0.9960392080961326,1172
sequence_logistic,1,QQPIQQQPH,9,0,0.007906459628573994,999
sequence_logistic,1,GPVRGPFPIIV,11,1,0.9468504624913282,1045
sequence_logistic,1,LLVTLKK,7,1,0.079420070796455,633
sequence_logistic,1,YVVNPDNNEN,10,0,0.08839244861484324,1242
sequence_logistic,1,KLLKKVVKLFKKLLK,15,0,0.01451412492530901,1496
sequence_logistic,1,IVGRPRH,7,1,0.9868111498938248,616
sequence_logistic,1,WNMNAH,6,0,0.0014056906162396596,543
sequence_logistic,1,FDYDPR,6,0,0.32574497552079634,372
sequence_logistic,1,GYPMYPLPR,9,1,0.0041983233457253185,918
sequence_logistic,1,PLPWGAGF,8,1,0.6321231431029313,793
sequence_logistic,1,KIYPSFQPQPLIYP,14,1,0.7445665988227641,1385
sequence_logistic,1,LKDAQ,5,1,0.9997968576063365,137
sequence_logistic,1,YALPAH,6,0,0.9996125403873972,548
sequence_logistic,1,YESMADPCS,9,1,0.44911951607293493,1059
sequence_logistic,1,YGGWL,5,0,0.002260333087675756,315
sequence_logistic,1,RADHRYNDLGHR,12,1,0.9965369901725526,1370
sequence_logistic,1,LKSQQ,5,1,0.7017761150192178,140
sequence_logistic,1,YGGFL,5,1,0.0694573745307261,314
sequence_logistic,1,VESYVPLFP,9,0,0.27656087886442665,1038
sequence_logistic,1,LDSGDGVTH,9,1,0.9295829796353954,941
sequence_logistic,1,HHPLL,5,0,0.5609214622702127,77
sequence_logistic,1,MMLDF,5,0,0.9639096252449417,171
sequence_logistic,1,LVVYPWTQ,8,1,0.7768908965703668,776
sequence_logistic,1,YPQPQ,5,0,0.0607745335551358,331
sequence_logistic,1,MCESASSK,8,1,0.01627184388957552,780
sequence_logistic,1,RVPSLM,6,1,0.6818991949761564,493
sequence_logistic,1,YINQMPQKSRE,11,1,0.5718586550030927,1318
sequence_logistic,1,AMKPWIQPK,9,1,0.617957059404552,874
sequence_logistic,1,WVPSV,5,1,1.9806936788896955e-07,308
sequence_logistic,1,RYLGYL,6,0,0.9092422809490236,494
sequence_logistic,1,LVEKGDVAFI,10,0,0.4252428471637674,1153
sequence_logistic,1,LPHSGY,6,0,0.48103655156362474,438
sequence_logistic,1,IASGEPTSTPTEE,13,1,0.792669229619361,1267
sequence_logistic,1,NLHLPLP,7,1,0.9741406166121911,643
sequence_logistic,1,RHGYM,5,0,0.9999215918377099,226
sequence_logistic,1,MEGAQEAQGD,10,1,0.5542277765538277,1155
sequence_logistic,1,LSQSKVLPVPQK,12,1,0.9586293294356357,1194
sequence_logistic,1,DFVAP,5,1,0.26287502256332806,28
sequence_logistic,1,WLAHKALCSEKLDQ,14,0,0.9268256558729182,1485
sequence_logistic,1,LLNPPHQIYP,10,1,0.984264531403989,1144
sequence_logistic,1,RLSFNP,6,1,0.40816941017307495,487
sequence_logistic,1,LLRSVGVPL,9,0,0.8694150494797209,946
sequence_logistic,2,EITPEKNPQLR,11,0,0.8014240431356784,1252
sequence_logistic,2,TQTPVVVPPFIQPE,14,1,0.43249493864147653,1482
sequence_logistic,2,GPMGPPGVK,9,0,0.9713125917506051,911
sequence_logistic,2,ENGLPVHLDQSIFRRP,16,1,0.9937409564841896,1491
sequence_logistic,2,VPKNYFHDIV,10,0,0.0014076723714673625,1215
sequence_logistic,2,EVTFPA,6,0,0.9867789250596192,370
sequence_logistic,2,SPPPFYL,7,1,0.7688632688446742,674
sequence_logistic,2,IRDLEAELEAEQ,12,0,0.13042830246125195,1350
sequence_logistic,2,VNNFLRF,7,0,4.0366928797097066e-05,689
sequence_logistic,2,EDLIWK,6,0,0.9465813665241332,364
sequence_logistic,2,AIEWEGIESGSVEQA,15,0,0.4613976579418939,1487
sequence_logistic,2,LLEYSL,6,0,0.014467163164215311,142
sequence_logistic,2,YYLVR,5,1,0.9627037816231725,347
sequence_logistic,2,WYLHYA,6,1,0.8861897871514417,545
sequence_logistic,2,VNGSEKSKF,9,1,0.5898718428915014,1042
sequence_logistic,2,KGPPGEIGR,9,0,0.9718015649504519,935
sequence_logistic,2,PFNQL,5,0,0.25892556802830274,191
sequence_logistic,2,AYEES,5,1,0.8290057322453803,21
sequence_logistic,2,GPFPIIV,7,1,0.7232593593038976,600
sequence_logistic,2,LVCYPQ,6,0,0.0003240177246880549,444
sequence_logistic,2,EIPKT,5,0,0.9936350120673412,38
sequence_logistic,2,AADNANELFPPN,12,0,0.3039121374623472,1322
sequence_logistic,2,LLPVIGNLLKSSLG,14,0,0.7034931996326144,1463
sequence_logistic,2,NMAINPSKENLCSTFCK,17,1,0.21999767660195402,1547
sequence_logistic,2,VRKGQ,5,1,0.9828442506641664,291
sequence_logistic,2,RMLGQYPYK,9,1,0.9723861451337122,1020
sequence_logistic,2,WYGPD,5,0,0.9796504417109705,309
sequence_logistic,2,VKCFR,5,1,0.9999908818774342,281
sequence_logistic,2,VYLPRM,6,1,0.999508692855783,302
sequence_logistic,2,DTGSDKKQL,9,1,0.00019749466346512988,886
sequence_logistic,2,QEPVLGPVRGPFP,13,1,0.9937062678570152,1426
sequence_logistic,2,LEEFCC,6,1,0.9994714680678951,425
sequence_logistic,2,ACVRACVRACVRACV,15,0,0.00745531225572927,1486
sequence_logistic,2,NKWKKILGKIIKVVK,15,0,0.07761495630047914,1503
sequence_logistic,2,RKWLHFW,7,0,4.250857682466352e-05,668
sequence_logistic,2,RALPIDVL,8,0,0.11200526719903516,804
sequence_logistic,2,VRLPT,5,1,0.9565738414157751,292
sequence_logistic,2,LAVYPWT,7,0,0.13984719759743092,627
sequence_logistic,2,YPWTQRFF,8,0,0.4030104987789951,858
sequence_logistic,2,PPPLP,5,0,0.9524761725535763,199
sequence_logistic,2,TPPAGPDGGPP,11,1,0.8983408270890353,1304
sequence_logistic,2,TGLKP,5,1,0.9676038305692962,255
sequence_logistic,2,LVYPFPGP,8,1,0.9882213535597232,778
sequence_logistic,2,FISAIASMLGKFL,13,0,0.27177637842823554,1398
sequence_logistic,2,VLLPDEVSGL,10,1,0.45516660815666155,1214
sequence_logistic,2,PSKYEPFV,8,0,0.7539717681136279,797
sequence_logistic,2,GQFNDKRWIPFG,12,0,0.2174481877092806,1335
sequence_logistic,2,GCETR,5,1,0.9836618892952894,60
sequence_logistic,2,QKPFPQQPPF,10,0,0.7539677423007705,1178
sequence_logistic,2,GTFAIIQ,7,0,0.6150499854406812,604
sequence_logistic,2,WLGHGGRPDHE,11,1,0.11891579544077141,1314
sequence_logistic,2,YPIPF,5,0,0.9315196822557251,326
sequence_logistic,2,PQQQFPQQM,9,0,0.004983453778371567,984
sequence_logistic,2,QQPQHQFPQ,9,0,0.06880604481676189,1000
sequence_logistic,2,LGPLGHQ,7,1,0.9844956016457638,630
sequence_logistic,2,YTDAPSF,7,1,0.011763147811360064,701
sequence_logistic,2,PSITCVRAAF,10,0,0.8473929060170087,1170
sequence_logistic,2,YYAPFDGIL,9,1,0.017484910204237192,1065
sequence_logistic,2,AWQSLQSGW,9,0,0.05944284381480558,879
sequence_logistic,2,MIPAY,5,1,0.9997265084640443,169
sequence_logistic,2,PYFNK,5,0,0.14691950311118598,208
sequence_logistic,2,YVHPFHL,7,0,0.9321226165218234,702
sequence_logistic,2,ILELA,5,0,0.0016059260737258732,96
sequence_logistic,2,PTHGAW,6,1,0.8003554587696635,471
sequence_logistic,2,VLAQYK,6,1,0.7721552967513646,523
sequence_logistic,2,PHHADS,6,0,0.00031015300888899715,463
sequence_logistic,2,MLVFAV,6,1,0.7623923030840305,448
sequence_logistic,2,LVAPAN,6,1,0.09927112316547332,443
sequence_logistic,2,LVYPFPGPIPNSLPQN,16,1,0.7046892628770202,1467
sequence_logistic,2,VKVLLEHPVL,10,0,0.9879154126433015,1212
sequence_logistic,2,QSWMHQPHQPLPPTVM,16,1,0.9954070532432372,1532
sequence_logistic,2,SFNLPILR,8,0,0.5764014638704029,813
sequence_logistic,2,AFPRS,5,1,0.9252038029265387,1
sequence_logistic,2,GPPGAP,6,1,0.9446811150490823,388
sequence_logistic,2,AGILKRW,7,0,0.6251404821383446,561
sequence_logistic,2,PTGPNNGLSY,10,0,0.0023962051644534645,1171
sequence_logistic,2,AELQVVDHLGQTV,13,0,0.07960346731055462,1389
sequence_logistic,2,IEFPR,5,1,0.10183422849090464,84
sequence_logistic,2,PGVLPVA,7,1,0.9331647109703645,649
sequence_logistic,2,PQTQQPQQQ,9,0,0.041527724589932105,979
sequence_logistic,2,ACDCRGDCFCG,11,0,0.00011899815746894344,1244
sequence_logistic,2,QFPQQPQQI,9,0,0.007450105221937179,966
sequence_logistic,2,YVEEL,5,0,0.196008632167496,341
sequence_logistic,2,REPKW,5,0,0.607952175595151,223
sequence_logistic,2,DPAQPNYPWTAVLVFRH,17,1,0.15450668151121774,1536
sequence_logistic,2,NEGLTW,6,0,0.8039012232115006,453
sequence_logistic,2,YSFGG,5,0,0.33664001791445086,339
sequence_logistic,2,KAQYPYV,7,1,0.7293989212778783,617
sequence_logistic,2,TLVGR,5,1,0.830618431304889,260
sequence_logistic,2,GEEFGAFTPK,10,0,0.9606625377857724,1110
sequence_logistic,2,PQPQLPFPQ,9,0,0.10700300705867599,976
sequence_logistic,2,QWDRQ,5,0,0.26067301713269225,221
sequence_logistic,2,LGPVRGPFP,9,1,0.997020428185072,944
sequence_logistic,2,GAFGPGGLVGRP,12,1,0.9094917341379992,1332
sequence_logistic,2,RKWFHLW,7,0,6.289940958325917e-07,663
sequence_logistic,2,LKLLKKLLKKLLKLL,15,0,0.9577262496275506,1500
sequence_logistic,2,HLPLPLVQSW,10,1,0.9371337868400943,1125
sequence_logistic,2,PTHIKWGD,8,1,0.653347961204371,656
sequence_logistic,2,SCQAQPTTMAR,11,0,0.11654929921360295,1300
sequence_logistic,2,MIFPGAGGPEL,11,1,0.8989350765164529,1288
sequence_logistic,2,RRQRRRRMRKDK,12,1,0.9633676425293336,1373
sequence_logistic,2,TYKEE,5,1,0.29603963195604377,265
sequence_logistic,2,GVQEGAGHYALL,12,1,0.898634877690175,1338
sequence_logistic,2,LVYIIQGR,8,0,0.8618952848412117,777
sequence_logistic,2,PTHIKWD,7,1,0.7667316745686058,656
sequence_logistic,2,WGAPSL,6,0,0.12409164043597827,542
sequence_logistic,2,SPFLQSAAFQLRN,13,0,0.4093566216243775,1432
sequence_logistic,2,TKCEVFRE,8,0,0.9998550097973009,821
sequence_logistic,2,INNQFLPYPYYAKPAAVR,18,1,0.8952478897881987,1563
sequence_logistic,2,DLDHYSF,7,0,0.027257539575834138,575
sequence_logistic,2,QGPPGPAGPA,10,0,0.39782610141609626,1175
sequence_logistic,2,GVHGV,5,1,0.9770924085662045,70
sequence_logistic,2,DRVYIHPFHL,10,1,0.670732589747365,1090
sequence_logistic,2,IETWNPNNKP,10,0,0.5854791480784937,1127
sequence_logistic,2,HLPPPVHLPPPV,12,0,0.8717933771587134,1341
sequence_logistic,2,LGPVRGPFPI,10,1,0.9562090672521604,944
sequence_logistic,2,DSGVT,5,0,0.016727361550501935,31
sequence_logistic,2,WKVIP,5,1,0.9993407936347303,307
sequence_logistic,2,LLEYS,5,0,0.10873373175717826,142
sequence_logistic,2,GSAGPAGPSGPRGP,14,1,0.6964605988128102,1452
sequence_logistic,2,KRDSY,5,0,0.09756813629551052,121
sequence_logistic,2,YIFHLMD,7,0,0.44457469646863773,697
sequence_logistic,2,KRLRRVWRRWR,11,0,0.011235733089204222,1277
sequence_logistic,2,VQKATY,6,1,0.45511398262336245,532
sequence_logistic,2,LADGVAAPA,9,1,0.21584573144964142,938
sequence_logistic,2,AGGFR,5,0,0.5442253370612875,2
sequence_logistic,2,AMKPW,5,1,0.9992157761481951,13
sequence_logistic,2,LQSGDALRVPSGTTYY,16,0,0.8683559577909676,1524
sequence_logistic,2,IVGFPAYGH,9,1,0.9942427745596283,929
sequence_logistic,2,YPFSL,5,0,0.1856048028987762,323
sequence_logistic,2,RNDDLNYIQ,9,1,0.9148577748982357,1021
sequence_logistic,2,VDKEA,5,1,0.06077795804804457,271
sequence_logistic,2,PGPLGLTGP,9,1,0.9904125128533743,968
sequence_logistic,2,IFPFVEPI,8,0,0.4522827807173283,749
sequence_logistic,2,AFPAGAAHW,9,1,0.970409698970893,869
sequence_logistic,2,TTMLIQDEDDLEMA,14,1,0.7901591951084644,1483
sequence_logistic,2,VVALALI,7,0,0.019550173257541652,693
sequence_logistic,2,GRGSVPAPGP,10,1,0.8744065790026008,1120
sequence_logistic,2,GSIFVPH,7,0,0.2537002694710259,603
sequence_logistic,2,QFPQQQIPV,9,0,0.06210471395267699,990
sequence_logistic,2,IQKEDVPSER,10,1,0.6981091634168122,1132
sequence_logistic,2,YGFGG,5,0,0.08445474018767034,312
sequence_logistic,2,TVGMTAFK,8,1,0.9291604468395314,829
sequence_logistic,2,NVPGEIVE,8,1,0.9837572000602426,785
sequence_logistic,2,YVLSR,5,0,0.29030688644273406,342
sequence_logistic,2,ENGLPVHLDQSIFRR,15,1,0.9985701535886298,1491
sequence_logistic,2,VRPEK,5,1,0.994959809260784,293
sequence_logistic,2,AVFPSIVGR,9,1,0.9961377849751709,878
sequence_logistic,2,GPDRPKFLGPF,11,1,0.026597895030454382,1261
sequence_logistic,2,AQQLAAQLPAMCR,13,1,0.9899500997378198,1391
sequence_logistic,2,PAVVRP,6,1,0.9963671259727942,19
sequence_logistic,2,HNAPNPGLPYAA,12,0,0.002401612354126026,1342
sequence_logistic,2,PQQQQPFPQ,9,0,0.00626271247104485,986
sequence_logistic,2,WSVPQPK,7,1,0.0020511386397153077,507
sequence_logistic,2,NAPLPPPLKH,10,0,0.985450791460392,1161
sequence_logistic,2,YIPIQYVL,8,1,0.7158033551954324,851
sequence_logistic,2,DDLPR,5,0,0.6310783595255711,25
sequence_logistic,2,APPTPPPLPP,10,0,0.9465570924606138,1073
sequence_logistic,2,SNAAC,5,0,0.00175013373212404,246
sequence_logistic,2,RKEVY,5,0,0.9984767932142635,228
sequence_logistic,2,YGKHVAVHAR,10,1,0.9303948094138761,1230
sequence_logistic,2,MPFPKY,6,1,0.05534528016357984,450
sequence_logistic,2,MITLAIPVNKPGR,13,0,0.9491722420438762,1422
sequence_logistic,2,PSGQYY,6,1,0.19891474376666282,468
sequence_logistic,2,EPDRY,5,0,0.05207313050856467,41
sequence_logistic,2,DLSDGEQGVL,10,0,0.08221871972240521,1086
sequence_logistic,2,QLLLQQ,6,1,0.07031604238182457,475
sequence_logistic,2,IEFEQ,5,1,0.06904072071643885,83
sequence_logistic,2,GPIGSVGAP,9,1,0.7049188140837715,910
sequence_logistic,2,YQEPVLGPVRGPF,13,1,0.9954385415383183,1426
sequence_logistic,2,HLPLPLL,7,1,0.8123615044843746,608
sequence_logistic,2,VDTFPA,6,0,0.0023504515575099375,517
sequence_logistic,2,DHTKE,5,0,0.8198551017414782,29
sequence_logistic,2,VIQKYP,6,1,0.9813317832729952,522
sequence_logistic,2,PTHIKWG,7,1,0.3412569886646697,656
sequence_logistic,2,KDERF,5,1,0.02683727693286863,114
sequence_logistic,2,LIVGFPAYGH,10,1,0.9913060580273688,929
sequence_logistic,2,YQEPVLQPVR,10,1,0.997444542725212,1237
sequence_logistic,2,TIIPLPV,7,1,0.4979937043240495,680
sequence_logistic,2,LEYSI,5,0,0.0034898088073533735,131
sequence_logistic,2,LVYPFPGPIHNSLP,14,1,0.05364109824494421,1467
sequence_logistic,2,HGPLGPL,7,0,0.12649039415194138,606
sequence_logistic,2,YGKPVAVPAR,10,1,0.9006941835837932,1231
sequence_logistic,2,VLPEI,5,1,0.2415762033933468,284
sequence_logistic,2,LQALHQGQIV,10,0,0.26317114934832014,1150
sequence_logistic,2,VNRNFLRF,8,0,0.030305134059863487,689
sequence_logistic,2,IILHQQQKQQQQ,12,0,0.00260875265542786,1348
sequence_logistic,2,PQGPIGVP,8,0,0.7953905779269352,795
sequence_logistic,2,RMLGQTPWK,9,1,0.9777344552841292,1019
sequence_logistic,2,PKIDAMREKVLA,12,1,0.8729358325719063,1364
sequence_logistic,2,QQPQQQFPQ,9,0,0.0015909298931524236,1000
sequence_logistic,2,MTPPLP,6,0,0.9976204821685111,451
sequence_logistic,2,YSEEQQPSTR,10,0,0.42420714585996716,1240
sequence_logistic,2,GALAAH,6,0,0.18024171869819303,382
sequence_logistic,2,YLAGKPQQEH,10,0,0.1499365350656196,1234
sequence_logistic,2,KHIQKEDVPSER,12,1,0.9333451977409071,1132
sequence_logistic,2,YIQKEDVPSER,11,0,0.7616199773955634,1132
sequence_logistic,2,LTFPGSAED,9,0,0.23071747564653028,952
sequence_logistic,2,LLMLDNDLPP,10,1,0.4390724071674948,1143
sequence_logistic,2,DLDLRKDLYAN,11,1,0.28884008258357197,1248
sequence_logistic,2,WGHGNPHV,8,1,0.01668324400008975,847
sequence_logistic,2,LCNGS,5,1,0.0007613466631810852,127
sequence_logistic,2,DLRPDNAKA,9,1,0.08215517375181411,884
sequence_logistic,2,FQQPVVGPA,9,1,0.00866155757864048,899
sequence_logistic,2,IHETT,5,1,0.9998606715061747,91
sequence_logistic,2,VPLGTQYTDAPSFSDIP,17,0,0.5507603189149269,1554
sequence_logistic,2,HVVNFTPRL,9,0,0.009398509292341997,921
sequence_logistic,2,HNLDTQTESDV,11,0,5.105391872430837e-06,1266
sequence_logistic,2,EPKAIP,6,1,0.9324052138916886,195
sequence_logistic,2,KKFALKLFWWK,11,0,0.0013561151008230725,1275
sequence_logistic,2,QPPPAPGPGT,10,0,0.31797628334940253,1180
sequence_logistic,2,LNPGAGLPRGPNGADTF,17,1,0.6842846286643833,1543
sequence_logistic,2,LYQQP,5,1,0.7662775721838524,161
sequence_logistic,2,VENLHLPLPL,10,1,0.8485635779505629,1206
sequence_logistic,2,PQPQQQLPL,9,0,0.0011013284108308782,981
sequence_logistic,2,PYPQQPQQQ,9,0,0.006381066529685728,979
sequence_logistic,2,LGAVPPRY,8,1,0.3862474996541197,766
sequence_logistic,2,YPWSL,5,0,0.000348132214260651,335
sequence_logistic,2,LQYIR,5,1,0.00028680643072920346,154
sequence_logistic,2,PTHVAW,6,1,0.6761343393410727,471
sequence_logistic,2,PKAIP,5,1,0.9686447989972797,195
sequence_logistic,2,YQEPVLGPVRG,11,1,0.9997360425124312,1237
sequence_logistic,2,DIKQME,6,1,0.00012521293098487454,356
sequence_logistic,2,LNVPGEIVE,9,1,0.9650087793718701,785
sequence_logistic,2,PPAYPPPPVP,10,0,0.9860503548191114,1166
sequence_logistic,2,YQQKPVAL,8,1,0.9331596343996446,860
sequence_logistic,2,TVFDGELR,8,0,0.970044849591368,828
sequence_logistic,2,QVPQPIP,7,1,0.9051189595975795,661
sequence_logistic,2,TDQHQDKIYP,10,1,0.9097613668588629,1196
sequence_logistic,2,ILGKIWKGLVSDF,13,0,0.009421120443838818,1412
sequence_logistic,2,APSLRLRF,8,0,0.03751979190575529,711
sequence_logistic,2,LLEYSI,6,0,0.01405763654524716,131
sequence_logistic,2,VIPAGYP,7,0,0.926958053420522,686
sequence_logistic,2,PFPQQPQQI,9,0,0.02883058265700115,966
sequence_logistic,2,SPPFAPRL,8,0,0.26100585972024665,814
sequence_logistic,2,LAPSLPGKPKPD,12,1,0.9556588717393764,1353
sequence_logistic,2,NQNGRFY,7,0,0.05273513946747531,646
sequence_logistic,2,IVEYF,5,1,0.9730703845958185,108
sequence_logistic,2,MDFLI,5,1,0.017742244959183577,163
sequence_logistic,2,RVQVVNNNGK,10,0,0.02198879103219825,1187
sequence_logistic,2,RPKHPIKHQ,9,1,0.9969390275053213,1022
sequence_logistic,2,KNILQPSSVDSQ,12,0,0.024665578917348517,1352
sequence_logistic,2,VVYPWT,6,1,0.08811547384543132,537
sequence_logistic,2,ASGPINFT,8,1,0.7826732777972091,712
sequence_logistic,2,MQIFVKTLTG,10,0,0.11170242849975574,1159
sequence_logistic,2,TVYTKGRVMP,10,1,0.8988696693238033,1205
sequence_logistic,2,KLLKLLKKELKLLK,14,0,0.8147184838158678,1456
sequence_logistic,2,LMRWMR,6,0,0.1035121113045327,433
sequence_logistic,2,NMEKGSSSVVSSRMKQ,16,0,0.005639157931503472,1526
sequence_logistic,2,EAAVYPL,7,0,0.9820166586125872,579
sequence_logistic,2,FFAPGRNPTSFS,12,0,0.7772997203337091,1327
sequence_logistic,2,TKAVEH,6,0,0.85015013950518,510
sequence_logistic,2,REKVLASS,8,1,0.8881716157799426,806
sequence_logistic,2,PIPQQPQPY,9,0,0.025782836923997708,970
sequence_logistic,2,VLDTDYK,7,1,0.05444918379434052,688
sequence_logistic,2,KYPVEPFTESQSLTL,15,1,0.32602610021030726,1499
sequence_logistic,2,YLMSR,5,0,0.47989227017538644,319
sequence_logistic,2,YGNPVGGVGH,10,1,0.9800859548353648,1232
sequence_logistic,2,VCYNQ,5,1,0.054647389015945784,270
sequence_logistic,2,LTPVPGSPF,9,1,0.6885803981410464,953
sequence_logistic,2,MWHNAH,6,1,1.4215679155153228e-09,452
sequence_logistic,2,CVPEVDPLLLRAE,13,0,0.04343802599729578,1393
sequence_logistic,2,VPYPQ,5,0,0.16981771456330844,290
sequence_logistic,2,FMPGVPGPIQR,11,1,0.06917643878359586,1257
sequence_logistic,2,TERGY,5,0,0.038965934602631924,254
sequence_logistic,2,ADDFYYQ,7,1,0.7323720858617877,559
sequence_logistic,2,VPPFIQPE,8,0,0.014865258389732352,841
sequence_logistic,2,VLVLDTDYK,9,1,0.09715819127865624,1041
sequence_logistic,2,AVVRP,5,1,0.994250073543607,19
sequence_logistic,2,LENLHLPLP,9,1,0.9787268711078343,942
sequence_logistic,2,GRVSNCAA,8,1,0.005816162485302962,744
sequence_logistic,2,GFGPEL,6,0,0.001467938595084495,383
sequence_logistic,2,KYPVQPFTESQSLTL,15,1,0.28266650161480245,1499
sequence_logistic,2,SAYPGQITSN,10,1,0.2860198795797608,1188
sequence_logistic,2,ALKAWSVAR,9,1,0.030881375268058106,872
sequence_logistic,2,VYLPR,5,0,0.8308528860689056,302
sequence_logistic,2,SCQDQPTTLAR,11,0,0.5937891358677383,1300
sequence_logistic,2,SVPLFNFSVYLA,12,0,0.012750317482155873,1375
sequence_logistic,2,FNVVLK,6,0,0.6757012724373687,378
sequence_logistic,2,RRIKFN,6,1,0.0016357205806025773,492
sequence_logistic,2,VNVDDPSKA,9,0,0.8282492744421481,1043
sequence_logistic,2,HTHLQRAPHPNALGYHGK,18,0,0.4192655785175548,1562
sequence_logistic,2,RRWFWRRRRWFWRR,14,0,3.667953075184629e-07,1478
sequence_logistic,2,YPASL,5,0,0.7554593198992636,320
sequence_logistic,2,PTHIKWN,7,1,0.00862331522674145,656
sequence_logistic,2,AVKQPAVVYP,10,1,0.5460929615936643,1081
sequence_logistic,2,LKYAT,5,1,0.9305569063703722,141
sequence_logistic,2,LHLPLPLL,8,1,0.9285726792334336,608
sequence_logistic,2,LVYPFPGPIPNSLP,14,1,0.9408211622496324,1467
sequence_logistic,2,QQTYPQRPQ,9,0,0.005416885771157873,1009
sequence_logistic,2,LVYPFPGPI,9,1,0.8081238313641601,778
sequence_logistic,2,AMPKPW,6,1,0.9981318971780755,13
sequence_logistic,2,GEEFDAFTPK,10,0,0.9760214083186035,1110
sequence_logistic,2,SVDSQTAF,8,0,0.2195273933600229,816
sequence_logistic,2,APALRLRF,8,0,0.015477766865891002,711
sequence_logistic,2,HLFGPPGKKDPV,12,1,0.05910607867388146,1340
sequence_logistic,2,LHREN,5,1,0.6783167082507126,134
sequence_logistic,2,FQKVVA,6,1,0.2692331116128859,380
sequence_logistic,2,GETGPAGPAGAAGPAGPR,18,1,0.7686884099514026,1560
sequence_logistic,2,AEPIPY,6,0,0.4971703624771996,42
sequence_logistic,2,PFPQQPQQQ,9,0,0.029025687412827156,966
sequence_logistic,2,NGLEGLK,7,0,0.5953067839863514,642
sequence_logistic,2,PHSCN,5,0,0.43393052356439715,194
sequence_logistic,2,EPIPY,5,0,0.8966937016369236,42
sequence_logistic,2,ACSNHSPLGWRGH,13,0,0.005372722102044559,1388
sequence_logistic,2,KLLKLLKKLLKELK,14,0,0.9345736956824988,1456
sequence_logistic,2,AITAKL,6,1,0.010996035068516857,350
sequence_logistic,2,ASGLCPEEAVPRR,13,1,0.7627064200626921,1392
sequence_logistic,2,VHLKP,5,0,0.996144947047082,278
sequence_logistic,2,SKWDNFRGSW,10,0,0.07074598881079965,1191
sequence_logistic,2,FISAIASFLGKFL,13,0,0.19061502506371972,1398
sequence_logistic,2,SVPQPK,6,1,0.03593144508132277,507
sequence_logistic,2,KEDDEEEEQGEEE,13,1,0.4079756777258831,1414
sequence_logistic,2,VLGPVRGPFP,10,1,0.9965615391757683,944
sequence_logistic,2,EPIPYGFLP,9,1,0.9494812849652298,891
sequence_logistic,2,DVENLHLPLPL,11,1,0.5404127878073389,1206
sequence_logistic,2,KELPPSDADW,10,1,0.7553445183424488,1138
sequence_logistic,2,APGPAGARGN,10,0,0.12228027219403399,1072
sequence_logistic,2,LPGRPPIKPWPL,12,1,0.3730956113374717,1356
sequence_logistic,2,VDSDVVKG,8,1,0.009345514451733069,834
sequence_logistic,2,GNPIPREPGQVPAY,14,1,0.957704819783667,1450
sequence_logistic,2,PFPQQPQQT,9,0,0.0027602385205557226,966
sequence_logistic,2,EWPRPQIPP,9,1,0.9961773938279872,892
sequence_logistic,2,KLTPQMA,7,0,0.05769647216943157,621
sequence_logistic,2,FGGIDDINQIGQSD,14,1,0.6975697652102819,1443
sequence_logistic,2,RGDSPA,6,0,0.043963191039233594,484
sequence_logistic,2,PVGLVQPASATLYDY,15,1,0.8694675017785867,1506
sequence_logistic,2,PFFDPQIP,8,1,0.8478294806104499,789
sequence_logistic,2,SYPYY,5,0,0.009148528897173604,250
sequence_logistic,2,QVSLNSGYY,9,1,0.0796086261742748,1013
sequence_logistic,2,MLPLMLPFTMGY,12,1,0.9588952853276708,1361
sequence_logistic,2,LELPLK,6,0,0.7266853383438572,427
sequence_logistic,2,AVVYPWT,7,0,0.06276339529883129,537
sequence_logistic,2,PQPQQPQQQ,9,0,0.005483937669013602,979
sequence_logistic,2,NMGPLLPQ,8,0,0.3842018169891327,782
sequence_logistic,2,RIVPA,5,0,0.6902844516276513,227
sequence_logistic,2,RIGKMVSFPRI,11,0,0.34582429144645793,1298
sequence_logistic,2,KHLPLP,6,1,0.9981197428451407,78
sequence_logistic,2,RGGRLCYCRRRFCVCVGR,18,0,0.010686464690173309,1570
sequence_logistic,2,GLPGSRGERGLPG,13,1,0.5667572279379158,1406
sequence_logistic,2,PFPQQQQPL,9,0,0.0064339422558264,967
sequence_logistic,2,VTRGD,5,0,0.9043104694254311,297
sequence_logistic,2,FVNPEAGS,8,1,0.6482942156873818,736
sequence_logistic,2,KWLRRVWRWWR,11,0,0.002335217237087378,1277
sequence_logistic,2,FSDKIAKYIPIQ,12,1,0.28921702654562925,1330
sequence_logistic,2,FFNPVH,6,0,0.8369598166886243,374
sequence_logistic,2,ATWLPPR,7,0,0.9932796266366359,567
sequence_logistic,2,YQEPVLGPVRGPFPI,15,1,0.97721778226298,1426
sequence_logistic,2,PQPQQPYPQ,9,0,0.012328275460163797,980
sequence_logistic,2,LQFCCY,6,1,0.998995279822522,439
sequence_logistic,2,PGPIPN,6,1,0.942227422157239,462
sequence_logistic,2,VVPPFIQPE,9,1,0.02862866730231943,841
sequence_logistic,2,GFWKPGSG,8,1,0.002158206317959063,739
sequence_logistic,2,PQPTQQFPQ,9,0,0.19645884671809205,982
sequence_logistic,2,HLPLP,5,1,0.9150168645164912,78
sequence_logistic,2,KIKAVLKVLTT,11,0,0.28526789583619694,1274
sequence_logistic,2,IPPGVPYWT,9,1,0.19998457779275422,925
sequence_logistic,2,VSHNNFLRF,9,0,1.285721289297521e-08,1046
sequence_logistic,2,PLPPHMLP,8,0,0.8977201886158647,792
sequence_logistic,3,VIGSPPQIN,9,1,0.7951696438026545,1039
sequence_logistic,3,PFNQLAG,7,0,0.39721391622974195,647
sequence_logistic,3,GAAELPCSADWW,12,1,0.7644292988868242,1331
sequence_logistic,3,PFPQPQQPI,9,0,0.0355920995597165,961
sequence_logistic,3,NFLRF,5,0,0.0006424813203779615,178
sequence_logistic,3,MYVVELMMSF,10,0,0.20956410290743185,1160
sequence_logistic,3,MNVKHWPWMK,10,1,0.9373668712338716,1157
sequence_logistic,3,FRVPTPN,7,1,0.9854778540683037,591
sequence_logistic,3,GRLVFQ,6,0,0.9950225567307126,389
sequence_logistic,3,WSVWEQELEDR,11,0,0.22570180381738109,1316
sequence_logistic,3,EQLSTSEENSK,11,0,0.8501004908062479,1253
sequence_logistic,3,FFECSG,6,1,0.9993994058643312,373
sequence_logistic,3,SDWDRF,6,0,0.00020338629854253255,497
sequence_logistic,3,VVGAK,5,1,0.9892709876572029,298
sequence_logistic,3,AQIPQQ,6,0,0.5044779130561056,352
sequence_logistic,3,YVVFK,5,1,0.5634808865097392,344
sequence_logistic,3,VPLSPT,6,0,0.2298867798007773,529
sequence_logistic,3,GAWYY,5,0,0.9833053765672638,59
sequence_logistic,3,YQQND,5,0,0.7650774370509815,337
sequence_logistic,3,KIHPFAQTQSLVYP,14,1,0.9975097227693343,1343
sequence_logistic,3,NGPLQAGQPGER,12,0,0.30160097877036374,1362
sequence_logistic,3,QRPQQPFPQ,9,0,0.8019076341663403,1010
sequence_logistic,3,WDDMEK,6,0,0.02181248496743909,540
sequence_logistic,3,ISCDKF,6,0,2.897506283479632e-05,407
sequence_logistic,3,GLFDIVKGIKSLF,13,0,0.6549104698489457,1402
sequence_logistic,3,KENPVLSLVNGMF,13,1,0.8657189765773716,1415
sequence_logistic,3,RDMPIQAF,8,1,0.9588086025958865,805
sequence_logistic,3,MIKLRSTAKN,10,0,0.23405020793885636,1156
sequence_logistic,3,VTPALR,6,1,0.017644513497787128,535
sequence_logistic,3,MHQPPQPL,8,0,0.4912845375054469,781
sequence_logistic,3,YPLSL,5,0,0.001846539948211282,330
sequence_logistic,3,VHHANEN,7,0,0.8255169305958878,685
sequence_logistic,3,AIRQGDVF,8,0,0.02868700614159932,710
sequence_logistic,3,IHPFAQTQSLVYP,13,1,0.9996640801780147,1343
sequence_logistic,3,GEHGGAGMGGGQFQPV,16,1,0.03356848977905397,1519
sequence_logistic,3,PFPQPQEPI,9,0,0.226121583802716,961
sequence_logistic,3,IVGGFPHYL,9,0,0.8244848108442935,930
sequence_logistic,3,GHKIATFQQR,10,1,0.592610121500063,1111
sequence_logistic,3,LAYFYPEL,8,1,0.7780950882761002,765
sequence_logistic,3,KVREEY,6,1,0.9902369454437708,417
sequence_logistic,3,IIFGVIKALSG,11,0,0.04757960318306696,1270
sequence_logistic,3,FACAAWQWRMKKLGA,15,0,0.21685761625040423,1492
sequence_logistic,3,MIFPGGPQL,9,1,0.25009545931639476,956
sequence_logistic,3,LYEGY,5,0,0.9986437885489371,159
sequence_logistic,3,QVQWPQQQPFPQPQQPF,17,0,0.12718681696956952,1551
sequence_logistic,3,LDNFR,5,0,0.0713579379921521,130
sequence_logistic,3,YYAKPAAVR,9,1,0.9936693581232179,1064
sequence_logistic,3,PLHDATRDLVRRRRRRRR,18,0,0.830023130315499,1568
sequence_logistic,3,TTMPLW,6,1,0.001919101050904061,515
sequence_logistic,3,YCNGKRVCVCRG,12,0,0.0455634411719039,1084
sequence_logistic,3,HPFAQTQSLVYP,12,1,0.9859096892679172,1343
sequence_logistic,3,IYPFPGPIH,9,0,0.8933820318904103,932
sequence_logistic,3,RPQIPP,6,1,0.5110002830856228,490
sequence_logistic,3,QETTGVEGPKGDT,13,0,0.9974847786336642,1427
sequence_logistic,3,TPEVDDEALEK,11,0,0.11230536404426333,1201
sequence_logistic,3,VVVVPH,6,0,0.13517877139056392,536
sequence_logistic,3,GLFDAIGNLLGGLGLG,16,0,0.9546830651579515,1520
sequence_logistic,3,FNVPLYEFSY,10,1,0.3297720597726769,1107
sequence_logistic,3,NGMTY,5,0,0.04949162209270104,180
sequence_logistic,3,PVVVPPFLQ,9,1,0.9111694620836025,988
sequence_logistic,3,PYPQQPYPS,9,0,0.004209106301655525,989
sequence_logistic,3,HIAGKSSIFRA,11,0,0.12059560415943096,1265
sequence_logistic,3,WGLETAGSVVLLDLQ,15,0,0.42061356400856764,1512
sequence_logistic,3,PSHDAHPE,8,0,0.006378043083178323,796
sequence_logistic,3,LQDKIHP,7,1,0.9437583016696931,634
sequence_logistic,3,GHKIATFQER,10,1,0.6727245682360973,1111
sequence_logistic,3,GLFDIVKKVVGTIAGL,16,0,0.3565926559389963,1521
sequence_logistic,3,VSPHLP,6,0,0.777939207048867,534
sequence_logistic,3,GLFDVIKKVASVIGGLG,17,1,0.8728485827000143,1539
sequence_logistic,3,VHLAP,5,1,0.874785717659705,277
sequence_logistic,3,YQEVLGPVRGPFPIIV,16,1,0.9879464980229306,1437
sequence_logistic,3,PHAHF,5,0,0.006155862414434478,192
sequence_logistic,3,KEEKFE,6,0,0.5369522939975028,412
sequence_logistic,3,TGGGNV,6,1,0.9031640510447644,509
sequence_logistic,3,GVPLT,5,0,0.8400868739693256,71
sequence_logistic,3,FLGWLFKVASK,11,0,0.3549785544536887,1256
sequence_logistic,3,KTCENLADTY,10,0,0.5664491066272938,1140
sequence_logistic,3,LHLPLR,6,1,0.8289738597203175,429
sequence_logistic,3,SSIQSQPQAFT,11,1,0.5076627363801092,1189
sequence_logistic,3,WYSLAM,6,1,0.8940404280826111,546
sequence_logistic,3,PFPQPQQTF,9,0,0.010036392324484555,964
sequence_logistic,3,GNFLRF,6,0,0.0017365689148824781,178
sequence_logistic,3,EPQPLIYP,8,1,0.8842043948214166,654
sequence_logistic,3,ITDFQILE,8,0,0.004998124388683245,753
sequence_logistic,3,QQPFPQRPQ,9,0,0.16312675602046894,997
sequence_logistic,3,NPAVVRP,7,1,0.9978262935964799,645
sequence_logistic,3,HISPFSPRL,9,0,0.22240631634080443,919
sequence_logistic,3,GYGGVSLPEWVCTTF,15,0,0.9045344567378049,1494
sequence_logistic,3,EQRPR,5,0,0.5206472680959422,44
sequence_logistic,3,GVNGEEGVPG,10,1,0.991036020703275,1122
sequence_logistic,3,MPPPLPTRVDFSLAGALN,18,0,0.1120849639121658,1566
sequence_logistic,3,GLLGMVGSLLGGLGLG,16,0,0.97028999118419,1522
sequence_logistic,3,TEFHLL,6,0,0.15169936026700426,508
sequence_logistic,3,YHIEPV,6,0,0.9758929680759177,551
sequence_logistic,3,LHPGDAQR,8,1,0.9497582427714286,767
sequence_logistic,3,ENFIRF,6,0,0.0009662633379690149,367
sequence_logistic,3,FLGALFKWASK,11,0,0.1306787757140934,1256
sequence_logistic,3,TPEVDDEALKE,11,1,0.051436363857975474,1201
sequence_logistic,3,GGNYVGVP,8,0,0.45398955229914223,740
sequence_logistic,3,PPHMGGP,7,1,0.027386580793558022,652
sequence_logistic,3,PAGNFLMNGLMHR,13,1,0.3119275961449891,1425
sequence_logistic,3,VLGPVRGPFPIIV,13,1,0.9816880447462192,1437
sequence_logistic,3,QKEFLLAGNNK,11,0,0.2541939299132756,1297
sequence_logistic,3,HTVQCMFQ,8,0,0.9983697425330013,746
sequence_logistic,3,VPPFLQPEV,9,1,0.4652944933381696,1044
sequence_logistic,3,LHSMK,5,0,0.9655157495299868,135
sequence_logistic,3,FVAPFP,6,1,0.8103873861981807,268
sequence_logistic,3,QLPFPQQPQ,9,0,0.17002732409563748,993
sequence_logistic,3,REWFTFLK,8,1,0.07673843045947026,808
sequence_logistic,3,NYDKNFLRF,9,0,0.005901107914120502,960
sequence_logistic,3,ARYLPT,6,0,0.782760202283842,238
sequence_logistic,3,RNFLRF,6,0,0.017100513990986162,178
sequence_logistic,3,IVGRRRHQG,9,1,0.9742118585202666,931
sequence_logistic,3,LIYPFVEPI,9,0,0.4139069675397309,779
sequence_logistic,3,VHSSIQSQPQAFT,13,1,0.7750421517731187,1344
sequence_logistic,3,QLLKLK,6,1,0.009992418688425963,474
sequence_logistic,3,YPFPG,5,0,0.9681633922833863,322
sequence_logistic,3,PLPLL,5,1,0.5256802250684706,197
sequence_logistic,3,AWPQYL,6,0,0.6825337200703075,354
sequence_logistic,3,MVGSAPGVL,9,1,0.9919553230493591,957
sequence_logistic,3,VEKIGGASSRGE,12,0,0.10856893455190302,1376
sequence_logistic,3,IQWCA,5,1,0.5795779565531739,105
sequence_logistic,3,GSAGY,5,1,0.7241414051030521,68
sequence_logistic,3,YLGYLE,6,1,0.0006240457606590215,555
sequence_logistic,3,INDPF,5,1,0.9573913847104547,97
sequence_logistic,3,RLSGQTIEVTSEYLFRH,17,1,0.18151276352471493,1552
sequence_logistic,3,ILLPGAQDGL,10,1,0.24194973814047938,1129
sequence_logistic,3,NIPPLTQTPVVVPPFIQ,17,1,0.9720700543078169,1546
sequence_logistic,3,DETRL,5,0,0.9696780443881442,27
sequence_logistic,3,DYLRSC,6,1,0.01647442049014476,362
sequence_logistic,3,AGWNIP,6,0,0.01859673100969301,3
sequence_logistic,3,DAYPSGA,7,1,0.9075427621447528,572
sequence_logistic,3,LFDKPVSPL,9,1,0.3849341666885685,731
sequence_logistic,3,SGGSYADELVSTAK,14,1,0.2105498843140688,1480
sequence_logistic,3,VTSTGPVGH,9,1,0.9980195107068359,1047
sequence_logistic,3,IHVTET,6,1,0.4880352955399031,403
sequence_logistic,3,GPEGPAGAR,9,1,0.8419674642537399,909
sequence_logistic,3,PQPFPQQPI,9,0,0.05886168140161366,974
sequence_logistic,3,LSERRMLLRKEKQAQ,15,1,0.955569683337981,1502
sequence_logistic,3,PTPVP,5,1,0.9309933607561558,205
sequence_logistic,3,TATGLLE,7,0,0.5582300832493629,678
sequence_logistic,3,IQQGN,5,0,0.14780774512053396,103
sequence_logistic,3,EGPKLVAS,8,1,0.9961207544290829,726
sequence_logistic,3,GLFDIIKKIAESIG,14,0,0.3116064523488763,1448
sequence_logistic,3,WVAPLK,6,0,0.6439000732151849,544
sequence_logistic,3,IPAQK,5,1,0.6787091669611108,101
sequence_logistic,3,KKYKVPQ,7,1,0.9922263230549576,620
sequence_logistic,3,VTRGDSPA,8,0,0.006377205096368936,844
sequence_logistic,3,FLDALLKTVDCN,12,0,0.0019293588138799874,1329
sequence_logistic,3,DDQIHIF,7,1,0.7055264629588692,573
sequence_logistic,3,IGYNQ,5,1,0.9996742422154067,90
sequence_logistic,3,QITEGEDGGG,10,0,0.4558799481999833,1176
sequence_logistic,3,CSQAPLA,7,0,0.005408548625715416,570
sequence_logistic,3,LAGKPQQEHSGEHQ,14,1,0.07897277588549002,1459
sequence_logistic,3,DKPTL,5,0,0.996077140940896,30
sequence_logistic,3,FTESQS,6,1,0.3177772519718856,381
sequence_logistic,3,LPQNIPPL,8,1,0.6437613222090313,773
sequence_logistic,3,MPPPLP,6,1,0.12794200051346394,174
sequence_logistic,3,TVTNPARIA,9,1,0.2005109392871101,1036
sequence_logistic,3,QLDAYPSGAWYYVP,14,1,0.19781798090896083,1471
sequence_logistic,3,TAGTGGGQFQPMR,13,0,0.973575030416219,1433
sequence_logistic,3,LPLPL,5,0,0.37838064665368953,146
sequence_logistic,3,PVDENDEG,8,0,0.9600184699289187,798
sequence_logistic,3,NYKQM,5,0,0.9908492708842419,187
sequence_logistic,3,APRANVAWCT,10,0,0.3267009792877776,1074
sequence_logistic,3,QQLPQFEEIRNL,12,0,0.03780085010044023,1369
sequence_logistic,3,RYLPT,5,0,0.21292780987732685,238
sequence_logistic,3,VGPAGRPG,8,1,0.7278066182755418,837
sequence_logistic,3,SDRNFLRF,8,0,0.0045405652990847,811
sequence_logistic,3,LLAPPER,7,0,0.33506635690113046,631
sequence_logistic,3,GIPGERGPVGPSG,13,1,0.406372164184148,1401
sequence_logistic,3,IVGRPRHQG,9,1,0.9059294910786931,931
sequence_logistic,3,VLPIPQ,6,1,0.8635636397598516,285
sequence_logistic,3,VLPIP,5,1,0.9128122964890566,285
sequence_logistic,3,IEAEGE,6,0,0.007216409909569348,400
sequence_logistic,3,QQPFPQQPI,9,0,0.0783633269159163,974
sequence_logistic,3,ASPKPSSA,8,0,0.8387929634155818,714
sequence_logistic,3,NVPGEIVESL,10,1,0.38174334512318175,1165
sequence_logistic,3,GLLALLGELAEHLGSKI,17,0,0.04640801046145736,1540
sequence_logistic,3,LHLPLPL,7,1,0.8156322110211988,429
sequence_logistic,3,WQARMKKAGA,10,0,0.9546474009060915,1220
sequence_logistic,3,VIGSPPEIN,9,1,0.7953352483300189,1039
sequence_logistic,3,LEIVPK,6,1,0.8377613396156367,426
sequence_logistic,3,LVNDLVTPVFDNL,13,1,0.7601644864222357,1421
sequence_logistic,3,LAPPG,5,1,0.9776110190400337,126
sequence_logistic,3,ASPAPAGLSY,10,0,0.6625499260075974,1080
sequence_logistic,3,AYIASKGL,8,1,0.8966125221254168,717
sequence_logistic,3,DHGNMLYF,8,0,0.9834061276601647,721
sequence_logistic,3,GLFDIVKKLVSDF,13,0,0.7133896658054639,1403
sequence_logistic,3,GVQVETISPGDGRTFPK,17,0,0.15324473011043924,1541
sequence_logistic,3,PQQQIPQPQ,9,0,0.04232265986932555,985
sequence_logistic,3,IPPLTQ,6,1,0.9800786675345418,406
sequence_logistic,3,QSLTL,5,1,0.9228049413573378,219
sequence_logistic,3,ETSGMKPTEL,10,1,0.04599961242859186,1098
sequence_logistic,3,LLPSY,5,1,0.1892310362703505,144
sequence_logistic,3,NIFYCP,6,1,0.9004679709081022,455
sequence_logistic,3,VLYEE,5,0,0.9990203304680656,287
sequence_logistic,3,PVLKD,5,1,0.9930514780447802,206
sequence_logistic,3,GPSMR,5,1,0.8761439721583513,66
sequence_logistic,3,KVLPVPQ,7,1,0.9895395618725142,623
sequence_logistic,3,FCLYELAR,8,1,0.9999598223646003,730
sequence_logistic,3,QQQQFPQPQ,9,0,0.005639322734036628,1004
sequence_logistic,3,LQPHQ,5,1,0.3802086487848147,153
sequence_logistic,3,WMLPSYSPY,9,0,0.006185286021676139,1052
sequence_logistic,3,EVLIQ,5,1,0.9965393421588523,45
sequence_logistic,3,WIHNENQGF,9,0,0.986878570589252,1051
sequence_logistic,3,KDVPP,5,1,0.993034487262633,117
sequence_logistic,3,IEKPP,5,1,0.9318884071021596,85
sequence_logistic,3,RWAEK,5,1,2.6857257006030404e-05,236
sequence_logistic,3,NPPSV,5,1,0.03227090412021604,184
sequence_logistic,3,VRRFPWWWPFLRR,13,0,0.8791175076359308,1439
sequence_logistic,3,AGWNI,5,0,0.00407360753846608,3
sequence_logistic,3,LPVPQ,5,0,0.9883986409236643,150
sequence_logistic,3,PSNPP,5,1,0.00974915954677219,203
sequence_logistic,3,LEDALDGERDT,11,0,0.010493746398334261,1279
sequence_logistic,3,MLPAY,5,1,0.9900464353274562,170
sequence_logistic,3,LLLAHLL,7,1,0.6718035818095939,632
sequence_logistic,3,LTFPG,5,1,0.2386848822011753,156
sequence_logistic,3,GIPLPLI,7,1,0.5339685800953737,595
sequence_logistic,3,IASGEPTSTPTTEA,14,1,0.9504308809900838,1454
sequence_logistic,3,PFPQPQQQF,9,0,0.011361934737747268,964
sequence_logistic,3,GVGAGY,6,1,0.8785151319607084,390
sequence_logistic,3,KVHSSIQSQPQAFT,14,1,0.6359684731969182,1344
sequence_logistic,3,YPQRDMPIQ,9,1,0.7381694684264746,1062
sequence_logistic,3,PNNKPFQ,7,1,0.01187731603691326,651
sequence_logistic,3,PMDYMVT,7,0,0.0007907268975140056,650
sequence_logistic,3,PQPLIYP,7,1,0.6855518013612587,654
sequence_logistic,3,QPQPLIYP,8,1,0.6208154353707988,654
sequence_logistic,3,PSVQDAAAQISADVKK,16,0,0.09675536377866477,1531
sequence_logistic,3,PKNYP,5,0,0.1379775489647039,196
sequence_logistic,3,LHLPLL,6,1,0.9393695678367582,429
sequence_logistic,3,QQPQQPLPR,9,0,0.028967919020234573,1001
sequence_logistic,3,LVYPFPGPIH,10,1,0.9728881419057,1154
sequence_logistic,3,RVAPEEHPT,9,1,0.5204220192830742,1023
sequence_logistic,3,GPVGPAGPPGK,11,0,0.7282925674029528,1264
sequence_logistic,3,QNIPP,5,1,0.9928339260232364,218
sequence_logistic,3,DVYTPE,6,0,0.1547844934308755,361
sequence_logistic,3,SKVLPVPQK,9,1,0.5882589348308811,1030
sequence_logistic,3,IYIEQGNGITGM,12,0,0.21057624943734443,1351
sequence_logistic,3,SHNPF,5,0,0.00102335362548097,243
sequence_logistic,3,LQQHNIAHGRSQ,12,0,0.12791104284655028,1358
sequence_logistic,3,AEFAES,6,0,0.0012569590041322956,348
sequence_logistic,3,APAANVRWCT,10,0,0.30696741796225885,1069
sequence_logistic,3,FLPLIAGLLGKLFG,14,0,0.3965870879571874,1446
sequence_logistic,3,WYSLAMA,7,1,0.24339465726229548,546
sequence_logistic,3,DNLNDPK,7,0,0.9402353844234722,577
sequence_logistic,3,VLASLNFGDR,10,0,0.4786613755133513,1213
sequence_logistic,3,HPFAQ,5,1,0.9622843994311818,79
sequence_logistic,3,VEQKHIQKE,9,1,0.8780251963016087,1037
sequence_logistic,3,NWKKIRKLGKVVKKI,15,0,0.00964650361014337,1504
sequence_logistic,3,VAPFP,5,1,0.9882499971808538,268
sequence_logistic,3,VPSERYL,7,1,0.20310053493107472,690
sequence_logistic,3,VGAPSVS,7,0,0.14641829928058545,684
sequence_logistic,3,VYPFPGPIPN,10,1,0.8993935361834704,1219
sequence_logistic,3,DWDPK,5,0,0.022547738512091887,32
sequence_logistic,3,ITGSE,5,0,0.6847571641460278,106
sequence_logistic,3,DSAIDLGD,8,0,0.09982979794899774,722
sequence_logistic,3,GINYWLAHK,9,1,0.8246969729265756,905
sequence_logistic,3,YYVPLGTQ,8,1,0.7650312097958563,865
sequence_logistic,3,VYPFPGPIHN,10,0,0.6418400856639469,1219
sequence_logistic,3,SIQSQPQAFP,10,1,0.9307940881622787,1189
sequence_logistic,3,VPVTST,6,0,0.5729030975335027,531
sequence_logistic,3,FKTTDQQTRTTVA,13,1,0.14079129254888453,1399
sequence_logistic,3,YQKFPQYL,8,1,0.9362673280828877,859
sequence_logistic,3,YMGLDLK,7,1,1.5742012142405257e-06,698
sequence_logistic,3,TNRNFLRF,8,0,0.4576158138210256,822
sequence_logistic,3,SSSKAKKMP,9,1,0.0016614967149014427,1033
sequence_logistic,3,HKEMPFPK,8,1,0.541200486814963,745
sequence_logistic,3,LRLKGQMIYLRRRRRRRR,18,0,0.9402890632086786,1565
sequence_logistic,3,MPPPL,5,0,0.007396111756999346,174
sequence_logistic,3,QQTQQPFPL,9,0,0.2400124017745924,1008
sequence_logistic,3,ISELGW,6,0,0.001684514899583753,408
sequence_logistic,3,RIRDAIAHGYIVDKV,15,0,0.005457468410930996,1508
sequence_logistic,3,GNHEAGE,7,0,0.008085603303342681,598
sequence_logistic,3,VKKVLGNP,8,1,0.8599633581769348,839
sequence_logistic,3,EEAIFLW,7,1,0.0029964028116919983,580
sequence_logistic,3,EKERERQ,7,1,0.9966127878423547,581
sequence_logistic,3,FVDLKKIANIINSIFGK,17,0,0.11231645778328249,1538
sequence_logistic,3,YGGFMRRVG,9,0,0.09145395308477906,1060
sequence_logistic,3,NPYVPR,6,0,0.28326488133492994,459
sequence_logistic,3,GYNRSFLRF,9,0,0.32155346749189706,917
sequence_logistic,3,GKEIIVKAQR,10,1,0.9155255191847602,1113
sequence_logistic,3,YIPIQYVLSR,10,1,0.7101175715545057,1233
sequence_logistic,3,YLAGMN,6,0,0.20495182296745534,552
sequence_logistic,3,WAAGYCC,7,1,0.9995393481846113,694
sequence_logistic,3,PANLPWGSSNV,11,1,0.09341481730198144,1295
sequence_logistic,3,VAPFPEVFGKE,11,1,0.8934474582432991,1305
sequence_logistic,3,VYVEELKPTPE,11,1,0.3900765261918965,1312
sequence_logistic,3,MPVDVIANAYR,11,0,0.05364314948605328,1291
sequence_logistic,3,GLFDIVKKIKSLF,13,0,0.6014482629126873,1402
sequence_logistic,3,FALPQYLK,8,1,0.39718368960359784,729
sequence_logistic,3,VGINYWLAHK,10,1,0.8058581354671736,905
sequence_logistic,3,PPHMLP,6,1,0.152626062484499,465
sequence_logistic,3,DWNKDLHIW,9,0,0.33362665567742034,889
sequence_logistic,3,RICRIIFLRVCR,12,0,0.13989481910924792,1371
sequence_logistic,3,RELEE,5,1,0.004323534442886672,222
sequence_logistic,3,QQFQQSGQAQLTE,13,0,0.01056169121616086,1429
sequence_logistic,3,YDTQA,5,0,0.994273435804862,310
sequence_logistic,3,IELQAEQDRIAE,12,0,0.004563342452860284,1346
sequence_logistic,3,PWDQVKR,7,1,0.0038774804684263745,657
sequence_logistic,3,ENFLRF,6,0,0.23720814938883733,178
sequence_logistic,3,SLVSPSAAAAAAPGGS,16,1,0.08973873124848701,1533
sequence_logistic,3,DVCGRDVNGY,10,0,0.15550542785998997,1091
sequence_logistic,3,LVLPGE,6,1,0.16070319985761167,445
sequence_logistic,3,RTAKV,5,0,1.5645650861042433e-06,235
sequence_logistic,3,DEDTQAMP,8,0,0.9986573106574907,720
sequence_logistic,3,LVYPFPGPIPN,11,1,0.9232484319977935,1154
sequence_logistic,3,SSAPGGGRP,9,0,0.3902242432315431,1032
sequence_logistic,3,FSEYPPLGRF,10,1,0.03359061268538619,1108
sequence_logistic,3,IPPAYSK,7,1,0.2672606604458618,615
sequence_logistic,3,HKEMPFPKYPVEPF,14,1,0.9196567086669059,1453
sequence_logistic,3,VGGIDEVIAK,10,1,0.06535105847674977,1208
sequence_logistic,3,LVTGDDKTNLK,11,1,0.9253783046661036,1286
sequence_logistic,3,LMSYMWSTSM,10,0,0.05765485865809338,1147
sequence_logistic,3,TPVVVPPFLQP,11,1,0.9132465773580134,988
sequence_logistic,3,PQPFRPQQPYPQPQPQ,16,0,0.07250546758225121,1530
sequence_logistic,3,PEAAELMMEVDP,12,1,0.7174336632722713,1363
sequence_logistic,3,HKEMPFPKYPVQPF,14,1,0.8683308461682587,1453
sequence_logistic,3,PTGADY,6,0,0.7997564955615268,470
sequence_logistic,3,DAQSAPLRVY,10,1,0.868608169873946,1085
sequence_logistic,3,IWHHTFYNELR,11,1,0.39323980036550543,1272
sequence_logistic,3,VAWWMY,6,0,0.24813770769039664,516
sequence_logistic,3,TPEVDDEALE,10,1,0.09107359722912675,1201
sequence_logistic,3,MIPAQK,6,1,0.8779337909926286,101
sequence_logistic,3,LNVVGETVE,9,1,0.29042803007516355,947
sequence_logistic,3,NNVMLQW,7,1,0.0009670030402278675,644
sequence_logistic,3,QQPQQPFPR,9,0,0.08267695245223489,1001
sequence_logistic,3,KIHPFAQAQ,9,1,0.9491084628017288,936
sequence_logistic,3,LYPFVEPI,8,0,0.858807425933701,779
sequence_logistic,3,PDLVF,5,1,0.12039327364581125,190
sequence_logistic,3,KAAAAP,6,1,0.7899506332719018,411
sequence_logistic,3,SGTVPGG,7,1,0.39199306927930566,672
sequence_logistic,3,FGHPY,5,0,0.9383561626785665,54
sequence_logistic,3,VHRKC,5,1,1.4860326973477034e-06,280
sequence_logistic,3,HSSIQSQPQAFT,12,1,0.45856659797269184,1344
sequence_logistic,3,RLLRLIRKLII,11,0,0.020055891401700963,1299
sequence_logistic,3,VPKVK,5,1,0.3591444768837809,288
sequence_logistic,3,SEDVHPQA,8,0,0.008936920083948243,812
sequence_logistic,3,FDKPVSPL,8,1,0.4410018846460613,731
sequence_logistic,3,LPTEV,5,0,0.4951475973135411,149
sequence_logistic,3,AVKVL,5,1,0.14497238630113,17
sequence_logistic,3,PFPEVFGK,8,1,0.4175341922970147,790
sequence_logistic,3,KVGTKCCAKP,10,1,0.9817796606741922,1141
sequence_logistic,3,GLLGFVGSLLGGLGIG,16,0,0.9244044323218732,1522
sequence_logistic,3,KNPQLR,6,0,0.0004050181393671561,414
sequence_logistic,3,WPEAAELMMEVDP,13,1,0.8745688062449523,1363
sequence_logistic,3,VGPLSPT,7,0,0.19637620440878484,529
sequence_logistic,3,RGLSK,5,1,0.00635070673395391,225
sequence_logistic,3,SGFAP,5,0,0.16241586245648468,242
sequence_logistic,3,CNGKRVCVCG,10,0,5.072362339619892e-05,1084
sequence_logistic,3,KRLFKKLLFSLRKY,14,0,0.01796068388108353,1457
sequence_logistic,3,EDAVPPPQ,8,0,0.3476295759445629,724
sequence_logistic,3,YIGSR,5,0,0.9087595418546066,317
sequence_logistic,3,LPQYLKTVYQHQKA,14,1,0.6117686756690994,1464
sequence_logistic,3,LEIAKNGLSTTSNPKR,16,1,0.016924772343461257,1523
sequence_logistic,3,PQPFPQQPQ,9,0,0.08556087511890649,974
sequence_logistic,3,TEVWDSNEQE,10,0,0.0036005155783104073,1198
sequence_logistic,4,AVPYPQR,7,1,0.5379144926807957,568
sequence_logistic,4,DVITGA,6,1,0.042224808917238066,360
sequence_logistic,4,LKQELEDLLEKQE,13,0,0.4786182632694048,1418
sequence_logistic,4,AKRFFGYKRKFF,12,0,0.08483120291143785,1325
sequence_logistic,4,AEDKKLIQ,8,0,0.6430506444748675,707
sequence_logistic,4,DRTPALRLRF,10,0,0.000979678274939127,1089
sequence_logistic,4,DAQEKLE,7,0,0.623834001151234,571
sequence_logistic,4,GKKVLQ,6,1,0.8756917539802912,385
sequence_logistic,4,YGGFLRKYPK,10,0,0.026753418965548083,1228
sequence_logistic,4,IIAMK,5,1,0.9527863755016507,92
sequence_logistic,4,RQSHFANAQP,10,0,0.9953102983213589,1185
sequence_logistic,4,LDSPSEGRAPGAD,13,1,0.9819511666545341,1416
sequence_logistic,4,PQNIPPLTQT,10,1,0.7592434682857193,1167
sequence_logistic,4,LNLPTAVYMVT,11,0,0.04824505642549508,1283
sequence_logistic,4,RASDPLLSV,9,1,0.9993627077232083,1015
sequence_logistic,4,PPQSVLSLSQSKVLPVPE,18,1,0.9645580051401411,1569
sequence_logistic,4,GLFKIISKLAKKA,13,0,0.15079711481956037,1405
sequence_logistic,4,SSGFTY,6,0,0.03300714570987818,503
sequence_logistic,4,DHHQVYSPGEQ,11,0,0.28147648499435,1247
sequence_logistic,4,LKIPLY,6,1,0.8520034724208544,431
sequence_logistic,4,ISSMGILVCL,10,1,0.06957402022074628,1133
sequence_logistic,4,TPCPPQ,6,1,0.9999998700548496,513
sequence_logistic,4,NRYHE,5,0,3.981244315443278e-05,186
sequence_logistic,4,ENLLRFFVAPFPEVFG,16,1,0.9705583821772621,1515
sequence_logistic,4,DKVGINYW,8,1,0.9991624300729202,574
sequence_logistic,4,SVNVPL,6,0,0.7103143802808427,506
sequence_logistic,4,VPITPT,6,0,0.23476104100024867,528
sequence_logistic,4,DKVGINY,7,1,0.9458141611089842,574
sequence_logistic,4,LPPPPLPPLA,10,0,0.2971713349755589,1148
sequence_logistic,4,MDATALHYENQK,12,1,0.00669374135185182,1360
sequence_logistic,4,ANVST,5,0,0.8639113562495113,14
sequence_logistic,4,SRYPS,5,1,0.11738170298830733,248
sequence_logistic,4,AKSCQ,5,1,0.00048648058510607797,6
sequence_logistic,4,AEINMPDY,8,0,0.9516511016711641,708
sequence_logistic,4,APRKSSRWCT,10,0,6.477701741589626e-05,1076
sequence_logistic,4,SPYCYG,6,1,0.8943116331902596,501
sequence_logistic,4,FFGVRCVSP,9,1,0.022866629428619775,896
sequence_logistic,4,VQVTSTAV,8,1,0.7518183636788532,842
sequence_logistic,4,VYHEL,5,1,5.4200654689815575e-06,301
sequence_logistic,4,TAAIVNTA,8,0,0.939294582449475,818
sequence_logistic,4,ALNEINQFYQK,11,1,0.9127340640139668,873
sequence_logistic,4,LAPPTM,6,1,0.9237723889125465,421
sequence_logistic,4,VTKFYF,6,0,0.3137953402150143,296
sequence_logistic,4,PPQSVLSLSQSKVLPVPQ,18,1,0.9833456570197322,1569
sequence_logistic,4,NLAPFL,6,1,0.8952056669984568,458
sequence_logistic,4,CRRETAWAC,9,0,0.7854300163371462,881
sequence_logistic,4,LCCQHLWQIPEQ,12,0,0.1129172972066341,1354
sequence_logistic,4,YVNDAATLLPR,11,1,0.004006333159774805,1321
sequence_logistic,4,IVPNSVEQKH,10,1,0.936818168501926,1135
sequence_logistic,4,YLLYLIRKLIL,11,0,0.005774972419307588,1289
sequence_logistic,4,VVGGDGDV,8,0,0.19057144592193787,845
sequence_logistic,4,RPDFDLEPPY,10,0,0.058468529131523075,1183
sequence_logistic,4,YSFGL,5,0,0.00676948679154783,340
sequence_logistic,4,IIAPTPVPAAH,11,1,0.2808907341469946,1269
sequence_logistic,4,EMPFPKYPVEP,11,1,0.8427105691925277,1158
sequence_logistic,4,WYQQVPGSGL,10,1,0.7973351075941209,1226
sequence_logistic,4,WQIPEQSQCQAI,12,0,7.689303848512956e-07,1384
sequence_logistic,4,QNGRFY,6,0,0.003532789336906559,181
sequence_logistic,4,LLSPFWNINA,10,0,0.8967032983157975,1146
sequence_logistic,4,PFPQQPFPQ,9,0,0.1757342510651729,965
sequence_logistic,4,TSQLLSDQ,8,0,0.9998557896052137,825
sequence_logistic,4,QCQQAVQSAV,10,0,8.694212472124917e-09,1174
sequence_logistic,4,TSNLLT,6,0,0.4987936529392218,514
sequence_logistic,4,WYGPDRPKFL,10,1,0.15187392997658136,1225
sequence_logistic,4,QYDQGV,6,0,0.9150656002181884,480
sequence_logistic,4,QPFPSQQPYLQLQP,14,0,0.7780865645089831,1472
sequence_logistic,4,VFEWAFAR,8,1,0.9844503634961507,836
sequence_logistic,4,EQIDNLQ,7,1,0.40408514840871995,582
sequence_logistic,4,GRGDS,5,0,0.008678005327796457,67
sequence_logistic,4,WQWRAKKLGA,10,0,0.019220939930991235,1222
sequence_logistic,4,LKGYGGVSLPEW,12,1,0.7484030071634142,1355
sequence_logistic,4,SSGFTMQ,7,0,0.013740029534723601,675
sequence_logistic,4,FNPFPSPHTP,10,0,0.9758048478619271,1106
sequence_logistic,4,QQQKQQQQPSSQVS,14,0,0.009869832151210374,1474
sequence_logistic,4,SGQYFL,6,0,0.8922152230504075,498
sequence_logistic,4,PGLPKK,6,1,0.2755855420244707,461
sequence_logistic,4,ESTVPERTHPACPDFN,16,0,0.47623617363121545,1516
sequence_logistic,4,SFQPQPLIYP,10,1,0.9019642606731613,898
sequence_logistic,4,PSITCVARAF,10,0,0.03592367768620789,1169
sequence_logistic,4,DVFNPR,6,0,0.008345897311126664,359
sequence_logistic,4,MDGAP,5,0,0.9492920492401639,164
sequence_logistic,4,PQAFP,5,1,0.00011846758886012191,200
sequence_logistic,4,YGYTGA,6,0,0.5039113844362754,550
sequence_logistic,4,LNENLLRFFVAPFPEVFG,18,1,0.9593631829106134,1515
sequence_logistic,4,NHRNRMMDHVH,11,1,0.002556989701202802,1292
sequence_logistic,4,YAKPVA,6,1,0.9999847636594053,547
sequence_logistic,4,WQWRSKKLGA,10,0,0.0005657554478231547,1222
sequence_logistic,4,NSLKMKKSCH,10,0,0.09985372959218305,1164
sequence_logistic,4,VEVGGGARAP,10,0,0.9978171087269622,1207
sequence_logistic,4,ARHPHPHLSFM,11,0,0.029301166789609714,1079
sequence_logistic,4,EDENNPFYLR,10,1,0.6986157806198133,1092
sequence_logistic,4,LRTLPM,6,0,0.00023133511092441665,440
sequence_logistic,4,LLSQTPRY,8,1,0.9727538020168656,772
sequence_logistic,4,QEVLP,5,1,0.9945291439238445,214
sequence_logistic,4,LSKAQSDFG,9,0,0.9931235532248917,950
sequence_logistic,4,FRAEHPL,7,1,0.24436068270469585,587
sequence_logistic,4,YEDCTDCGN,9,0,2.345078870936619e-06,1058
sequence_logistic,4,VLKMAGNSFQEN,12,0,0.47040130473969244,1380
sequence_logistic,4,FEITPEKNPQ,10,0,0.36706055816041927,1105
sequence_logistic,4,LPWRPATNVF,10,1,0.18875149873412642,1149
sequence_logistic,4,MILLLFR,7,1,0.001211027721703194,641
sequence_logistic,4,APKSPPK,7,1,0.013330839839110237,565
sequence_logistic,4,KVSVVAL,7,0,0.47557678455819347,624
sequence_logistic,4,YPSYGLNY,8,0,0.03376996419674851,857
sequence_logistic,4,SFLLRNPNDKYEPF,14,0,0.7521981913157825,1479
sequence_logistic,4,LVVYPWTQRF,10,1,0.9198858825978262,1049
sequence_logistic,4,GVRGRGRIV,9,1,0.5067175733779745,915
sequence_logistic,4,AEERYP,6,0,0.9824081089660214,34
sequence_logistic,4,GYLEQ,5,0,0.010300676538038499,74
sequence_logistic,4,TKKTKLTEEEKNRL,14,1,0.15574133197941797,1481
sequence_logistic,4,HSGIQSEPKAIP,12,1,0.9685391339428674,1112
sequence_logistic,4,QKALNEINQF,10,1,0.9168862072473304,1177
sequence_logistic,4,PTHIAW,6,1,0.8847874693956777,204
sequence_logistic,4,APRKNVAWCT,10,0,0.00044205252287871804,1070
sequence_logistic,4,VTVNPYKWLP,10,1,0.2891451729025665,1217
sequence_logistic,4,DVENLHLPLPLLQSW,15,1,0.994155075787794,1490
sequence_logistic,4,LAYFYP,6,1,0.9980999973730841,422
sequence_logistic,4,YFDEQNEQFR,10,0,0.06943891907336706,1227
sequence_logistic,4,KVPPKA,6,1,0.4579576110965971,416
sequence_logistic,4,GAAGAAP,7,1,0.9769374902129586,593
sequence_logistic,4,VVYPD,5,0,0.6295058954693163,300
sequence_logistic,4,EECHAH,6,1,0.99035875670149,365
sequence_logistic,4,MYPLPR,6,0,0.9636767519929502,329
sequence_logistic,4,LLGAVASMGALLCAP,15,1,0.9997776648819485,1501
sequence_logistic,4,MHIRL,5,0,0.9903476216716769,166
sequence_logistic,4,GPPGTDGAP,9,1,0.34143777730467023,912
sequence_logistic,4,PTHIKW,6,1,0.9988402336994834,204
sequence_logistic,4,TPLPLAGPPR,10,1,0.682709962538998,1202
sequence_logistic,4,WQWRGKKLGA,10,0,0.0004186391860598465,1222
sequence_logistic,4,GFPGTPGLPGF,11,1,0.8998841904136149,1259
sequence_logistic,4,LAGNPHQQQQN,11,0,0.10378491163043674,1278
sequence_logistic,4,LEHLLEHLEHLLEH,14,0,0.09625698497924293,1461
sequence_logistic,4,QQRRLLRRK,9,1,0.005388076347987304,1007
sequence_logistic,4,FDEQE,5,0,0.014718189537185428,49
sequence_logistic,4,YYQQKPVA,8,0,0.48523984011587534,864
sequence_logistic,4,MLELDPLNNLPRM,13,0,0.9584617086784012,1423
sequence_logistic,4,KSFGSSNI,8,0,0.010677527467345654,761
sequence_logistic,4,AESSQIDTGSK,11,0,0.42403004207734085,1245
sequence_logistic,4,SSAPMF,6,1,0.0012564706212203334,502
sequence_logistic,4,PQEVLP,6,1,0.8930728438353772,214
sequence_logistic,4,KEGGLGPL,8,1,0.2911305191584438,755
sequence_logistic,4,KALPMHIRLAF,11,1,0.9386245057583615,1273
sequence_logistic,4,QQHPQQPQ,8,0,0.03095444141638406,800
sequence_logistic,4,YQQPVLGPVR,10,1,0.8712052657048022,1238
sequence_logistic,4,KVLAGM,6,1,0.18264609582744834,415
sequence_logistic,4,VAPFPEV,7,1,0.9955297908155187,682
sequence_logistic,4,AIGVGAIER,9,1,0.9936212566116398,871
sequence_logistic,4,DKIYPSFQPQPLIYP,15,1,0.9701071945533994,1489
sequence_logistic,4,SRYPSY,6,0,0.043782741143922346,239
sequence_logistic,4,PKHKEMPFPPKYPVEPFT,18,1,0.5240206711864428,1567
sequence_logistic,4,QQQQQQFPQ,9,0,7.24036497922166e-05,1006
sequence_logistic,4,RWQWRWAWR,9,0,3.310500181151116e-05,1027
sequence_logistic,4,NSLKAKKSCH,10,0,0.09393538015084837,1164
sequence_logistic,4,VKEAMAPK,8,1,0.8423643056797534,838
sequence_logistic,4,LDIQK,5,1,0.8993726674618707,128
sequence_logistic,4,RGDWR,5,0,0.00010960756429582038,224
sequence_logistic,4,YPLPR,5,0,0.1079922168716837,329
sequence_logistic,4,PTHIW,5,1,0.6190667707543176,204
sequence_logistic,4,RDMPIQ,6,0,0.9998981150270806,482
sequence_logistic,4,YLYEIA,6,1,0.09086093541213527,556
sequence_logistic,4,PYSFK,5,0,0.6422576326159497,210
sequence_logistic,4,DEDDD,5,0,0.14666875250373493,26
sequence_logistic,4,QQPFPPQQE,9,0,0.02828882881152244,995
sequence_logistic,4,GKWKSLLKHILK,12,0,0.2870898724350144,1333
sequence_logistic,4,GLTGRPGDAGPQGK,14,1,0.26612294548522614,1449
sequence_logistic,4,IGNTLI,6,1,0.903338407398542,402
sequence_logistic,4,GLGMIAHGV,9,0,0.5054146373385088,906
sequence_logistic,4,GQLGEHGGAGMG,12,1,0.6477443659422689,1336
sequence_logistic,4,NIQFNEQKAL,10,1,0.463937435542361,1163
sequence_logistic,4,IYLGQ,5,0,0.8904247747733051,110
sequence_logistic,4,EPPPPEPPPI,10,1,0.17118743833562408,1097
sequence_logistic,4,YPSYGLNYY,9,1,0.06673428059753547,857
sequence_logistic,4,SDGFQF,6,0,0.4898294148031729,496
sequence_logistic,4,GLPLNLP,7,1,0.9867920495572671,597
sequence_logistic,4,EERYP,5,0,0.9987592321112821,34
sequence_logistic,4,ADVFNPR,7,1,0.00665594247592833,359
sequence_logistic,4,NYVADGLG,8,1,0.046238272097896285,786
sequence_logistic,4,NGRFY,5,0,8.857609955426621e-05,181
sequence_logistic,4,TMFPSA,6,0,0.921565504273181,512
sequence_logistic,4,NYPSD,5,0,0.3924349294250492,188
sequence_logistic,4,ELVGV,5,1,0.993045712813205,40
sequence_logistic,4,LTQTPVVPP,9,1,0.8565123971519852,954
sequence_logistic,4,YGFLPILP,8,1,0.1883646337232477,850
sequence_logistic,4,ARHPHPHLSF,10,1,0.7639435124690238,1079
sequence_logistic,4,QIPQTQQPQ,9,0,0.12561172192162387,991
sequence_logistic,4,ASYDTKF,7,1,0.2390195245278372,566
sequence_logistic,4,NQSYSFSKASLNVSYKN,17,0,0.5857152263899372,1548
sequence_logistic,4,FVAGK,5,0,0.9701783750696841,56
sequence_logistic,4,FQPQPLIYP,9,1,0.9080962539874171,898
sequence_logistic,4,TEFTK,5,0,0.8811018454388588,253
sequence_logistic,4,QNALIVRYTR,10,1,0.8550204760509047,1179
sequence_logistic,4,PQPQEPIPQ,9,0,0.14423577215987757,975
sequence_logistic,4,FSGGE,5,0,0.06336880913367827,55
sequence_logistic,4,WQWRCKKLGA,10,0,0.21958246750590144,1222
sequence_logistic,4,LPYPR,5,0,0.19217764521990177,151
sequence_logistic,4,GPAGPPGVPGL,11,0,0.8640327514739206,1260
sequence_logistic,4,IAPFGIFGTN,10,0,0.006455773779190452,1126
sequence_logistic,4,VAHINVGK,8,1,0.9999622336954151,831
sequence_logistic,4,LDIQKEV,7,0,0.970318875817516,628
sequence_logistic,4,IKLPP,5,1,0.9852395079451219,95
sequence_logistic,4,GMPGFDVR,8,0,0.6829929603475676,743
sequence_logistic,4,VPSGK,5,0,0.848623375846315,289
sequence_logistic,4,LVAYPWT,7,0,0.9743272219942618,637
sequence_logistic,4,VAWRNRCKGTD,11,1,0.9398693111792584,1306
sequence_logistic,4,IGDEPLANYL,10,1,0.12225714485675397,1128
sequence_logistic,4,SLVDAIGMGP,10,0,0.5301666734132348,1192
sequence_logistic,4,RKWHFLW,7,0,0.0009318766987896593,665
sequence_logistic,4,WHNVSGSP,8,0,0.36865815086405757,848
sequence_logistic,4,FLPFNQL,7,0,0.5270897050451191,584
sequence_logistic,4,SMRKPPG,7,0,0.16669585651490323,673
sequence_logistic,4,RKLGRPL,7,0,0.017261370064922496,662
sequence_logistic,4,GPVRGPFPII,10,1,0.4903931593264833,1119
sequence_logistic,4,VISDEDGVTH,10,1,0.12566707950477554,1210
sequence_logistic,4,PAGPVG,6,1,0.9218525857042027,460
sequence_logistic,4,PFVKSEPIPETNNE,14,0,0.344484400185372,1470
sequence_logistic,4,QSQPQAFP,8,1,0.9830096828112845,803
sequence_logistic,4,RPPPAQAPAP,10,0,0.3583712317238934,1184
sequence_logistic,4,GKWMSLLKHILK,12,0,0.006647173768690767,1333
sequence_logistic,4,QLQPFPQQQLPY,12,0,0.0036112800685307016,1368
sequence_logistic,4,DDTGHDFEDTGEAM,14,1,0.561479349826111,1440
sequence_logistic,4,RMLGNTPTK,9,1,0.9989385985186853,1018
sequence_logistic,4,DQVFPMNPPK,10,1,0.3550265585752485,1088
sequence_logistic,4,MMVPI,5,1,0.00013118227179819157,172
sequence_logistic,4,NTDGSTDYGILQINSR,16,1,0.37848028242924736,1528
sequence_logistic,4,ACRGDGWCG,9,0,0.35186897454837834,867
sequence_logistic,4,VTKFY,5,0,0.023595610297781077,296
sequence_logistic,4,MHYGN,5,1,0.09762642074276015,167
sequence_logistic,4,YGFQNA,6,0,0.5482828254198807,549
sequence_logistic,4,GKDAVIV,7,1,0.9477615000637669,596
sequence_logistic,4,QTQQPQQPF,9,0,0.040194926129623304,1012
sequence_logistic,4,WRGTNGPL,8,1,0.0008711943347770426,849
sequence_logistic,4,WPRGYFL,7,0,0.16649028659712642,695
sequence_logistic,4,ENLHLP,6,1,0.9991262777113638,368
sequence_logistic,4,NIYQIS,6,1,0.28665964633370195,456
sequence_logistic,4,ALNEINQFY,9,1,0.6660683828513286,873
sequence_logistic,4,IYEGY,5,1,0.006347034471321161,109
sequence_logistic,4,VQQQIPVVQPSIL,13,0,0.03474866110010921,1438
sequence_logistic,4,GPLGAGP,7,0,0.8931191644706591,601
sequence_logistic,4,LAPPRGSL,8,0,0.494331480756946,764
sequence_logistic,4,VSLPEW,6,1,0.9327015258852347,533
sequence_logistic,4,CFCTKPC,7,1,0.99999833844627,569
sequence_logistic,4,ELYENKPRRPYIL,13,0,0.16224786229532956,1394
sequence_logistic,4,RMLGQTP,7,1,0.9997547200029904,669
sequence_logistic,4,VYPGG,5,1,0.9929730342285328,303
sequence_logistic,4,PQIPEQF,7,0,0.11202106507386443,653
sequence_logistic,4,HVIKPPSRA,9,0,0.8701620314945023,920
sequence_logistic,4,YLYEIAR,7,1,0.8165597025913074,556
sequence_logistic,4,FLPILGKILGQLFG,14,0,0.008016460593649416,1445
sequence_logistic,4,PSLPA,5,1,0.18279774739769977,202
sequence_logistic,4,VVAPFPEV,8,0,0.9578720462943894,682
sequence_logistic,4,VVSGPYIVY,9,1,0.4112389883081782,1048
sequence_logistic,4,QLGNLGV,7,0,0.792626469146269,660
sequence_logistic,4,MPFPKYPVEP,10,1,0.8146585605232415,1158
sequence_logistic,4,ELEDSLDSER,10,0,0.10338075953828027,1094
sequence_logistic,4,QAVHA,5,1,0.0013540232593053725,211
sequence_logistic,4,FQINMCILR,9,1,0.10878552499561277,897
sequence_logistic,4,LTQTPVVVPPF,11,1,0.5023004425942761,954
sequence_logistic,4,YEADARSFHDLAEHDIRV,18,0,0.022092455660416795,1574
sequence_logistic,4,HMPVTK,6,0,0.6901747753438087,395
sequence_logistic,4,QQPQRPEQQ,9,0,0.06704676193268325,1003
sequence_logistic,4,QFPQTQQPQ,9,0,0.036365174090448024,991
sequence_logistic,4,VSGAGRY,7,1,0.19951153902361496,691
sequence_logistic,4,INNQFLPYPY,10,0,0.28003281007731656,1130
sequence_logistic,4,TVGMTAKF,8,1,0.8993660666307236,830
sequence_logistic,4,PGPIHDS,7,0,0.7677826292212099,648
sequence_logistic,4,FPQYLQY,7,1,0.5558041400213672,586
sequence_logistic,4,QPQAFP,6,1,0.000685695766320502,200
sequence_logistic,4,LVDGNDPR,8,0,0.003960972712689566,775
sequence_logistic,4,SPRCR,5,1,0.916384966291856,247
sequence_logistic,4,IPPYCTIAPFGI,12,0,0.1217830517285159,1349
sequence_logistic,4,VDLRSAWP,8,0,0.10431793665632189,833
sequence_logistic,4,FLKPLFNAALKLLP,14,1,0.04613097687374723,1444
sequence_logistic,4,CYIQNCPLG,9,0,0.0879433928576,883
sequence_logistic,4,KKRSKKKSFG,10,1,0.004311104311083782,1139
sequence_logistic,4,IKELQ,5,1,0.9987302371931291,94
sequence_logistic,4,QQPLPQQPQ,9,0,0.025217894940882692,998
sequence_logistic,4,LHLWLP,6,1,0.00011953325740784731,430
sequence_logistic,4,EVLNENLLRF,10,1,0.9887035321416431,1099
sequence_logistic,4,SISSSE,6,0,2.420932534916405e-07,499
sequence_logistic,4,NQNFVQYTTNT,11,1,0.9909333678620588,1293
sequence_logistic,4,MLLMLIRKLIL,11,0,0.025577675810589177,1289
sequence_logistic,4,YPQRDMPIQAFLLYQEPV,18,1,0.7455503467350985,1575
sequence_logistic,4,YPSYG,5,0,0.5381484112915322,332
sequence_logistic,4,IQVPL,5,1,0.9989440874443819,104
sequence_logistic,4,QQPHSRSKGFPGP,13,1,0.046487682896815555,1430
sequence_logistic,4,RKWHFLA,7,0,0.09944659272571871,665
sequence_logistic,4,VVYPWTQRF,9,1,0.9179763950639463,1049
sequence_logistic,4,PAVACCLPPLPCHM,14,1,0.9999997090617279,1469
sequence_logistic,4,AGAHPAG,7,1,0.9425513226368019,560
sequence_logistic,4,APAKNVAWCT,10,0,0.03040964011218118,1070
sequence_logistic,4,RMLGQTPTK,9,1,0.9766331390881575,1018
sequence_logistic,4,FFSDKIAK,8,0,0.9977424732196831,732
sequence_logistic,4,YPQLLPNE,8,0,0.6122512002985434,856
sequence_logistic,4,LKDTQ,5,1,0.999781788424177,138
sequence_logistic,4,FHNMEK,6,0,5.450277622207515e-07,375
sequence_logistic,4,QQPNPQQPQ,9,0,0.1661373500323606,998
sequence_logistic,4,IAGRP,5,1,0.3934200159789384,81
sequence_logistic,4,KWRSKIKKIMRTFK,14,0,9.752350092079189e-05,1458
sequence_logistic,4,MVPYPQR,7,1,0.05759965694788841,568
sequence_logistic,4,FDART,5,0,0.003937466733980838,48
sequence_logistic,4,WQCRMKKCGA,10,0,8.418953468320871e-05,1221
sequence_logistic,4,MPFPKYPVQPF,11,1,0.7825805701213465,1158
sequence_logistic,4,SSDEEVREEKELDLSSNE,18,1,0.8140297459806339,1572
sequence_logistic,4,EELDNALN,8,0,0.39805229834125366,725
sequence_logistic,4,IQSQPQAFP,9,1,0.9946119543152933,803
sequence_logistic,4,PSQQQP,6,0,0.9679122963312485,469
sequence_logistic,4,YQEPVL,6,1,0.60470516370842,557
sequence_logistic,4,GLPPGPPIPP,10,1,0.8578334581662556,1116
sequence_logistic,4,LPENAKVDQVK,11,0,0.782454297289344,1284
sequence_logistic,4,SGIQSEPKAIP,11,1,0.9888954066879854,1112
sequence_logistic,4,LAPGGDMD,8,1,0.9792723929621678,763
sequence_logistic,4,IEELEEELEAER,12,0,0.923680679804118,1345
sequence_logistic,4,LPLRF,5,0,0.01044285191428224,147
sequence_logistic,4,SLLSLIRKLIT,11,0,0.0005243335226877248,1301
sequence_logistic,4,FSAPAVY,7,0,0.43775056761867726,592
sequence_logistic,4,GIQSEPKAIP,10,1,0.9958570092188921,1112
sequence_logistic,4,PAGNFLPPVAAAPVM,15,1,0.05422120036234936,1505
sequence_logistic,4,YDDGSYKPH,9,1,0.16716216096958963,1057
sequence_logistic,4,FRGLMHY,7,1,0.3379041007874822,589
sequence_logistic,4,QPHQPLPPT,9,0,0.03995601617409942,994
sequence_logistic,4,TQPKTNAIPY,10,1,0.7811579278659103,1204
sequence_logistic,4,STFQQMW,7,0,0.9998959762384488,676
sequence_logistic,4,RELKPARP,8,0,0.9974035092371515,807
sequence_logistic,4,TRTGDPFF,8,0,0.4121200984310836,824
sequence_logistic,4,AVPQR,5,0,0.44271828085649234,18
sequence_logistic,4,YQQPVL,6,1,0.1247377289361799,557
sequence_logistic,4,RKWLFHW,7,0,0.006197669779784296,667
sequence_logistic,4,RNAVPITPTL,10,1,0.33996832490823914,1182
sequence_logistic,4,VLEESKGAPKPN,12,0,0.6809389453756824,1379
sequence_logistic,4,VAHINVWK,8,1,0.9991407832666243,831
sequence_logistic,4,VAGTW,5,1,0.0010581953837764256,267
sequence_logistic,4,QQPIPQQPQ,9,0,0.025396328932749533,998
sequence_logistic,4,PQPQQPIPV,9,0,0.0468127669956591,978
sequence_logistic,4,AGWNIPIGT,9,0,0.017754061981805208,870
sequence_logistic,4,TLHGMV,6,1,0.04791194949488298,511
sequence_logistic,4,LRNFLRF,7,0,0.007968282956649819,635
sequence_logistic,4,APGAPGPVG,9,1,0.9732340351028714,875
sequence_logistic,4,FEGTVFENG,9,1,0.6930495986005369,895
sequence_logistic,4,RWQWRWQWA,9,0,7.858264982925325e-06,1029
sequence_logistic,4,PLVQQQFLGQQQPFPPQ,17,0,0.035243955827213694,1550
sequence_logistic,4,PSFQPQPLIYP,11,1,0.9320029517432277,898
sequence_logistic,4,LHDELT,6,0,0.002255262546122243,428
sequence_logistic,4,RYPSY,5,0,0.26674284450689556,239
sequence_logistic,4,EVSGL,5,1,0.5498749804626631,47
sequence_logistic,4,YVAQGEGVVA,10,0,0.7216487261848407,1241
sequence_logistic,4,NKGPR,5,1,0.001043609718881087,183
sequence_logistic,4,VAPFPEVF,8,1,0.9933631164428198,682
sequence_logistic,4,YVPFPPF,7,1,0.7508839525287103,703
sequence_logistic,4,VGINYWLAHKHK,12,1,0.9959501098184578,1377
sequence_logistic,4,AFKAWAVAR,9,1,0.9935835375184928,868
sequence_logistic,4,GLSDGEWQ,8,1,0.0489465628593738,742
sequence_logistic,4,APTMPPPLPP,10,0,0.836474605885587,1077
sequence_logistic,4,TGPIPNSLPQ,10,1,0.8932783825394291,1199
sequence_logistic,4,GVHTFP,6,1,0.9625333628711559,391
sequence_logistic,4,TEDELQDKIHP,11,1,0.9595204795159569,1302
sequence_logistic,4,RKWFLHW,7,0,0.025138102870072235,664
sequence_logistic,4,EGLPPGPPIPP,11,1,0.9269654739244643,1116
sequence_logistic,4,GVYPH,5,1,0.09082308313436241,72
sequence_logistic,4,AAVGGYRVAVL,11,0,0.9566068867544049,1243
sequence_logistic,5,YVPFP,5,0,0.9037422803217913,343
sequence_logistic,5,FAQTQSLVYP,10,1,0.9968471262491813,876
sequence_logistic,5,AGTTGLFTPLALPYDYSH,18,1,0.6159741664019082,1557
sequence_logistic,5,VHLPP,5,1,0.6575366079326619,279
sequence_logistic,5,GWNIP,5,0,0.004394010852218981,73
sequence_logistic,5,LSMGASLSP,9,1,0.9234165679157371,951
sequence_logistic,5,TMAEYHHQDQ,10,0,0.010713885279037818,1200
sequence_logistic,5,KTPKI,5,0,0.9320246130628704,124
sequence_logistic,5,INKWGIAAMAKKLL,14,0,0.9849429215563453,1455
sequence_logistic,5,LWHTH,5,0,0.9999999995829416,158
sequence_logistic,5,IVAGPQ,6,1,0.9595887062324617,410
sequence_logistic,5,FVEPI,5,0,0.01645558383256516,57
sequence_logistic,5,SDNRNQGY,8,1,0.5423654722549762,810
sequence_logistic,5,VVYFDQTQAQA,11,0,0.38481151189260493,1311
sequence_logistic,5,TIGAPDGIPSAPR,13,1,0.7100425347573012,1435
sequence_logistic,5,GIEALKYHNMDLGTARGY,18,0,0.002289368272809971,1561
sequence_logistic,5,KAVPQ,5,1,0.5178642410368364,113
sequence_logistic,5,ALCSEK,6,0,0.9541023607157905,351
sequence_logistic,5,ETPDCFWKYCV,11,0,0.6920441525324852,1254
sequence_logistic,5,PFAQTQSLVYP,11,1,0.9791897696370896,876
sequence_logistic,5,ICNIMC,6,0,0.0043328552204623975,399
sequence_logistic,5,ILPWKWPWWPWRR,13,0,0.06003389293108444,1413
sequence_logistic,5,YYDPL,5,0,0.5772239061330078,345
sequence_logistic,5,ALSAF,5,0,0.7033038117702386,12
sequence_logistic,5,ALGGA,5,1,0.06691470723723156,10
sequence_logistic,5,CAGVSAIR,8,0,0.7716901121596024,718
sequence_logistic,5,IFWLFRGKADVAL,13,0,0.6267818803642281,1410
sequence_logistic,5,IIVTQTMK,8,1,0.7002354394854013,750
sequence_logistic,5,WQVLPNAVPAK,11,1,0.70662403506133,1315
sequence_logistic,5,GPGGFI,6,0,0.0011398418926808966,386
sequence_logistic,5,GNRNFLR,7,0,0.1565477621948388,599
sequence_logistic,5,YPFVVN,6,0,0.0009925010599068564,325
sequence_logistic,5,GMWKKILGKLIR,12,0,0.16947847421617238,1334
sequence_logistic,5,VIPVGGSSALGA,12,0,0.4842140131502223,1378
sequence_logistic,5,QHEAT,5,1,0.02262539864228466,217
sequence_logistic,5,FVAPFPEVF,9,1,0.8681840821643664,900
sequence_logistic,5,THDWWKER,8,1,0.5575579475654682,820
sequence_logistic,5,CFNEYE,6,0,0.7806489679313903,355
sequence_logistic,5,VTKFYFQ,7,0,0.21578934416925863,692
sequence_logistic,5,KVSVVPS,7,0,0.7132643824749756,625
sequence_logistic,5,YLGYLEQLLR,10,1,0.057228748756868314,1235
sequence_logistic,5,GKKIATYQER,10,1,0.5681267144783647,937
sequence_logistic,5,YSEMPPGK,8,0,0.9389082070734651,861
sequence_logistic,5,RWQWRWQAR,9,0,0.0014486606379443571,1028
sequence_logistic,5,RLLRLLRRLLRLLR,14,0,0.059573712097075515,1476
sequence_logistic,5,FFVAP,5,1,0.49046406308702806,52
sequence_logistic,5,HEFPGVVVGANDD,13,1,0.1886779099898797,1407
sequence_logistic,5,IKKIVSKIKKLLK,13,0,0.7754806138066386,1411
sequence_logistic,5,PSIPA,5,1,0.33288156403903346,201
sequence_logistic,5,ELEELNVPGE,10,1,0.5171637632209733,1095
sequence_logistic,5,GEQQQQPGMTR,11,0,1.8417477157752102e-05,1258
sequence_logistic,5,FAGDDAPRR,9,1,0.9081464334273157,893
sequence_logistic,5,LECIRA,6,0,0.013642972807688418,424
sequence_logistic,5,RSFLRF,6,0,0.3888241735981804,486
sequence_logistic,5,IQSEPKAIP,9,1,0.998914746032636,802
sequence_logistic,5,GPIGPPSGGFD,11,1,0.04726082483456583,1262
sequence_logistic,5,KRRPPTT,7,1,0.9125334031135243,622
sequence_logistic,5,FVVAPFPEVF,10,1,0.7969696567680999,900
sequence_logistic,5,MPVQA,5,0,0.6793745453470661,175
sequence_logistic,5,LLPHHH,6,0,1.1967265932276995e-05,143
sequence_logistic,5,CTLEW,5,0,0.002742435510269686,24
sequence_logistic,5,HAEIN,5,1,0.9415878315955544,76
sequence_logistic,5,FPQHCNYQQQPQTFPQPF,18,0,0.030352281838715117,1559
sequence_logistic,5,KKWWKKK,7,0,0.00044069234599661495,619
sequence_logistic,5,LPTSEAAKY,9,0,0.9082017035764743,949
sequence_logistic,5,SPVVPF,6,0,0.6747389104435683,500
sequence_logistic,5,LNVPGE,6,1,0.7396671265262508,437
sequence_logistic,5,QTPRY,5,0,0.8611052154677463,220
sequence_logistic,5,YPISL,5,0,0.0015008171284223543,327
sequence_logistic,5,LSGYGP,6,0,0.8436110887079796,441
sequence_logistic,5,AVLVDKQCPD,10,0,0.10178211591685066,1082
sequence_logistic,5,AQTQSLVYP,9,1,0.997716738974565,876
sequence_logistic,5,HGEGGRSTHE,10,1,0.9306749901564043,1124
sequence_logistic,5,YGIKVGYAIP,10,1,0.9971096184857049,1229
sequence_logistic,5,RKWHLFW,7,0,0.1720113932187857,666
sequence_logistic,5,TTENVLFG,8,1,0.9829162312892955,826
sequence_logistic,5,IFGAIWKGISSLL,13,0,0.03913331505406569,1409
sequence_logistic,5,IPPLTQTPV,9,1,0.8794461293276986,794
sequence_logistic,5,KFHSGIQSEPKAIP,14,1,0.9319708565537921,1397
sequence_logistic,5,GRGDSPK,7,0,0.027070748874673978,602
sequence_logistic,5,QGLQGLPGT,9,0,0.007522125418723566,992
sequence_logistic,5,LQAFEPLR,8,0,0.836630991965894,774
sequence_logistic,5,HFEAMR,6,1,0.5355118762335047,394
sequence_logistic,5,KVLPG,5,1,0.9861012748218673,125
sequence_logistic,5,RKSSK,5,0,0.047227805892913984,232
sequence_logistic,5,VRWCT,5,1,0.003852478915357988,294
sequence_logistic,5,QSEPKAIP,8,1,0.998126468173623,802
sequence_logistic,5,TCLRW,5,1,0.9953085575301438,251
sequence_logistic,5,LVDTGRGPIMY,11,0,0.011182944191120486,1285
sequence_logistic,5,FAGDDAPRA,9,1,0.5387482774589635,893
sequence_logistic,5,YAEERYPIL,9,1,0.18700535568099025,1055
sequence_logistic,5,YWVTSGPK,8,0,0.9989124123027533,863
sequence_logistic,5,KVREGT,6,1,0.9968706989315642,418
sequence_logistic,5,YPFVEP,6,1,0.06682173657859304,324
sequence_logistic,5,FFVAPFPQVFGF,12,1,0.5748644851635262,1328
sequence_logistic,5,NQFLP,5,1,0.7943725841971845,185
sequence_logistic,5,WKRIVRIIRWIRKYY,15,0,0.04657403284736613,1513
sequence_logistic,5,IVRDPNGMGAW,11,1,0.999562350108332,1271
sequence_logistic,5,YLYEIARR,8,1,0.8304999176944845,852
sequence_logistic,5,DPVAPGGPQP,10,1,0.8533265913608505,1087
sequence_logistic,5,KAVPYPQ,7,1,0.34895714096496594,618
sequence_logistic,5,IKKILSKIKKLLK,13,0,0.23484601539880967,1411
sequence_logistic,5,LNLQDF,6,1,0.3184667288730665,435
sequence_logistic,5,GSGGL,5,0,0.5485457690341807,69
sequence_logistic,5,LHELLHLLHELLHL,14,0,0.9962173243633959,1462
sequence_logistic,5,WVESQTNGIIK,11,0,0.9869189349981837,1317
sequence_logistic,5,YRGGLEPINF,10,1,0.5560718594524116,1239
sequence_logistic,5,GAWYYVPL,8,1,0.5940765600143266,738
sequence_logistic,5,DVPSERYLG,9,1,0.8766775174759875,888
sequence_logistic,5,RRARGERMSRRK,12,1,0.04428434285538181,1372
sequence_logistic,5,AGTTCLFTPLALPYDYSH,18,1,0.8821281485942243,1557
sequence_logistic,5,AFVGYVLP,8,1,0.9012472636533907,709
sequence_logistic,5,TKPIE,5,0,0.6978400741740326,258
sequence_logistic,5,KLSDW,5,0,0.00400514057480814,119
sequence_logistic,5,GLFDRVKKRKSLF,13,0,0.006451914413434586,1404
sequence_logistic,5,INYWL,5,1,0.9999946298594592,99
sequence_logistic,5,LLPHH,5,0,0.0007386061949079201,143
sequence_logistic,5,ICRDL,5,1,3.1462615857526514e-09,82
sequence_logistic,5,QYPQPQQPI,9,0,0.022831568542928293,1014
sequence_logistic,5,VLPVPQKVVPQ,11,1,0.887890800129769,1309
sequence_logistic,5,AWEEREQGSR,10,0,0.00033090133486078486,1083
sequence_logistic,5,KKYNVPQL,8,1,0.8808770710657483,758
sequence_logistic,5,PYPYY,5,0,0.010366238344142803,209
sequence_logistic,5,FHSGIQSEPKAIP,13,1,0.9132682620229985,1397
sequence_logistic,5,RKQEEDEDEEQQRE,14,0,0.7864102268899466,1475
sequence_logistic,5,FRPRIMTP,8,0,3.533930247610391e-07,735
sequence_logistic,5,RKQDKR,6,0,0.6850838466148178,231
sequence_logistic,5,GVPKVKETMVPK,12,1,0.9580800055831001,1337
sequence_logistic,5,PPLTQTPV,8,1,0.7214514243696869,794
sequence_logistic,5,FEDYVPLSCF,10,1,0.9469767855106456,1104
sequence_logistic,5,AIPVNKPGRF,10,1,0.24015500663083658,1068
sequence_logistic,5,YIEAVNKVSPRAGQF,15,1,0.0765461111988872,1495
sequence_logistic,5,YGFIL,5,0,2.173998075887976e-05,313
sequence_logistic,5,PPEIN,5,1,0.9026456978601523,198
sequence_logistic,5,HVLSRAPR,8,0,0.19156674891875003,747
sequence_logistic,5,DLVKVEA,7,0,0.039974696415742715,576
sequence_logistic,5,VHIPP,5,1,0.8285882412867518,276
sequence_logistic,5,IDNPNYK,7,1,0.9970249004768178,611
sequence_logistic,5,NRKQDK,6,0,0.5228866398184018,231
sequence_logistic,5,LQGMP,5,0,0.08130179896333094,152
sequence_logistic,5,SRGLPGME,8,0,0.9994498995576271,815
sequence_logistic,5,RPKHPI,6,1,0.8671997860191482,489
sequence_logistic,5,VLYRDG,6,1,0.24482025238387758,526
sequence_logistic,5,SAGNPN,6,0,0.9798634622898807,495
sequence_logistic,5,QEQVPLVQQQQF,12,0,0.10647896689309214,1366
sequence_logistic,5,FQLGASPY,8,0,0.16824334098163496,734
sequence_logistic,5,LNLQDFR,7,1,0.4709985173931051,435
sequence_logistic,5,IGKGG,5,1,0.3760999786759476,89
sequence_logistic,5,GAPGPAGPGGIPGERG,16,1,0.9909803970098225,1518
sequence_logistic,5,EEDDA,5,1,0.040799923029546506,33
sequence_logistic,5,SAEHGSLH,8,0,0.20755303388908072,809
sequence_logistic,5,LTTLDSE,7,0,0.5240339238030893,636
sequence_logistic,5,YQKFP,5,0,0.9995806827186122,336
sequence_logistic,5,EQGFLPGPEESGR,13,1,0.5359946673326897,1395
sequence_logistic,5,VKITVDDKHY,10,1,0.9822910192151254,1211
sequence_logistic,5,QEEVN,5,1,0.0046533834319455215,212
sequence_logistic,5,YPLDL,5,1,0.003653724604244903,328
sequence_logistic,5,GPRGPA,6,0,0.14240701721378451,64
sequence_logistic,5,VVAPFPEVF,9,1,0.9310791466769074,900
sequence_logistic,5,HQIYP,5,1,0.9277685611892543,80
sequence_logistic,5,ALEPDHR,7,0,0.9081588933208885,562
sequence_logistic,5,PVRAVP,6,1,0.9903169001633847,472
sequence_logistic,5,QRNNPY,6,0,0.640648394691147,478
sequence_logistic,5,MPDAHL,6,0,0.8388288889896861,449
sequence_logistic,5,GATGPAGYV,9,1,0.8573942921541168,903
sequence_logistic,5,TPRVF,5,1,0.8758084667004802,261
sequence_logistic,5,EILDV,5,0,0.0002267539093036371,37
sequence_logistic,5,LYKNG,5,1,0.378023804943323,160
sequence_logistic,5,LSSLEMGSLGALFVCM,16,1,0.18533018754844552,1525
sequence_logistic,5,VRTPEVDD,8,1,0.8275812233578025,843
sequence_logistic,5,LSMGSASLSP,10,1,0.9475814908277991,951
sequence_logistic,5,RLFLRF,6,0,0.05089193401258403,486
sequence_logistic,5,AFKDEDTEEVPFR,13,1,0.9626574810356141,1390
sequence_logistic,5,KFFPS,5,0,0.3514540220956688,118
sequence_logistic,5,YYIVS,5,0,0.8711568279379442,346
sequence_logistic,5,ADASVLPK,8,0,0.9831220706639516,705
sequence_logistic,5,QPLPPT,6,0,0.051106807688660626,476
sequence_logistic,5,FVAPFPEVFG,10,1,0.8965961849350687,900
sequence_logistic,5,LGFEY,5,0,0.9176604258671888,132
sequence_logistic,5,DLTFPA,6,0,0.018430186686614346,357
sequence_logistic,5,KRIHF,5,0,0.1677772058228583,122
sequence_logistic,5,WPERPPQIP,9,1,0.3262934567719395,1053
sequence_logistic,5,IFVPA,5,1,0.1293247986387036,87
sequence_logistic,5,AGFAGDDAPR,10,0,0.5261862062937254,1067
sequence_logistic,5,LTDLENLHLP,10,1,0.8451009181932851,1152
sequence_logistic,5,RYFPT,5,1,0.0012352585830105929,237
sequence_logistic,5,KSSQSVFYSSNNKNYLA,17,0,0.08835603727061125,1542
sequence_logistic,5,EILDVPST,8,0,0.002033381360524672,727
sequence_logistic,5,VLPVPQKAVPQ,11,1,0.8594592635472523,1309
sequence_logistic,5,PAGPR,5,1,0.5389697561228415,189
sequence_logistic,5,TCRGLERA,8,1,0.001178071522078301,819
sequence_logistic,5,AKLEK,5,1,0.6420842388501468,4
sequence_logistic,5,WDTRGQ,6,0,0.006406326594276967,541
sequence_logistic,5,YPELF,5,0,0.541088743176525,321
sequence_logistic,5,APRKAARWCT,10,0,0.0001235887642081699,1075
sequence_logistic,5,EWFKMRRWQW,10,0,0.7559287650513706,1102
sequence_logistic,5,AGALGDSVTVTR,12,1,0.522184862966489,1323
sequence_logistic,5,IKPLNY,6,1,0.9246469577477847,404
sequence_logistic,5,LLCIALRKK,9,0,0.0030106071357553824,945
sequence_logistic,5,VLPYP,5,1,0.341701996645562,286
sequence_logistic,5,TAQVTSTEV,9,1,0.6656819252722608,1034
sequence_logistic,5,TYQTF,5,0,0.9892729217928171,266
sequence_logistic,5,MAGVDHI,7,0,0.8737417127083549,639
sequence_logistic,5,EWFKARRWQW,10,0,0.7788540960954661,1102
sequence_logistic,5,RPKHPIKHQGLPQEV,15,1,0.6716487089781491,1431
sequence_logistic,5,GHIITVAR,8,1,0.9853630070812919,741
sequence_logistic,5,ISSTVSLKM,9,0,0.037044210782594365,927
sequence_logistic,5,RQFLRF,6,0,0.09900584438455394,486
sequence_logistic,5,AVLVDKNCPD,10,0,0.42797474647023653,1082
sequence_logistic,5,VPNSYP,6,0,0.9001183499815343,530
sequence_logistic,5,AVESTVATL,9,1,0.7861893775770546,877
sequence_logistic,5,ISAAEFGK,8,0,0.08272177445652631,752
sequence_logistic,5,STVATL,6,0,0.7693094907830669,505
sequence_logistic,5,QELPG,5,1,0.8099776372269814,213
sequence_logistic,5,SPPEIN,6,1,0.664954837891774,198
sequence_logistic,5,GMWSKILGKLIR,12,0,0.13390210974432873,1334
sequence_logistic,5,QFLLAGR,7,0,0.17140358022535676,658
sequence_logistic,5,TRGKQ,5,1,0.9967860025876386,264
sequence_logistic,5,LPYPYY,6,1,0.07046358171500913,209
sequence_logistic,5,VLSRYPS,7,0,0.4335421053426632,525
sequence_logistic,5,GLWKILKKGA,10,0,0.33023608979515034,1117
sequence_logistic,5,SVDGKEDLIW,10,0,0.00720730865693174,1195
sequence_logistic,5,GASRHWYFL,9,1,0.9927520122125264,902
sequence_logistic,5,LRKAQEKFGKNKSQSFQL,18,0,0.47011059369975317,1564
sequence_logistic,5,VLPVLS,6,1,0.9274686528925182,524
sequence_logistic,5,QGQQGYYPTSPQ,12,0,0.003043728115840808,1367
sequence_logistic,5,ASVRT,5,1,0.3484960392216161,16
sequence_logistic,5,AWIRGCRL,8,1,0.7800642967871967,715
sequence_logistic,5,LNSPAY,6,1,0.9764063929796605,436
sequence_logistic,5,KVLPVPEK,8,0,0.9463558466979406,762
sequence_logistic,5,GPIGPP,6,1,0.05350199132219342,387
sequence_logistic,5,YPKLAPNE,8,0,0.5413570555442951,855
sequence_logistic,5,HVRETALV,8,0,0.947722686912958,748
sequence_logistic,5,GIISHR,6,0,0.5410362661099082,384
sequence_logistic,5,IARDSAAVF,9,1,0.4548919679950216,922
sequence_logistic,5,AFNIHNRNLL,10,0,0.8711393121158526,1066
sequence_logistic,5,VTGRFAGHPAAQ,12,1,0.7899920567801146,1383
sequence_logistic,5,VELYP,5,1,0.6564965904243298,274
sequence_logistic,5,WEPFP,5,1,2.00832355965131e-09,305
sequence_logistic,5,IEPQG,5,1,0.05132051266682236,86
sequence_logistic,5,EYPDKRPM,8,0,0.8580584476441806,728
sequence_logistic,5,ITDFQI,6,0,0.9467554667380716,409
sequence_logistic,5,CCGNAVPQ,8,1,1.2311417558010925e-05,719
sequence_logistic,5,GVQGPM,6,1,0.47570686313957555,392
sequence_logistic,5,AKYSY,5,1,0.9703441969431551,8
sequence_logistic,5,PLPRPQQPF,9,0,0.08303887433807511,972
sequence_logistic,5,TKTGRSAHVLSRYRPRA,17,1,0.235195458269099,1553
sequence_logistic,5,DVTFPA,6,0,0.07611414854500322,357
sequence_logistic,5,PRPQPHPQPHP,11,0,0.6141096257309222,1296
sequence_logistic,5,TTAGLLE,7,0,0.5385971140260529,681
sequence_logistic,5,GYGDRNFLRF,10,0,0.004552181991627388,1123
sequence_logistic,5,VLATSGPG,8,0,0.9518343023580276,840
sequence_logistic,5,IYEAVNKVSPRAGQF,15,1,0.02661940901782548,1495
sequence_logistic,5,KPGEPGPK,8,0,0.6678885378075841,759
sequence_logistic,5,RKRAAQ,6,1,0.34087677894132634,485
sequence_logistic,5,PHLSF,5,0,0.30348152080822344,193
sequence_logistic,5,ENLHLPLPLL,10,1,0.9926440263403272,958
sequence_logistic,5,LLQLEAIR,8,0,0.00867500555047553,771
sequence_logistic,5,GPRGP,5,0,0.7125692775945454,64
sequence_logistic,5,ITVDDKHYQK,10,0,0.999550747927774,1134
sequence_logistic,5,NGLAP,5,0,0.6657804815518997,179
sequence_logistic,5,RWAWRWQWR,9,0,0.022677072847219967,1024
sequence_logistic,5,WCTSVS,6,0,1.7628420730924053e-05,539
sequence_logistic,5,AWQKFLSAVVSALGR,15,0,0.3028627628275636,1488
sequence_logistic,5,NRVYVHPF,8,1,0.8857187241587033,784
sequence_logistic,5,NAGPFTPTVNREQLSTS,17,1,0.5853179205808658,1545
sequence_logistic,5,GLAGA,5,0,0.44057803958993086,63
sequence_logistic,5,EVMAGNLYPG,10,1,0.9916484541291446,1100
sequence_logistic,5,VEIPHD,6,0,0.0017219037035256393,519
sequence_logistic,5,EIVPNSAEERLH,12,1,0.8131713617193682,1326
sequence_logistic,5,APAPRPPNAP,10,1,0.47026245837054054,1071
sequence_logistic,5,FVAPFPEVFGK,11,1,0.8095050894123997,900
sequence_logistic,5,TKIVP,5,1,0.98532685493555,257
sequence_logistic,5,FLGFPT,6,0,0.02026704191086445,376
sequence_logistic,5,ENRKQDKRF,9,0,0.7421117112859609,890
sequence_logistic,5,IITNW,5,1,0.8220128143970415,93
sequence_logistic,5,LEGGDALSASQ,11,1,0.6186001008152637,1280
sequence_logistic,5,IETWNPNNQ,9,1,0.5872573521507982,923
sequence_logistic,5,WPPRPQIPP,9,1,0.1106433387126971,1054
sequence_logistic,5,YRNTQ,5,1,0.9998445953397649,338
sequence_logistic,5,PACGGFYISGRPG,13,0,0.03242252585863606,1424
sequence_logistic,5,HHQDPPW,7,0,0.00830118999634957,607
sequence_logistic,5,MAIPP,5,0,0.9583131949164401,162
sequence_logistic,5,WTSSTMMEER,10,0,0.7986173639171794,1224
sequence_logistic,5,AYPQQ,5,1,0.05701422163614818,22
sequence_logistic,5,ALPMH,5,1,0.3610015194883168,11
sequence_logistic,5,SVDGKEDLIA,10,0,0.022109131607134937,1195
sequence_logistic,5,QQRQQQGL,8,0,0.005283493203690557,801
sequence_logistic,5,GRKSSK,6,0,0.01097140312420339,232
sequence_logistic,5,RYYGY,5,0,0.7621807450839763,241
sequence_logistic,5,SWAQL,5,0,0.9988948118001024,249
sequence_logistic,5,WLFKFLAWKKK,11,0,0.17402258453621838,1313
sequence_logistic,5,LAHMIVAGA,9,1,0.9943165472611624,939
sequence_logistic,5,NLHLPLPLL,9,1,0.9785600634944093,958
sequence_logistic,5,PQRDMP,6,1,0.32447152191942974,467
sequence_logistic,5,YQETSSSSSQEQ,12,0,0.9408319685220534,1386
sequence_logistic,5,RGSALTHLP,9,0,0.9997967667081323,1017
sequence_logistic,5,AGCGCEAMFAGA,12,1,0.997974730538755,1324
sequence_logistic,5,EEEKNRLTKKTKLT,14,1,0.00309790155045048,1441
sequence_logistic,5,TETWNPNHPEL,11,0,0.02714093262800121,1303
sequence_logistic,5,FDGEVK,6,0,0.0017768241767603938,371
sequence_logistic,5,WHHTF,5,1,0.3502112326927053,306
sequence_logistic,5,NSNLVGAAHEELQQSR,16,0,0.9755693820719737,1527
sequence_logistic,5,YPFVE,5,0,0.004725320394573291,324
sequence_logistic,5,GPPGPP,6,1,0.7382321992516819,387
sequence_logistic,5,VSRHFASYAN,10,1,0.5023884821364921,1216
sequence_logistic,5,RYQKF,5,1,0.9989535435462942,240
sequence_logistic,5,AAAPVAVAK,9,1,0.9985856131963192,866
sequence_logistic,5,YPFVV,5,0,0.013100965784591042,325
sequence_logistic,5,IQHST,5,1,0.003288834432453249,102
sequence_logistic,5,RKQDK,5,0,0.5642848956817711,231
sequence_logistic,5,PVQALLLNQELLLNP,15,1,0.9158152174948495,1507
sequence_logistic,5,FETISFK,7,1,0.10226630390133006,583
sequence_logistic,5,VEFEG,5,1,0.7431497435327505,272
sequence_logistic,5,VDHDHPE,7,0,0.004166572246335554,683
sequence_logistic,5,KWKLFKKIGAVLKVL,15,0,0.26329226857217214,1498
sequence_logistic,5,ITMIAPSAF,9,1,0.9418225428888967,928
sequence_logistic,5,IGGIGTVPVGR,11,1,0.7434125643594813,1268
sequence_logistic,5,MPFLKSPIVPF,11,1,0.8795135632203653,1290
sequence_logistic,5,LVMFLDNQHRVIRH,14,0,0.9896995463509185,1466
sequence_logistic,5,YQQRPVA,7,1,0.6474940261978609,700
sequence_logistic,5,IHVIGDF,7,1,0.1601056927778841,613
sequence_logistic,5,LGGAKQAGDV,10,0,0.3617517031959513,1142
sequence_logistic,5,GPRGPP,6,0,0.4946441173258325,64
sequence_logistic,5,LHMFK,5,1,0.7663589987628509,133
sequence_logistic,5,GLQLPFSEE,9,1,0.005241535028732049,907
sequence_logistic,5,QKAVPYPQRDMPI,13,1,0.03679154161400391,1428
sequence_logistic,5,GPSGPPGPKGN,11,0,0.5593339809934694,1263
sequence_logistic,5,GVPKVKETMVPKH,13,1,0.919631938025025,1337
sequence_logistic,5,TPLVTLFK,8,0,0.9588675650236095,823
sequence_logistic,5,FRQFYQL,7,1,0.9040051739588701,590
sequence_logistic,5,VLSTSFPPK,9,1,0.3803517393809438,1040
sequence_logistic,5,LDKVFER,7,0,0.9820828356424214,629
sequence_logistic,5,RPKHPIK,7,1,0.9915700045374298,489
sequence_logistic,5,TVGGAPAGRIVME,13,1,0.9959281176490272,1436
sequence_logistic,5,YSQQQQ,6,1,0.0008071321746938831,558
sequence_logistic,5,PVVVPPFLQPEV,12,1,0.556543968543357,1365
sequence_logistic,5,LIAVP,5,0,0.2302226701870088,136
sequence_logistic,5,KFAYPQ,6,1,0.6077959776420284,413
sequence_logistic,5,KWEKPF,6,1,8.725103759133438e-09,419
sequence_logistic,5,PFVEPI,6,0,0.04553333583701228,57
sequence_logistic,5,GLFKIISGIA,10,0,0.05391649777111423,1115
sequence_logistic,5,LGFEYY,6,0,0.9621028149142484,132
sequence_logistic,5,GVGTGKPGER,10,1,0.5263805692907126,1121
sequence_logistic,5,MGSPT,5,0,0.4345776274183525,165
sequence_logistic,5,HVAGTVA,7,0,0.4810833974563858,609
sequence_logistic,5,LVVAPWT,7,0,0.3320530747943734,638
sequence_logistic,5,IAYKPE,6,0,0.9993349971090029,398
sequence_logistic,5,KKIATYQER,9,1,0.7390890084829176,937
sequence_logistic,5,VENLHLPLPLL,11,1,0.9381768594761215,958
sequence_logistic,5,RPKHPIKHQGLPQ,13,1,0.6939298533715659,1431
sequence_logistic,5,TEDQAMEDIK,10,0,0.9859662762371387,1197
sequence_logistic,5,VLSRYP,6,1,0.5969092337440707,525
sequence_logistic,5,GDRFQDQHQ,9,0,0.08322491514438904,904
sequence_logistic,5,FDKLPGFGD,9,1,0.3662574960562544,894
sequence_logistic,5,IGSENSEKTTMP,12,1,0.9912602981192484,1347
sequence_logistic,5,QFADG,5,0,0.001806172772302709,216
sequence_logistic,5,EQLTK,5,0,0.0027800563401027627,43
sequence_extra_trees,1,VLNSNAAPLPN,11,0,0.4909603159511438,1308
sequence_extra_trees,1,PSDHDHE,7,0,0.26446141480730917,655
sequence_extra_trees,1,AYFYPELF,8,1,0.541315663021638,716
sequence_extra_trees,1,LLRHVVKILEKYL,13,0,0.3908643966639489,1419
sequence_extra_trees,1,PRKEKLCTTS,10,1,0.4296467347886292,1168
sequence_extra_trees,1,RNFLR,5,0,0.2889135781956433,234
sequence_extra_trees,1,FFRNR,5,1,0.4075830128208016,51
sequence_extra_trees,1,GPAGAPGAA,9,1,0.6849352262891528,908
sequence_extra_trees,1,DMCPHD,6,1,0.3299087098336241,358
sequence_extra_trees,1,WQWRMKALGA,10,0,0.1580810552916867,1223
sequence_extra_trees,1,YLGPQY,6,0,0.5893934105509221,553
sequence_extra_trees,1,KNQDK,5,0,0.33183360483828445,120
sequence_extra_trees,1,REQEEL,6,1,0.48514881051501485,483
sequence_extra_trees,1,PLPPHDLL,8,0,0.47165303530545494,791
sequence_extra_trees,1,FPGGPP,6,1,0.673555388338845,379
sequence_extra_trees,1,TDVEK,5,1,0.5303969942370808,252
sequence_extra_trees,1,SAPLRVY,7,1,0.532586100810937,671
sequence_extra_trees,1,LKPTPQGN,8,1,0.4898847723990486,769
sequence_extra_trees,1,EEYFPVGGDRPESF,14,0,0.5636419782431481,1442
sequence_extra_trees,1,SQCQAIHNVVHA,12,0,0.4459904246990011,1374
sequence_extra_trees,1,LDLQR,5,0,0.5247596210978639,129
sequence_extra_trees,1,FIGTLIPLALGALTKLFK,18,0,0.3823959298193823,1558
sequence_extra_trees,1,INTLSGR,7,1,0.538418604011857,614
sequence_extra_trees,1,LPPPV,5,0,0.532798504533889,148
sequence_extra_trees,1,EVMAGNYLPG,10,1,0.6892760807117314,1101
sequence_extra_trees,1,LLPHHADADY,10,0,0.42037928824401993,1145
sequence_extra_trees,1,CRQNTLGHNTQTSIAQ,16,1,0.6257081223189906,1514
sequence_extra_trees,1,ENLHLPLP,8,1,0.8389675053068111,643
sequence_extra_trees,1,PKAVHE,6,0,0.6508196184890562,464
sequence_extra_trees,1,FLPPVT,6,0,0.5385032399291335,377
sequence_extra_trees,1,IRAMPVAV,8,1,0.7233234686644778,751
sequence_extra_trees,1,WKLLSKAQEKFGKNKSR,17,0,0.2728032262361589,1555
sequence_extra_trees,1,TDGGLLE,7,0,0.29190422387233694,679
sequence_extra_trees,1,VKKTC,5,1,0.6954870139668067,283
sequence_extra_trees,1,YINQMPQKSREA,12,1,0.5442330595563947,1318
sequence_extra_trees,1,VYPFPGPI,8,1,0.5992902445208013,846
sequence_extra_trees,1,LDAVNR,6,0,0.565912366024784,423
sequence_extra_trees,1,RPNYTDA,7,0,0.4742895942940804,670
sequence_extra_trees,1,PDHHMMYF,8,0,0.4670389734649878,788
sequence_extra_trees,1,AHEPVK,6,1,0.4914281076832374,349
sequence_extra_trees,1,HERDPTHIKWGD,12,1,0.4948488489051541,1339
sequence_extra_trees,1,MILMR,5,0,0.416689639397117,168
sequence_extra_trees,1,AFPGS,5,1,0.620271045434487,0
sequence_extra_trees,1,IPAGV,5,1,0.6473910163304264,100
sequence_extra_trees,1,IYPSFQPQPLIYP,13,1,0.8491854433199157,1385
sequence_extra_trees,1,PFPQPQLPF,9,0,0.27787366055993035,962
sequence_extra_trees,1,QLGFLGPR,8,1,0.3584347467748912,799
sequence_extra_trees,1,GYYPT,5,0,0.3517364914605068,75
sequence_extra_trees,1,EFLLAGNNKR,10,0,0.3345126844686102,1093
sequence_extra_trees,1,NFHPQ,5,0,0.3807939553186758,177
sequence_extra_trees,1,QSLVYP,6,1,0.7929108439549488,479
sequence_extra_trees,1,FVAPFPEVFGKEKVNE,16,1,0.7541392490407566,1517
sequence_extra_trees,1,PQHQFPQPT,9,0,0.1794142067694523,973
sequence_extra_trees,1,YANPAVVRP,9,1,0.8655143257073405,1056
sequence_extra_trees,1,VIPMGL,6,0,0.5955810315298267,521
sequence_extra_trees,1,EVPKA,5,1,0.5920809187000402,46
sequence_extra_trees,1,AWQWRWQWR,9,0,0.1157925538097724,880
sequence_extra_trees,1,VVVGDGAVGK,10,1,0.6772061934349181,1218
sequence_extra_trees,1,DYGLYP,6,1,0.552273040565731,316
sequence_extra_trees,1,IYPVPEPS,8,0,0.573764107717173,754
sequence_extra_trees,1,RRLSYSRRRF,10,0,0.3726848685884523,1186
sequence_extra_trees,1,FFVAPFEVFGK,11,1,0.6771849383577326,1255
sequence_extra_trees,1,VPFGVG,6,1,0.5530302943145374,527
sequence_extra_trees,1,QQPYPQQPY,9,0,0.09866986155594985,996
sequence_extra_trees,1,ASQSIWLPGWL,11,1,0.5194774411655986,1246
sequence_extra_trees,1,VEELKP,6,1,0.6390467532690035,518
sequence_extra_trees,1,YPFPGPIPNSL,11,1,0.6063314880955608,1320
sequence_extra_trees,1,GCTLN,5,0,0.5512282135576898,61
sequence_extra_trees,1,VECYGPNRPQF,11,1,0.6361043533099133,1307
sequence_extra_trees,1,KPSSPPEE,8,0,0.4495809509366546,760
sequence_extra_trees,1,RFVVAPFPE,9,0,0.5162636757071053,1016
sequence_extra_trees,1,LNPPHQIYP,9,1,0.790588024307165,783
sequence_extra_trees,1,FFGFN,5,0,0.19235117725505999,50
sequence_extra_trees,1,NPPHQIYP,8,1,0.7788315863618765,783
sequence_extra_trees,1,VVSNFGKTVFDGVL,14,0,0.4931714047558391,1484
sequence_extra_trees,1,IYPFVE,6,0,0.4079934289710845,111
sequence_extra_trees,1,NKDVAM,6,1,0.7023290349878265,457
sequence_extra_trees,1,YLGSGY,6,0,0.3513309187268155,554
sequence_extra_trees,1,FGERR,5,0,0.3428379100145576,53
sequence_extra_trees,1,YGGVSLPEW,9,1,0.6657780465956781,1061
sequence_extra_trees,1,SQSKVLPVPQ,10,1,0.7537397746066854,1194
sequence_extra_trees,1,VTDFYF,6,0,0.4329589791503931,295
sequence_extra_trees,1,QLAQIPR,7,0,0.4510274475974804,659
sequence_extra_trees,1,FVAPAGTINY,10,0,0.6873127498185018,1109
sequence_extra_trees,1,LVNPHDHQN,9,0,0.47073595759138015,955
sequence_extra_trees,1,YGLYP,5,1,0.5193404513186417,316
sequence_extra_trees,1,LDAQSAPLR,9,1,0.5058072109567658,940
sequence_extra_trees,1,TTFHTSGY,8,1,0.35883020383342873,827
sequence_extra_trees,1,IYPFVEPIPY,10,0,0.462193140451596,1137
sequence_extra_trees,1,KHNRGDEF,8,0,0.42511003623831295,756
sequence_extra_trees,1,YPTSL,5,0,0.18730415681498408,333
sequence_extra_trees,1,IFENLQN,7,1,0.5221899198788621,612
sequence_extra_trees,1,VGGRP,5,0,0.6022473008601036,275
sequence_extra_trees,1,RKPKV,5,0,0.5099390620144829,230
sequence_extra_trees,1,KDQGSYEDF,9,1,0.4509526227930337,934
sequence_extra_trees,1,QQPFPQQPY,9,0,0.0677576512755308,996
sequence_extra_trees,1,KGYGGVSLPEW,11,1,0.6793479987969533,1061
sequence_extra_trees,1,HCQRPR,6,0,0.40119518269553744,393
sequence_extra_trees,1,SPFWNINAHS,10,0,0.47771077127214356,1193
sequence_extra_trees,1,LVYPFP,6,1,0.7546087975021143,447
sequence_extra_trees,1,KDLQL,5,0,0.567251249791622,116
sequence_extra_trees,1,GPGAGTPGGA,10,1,0.513512709200528,1118
sequence_extra_trees,1,SKPHT,5,1,0.43901286400371753,244
sequence_extra_trees,1,FFVAPFPEVFGK,12,1,0.7683446404028893,1255
sequence_extra_trees,1,LKPNM,5,1,0.5711883895943562,139
sequence_extra_trees,1,KHDRGDEF,8,0,0.40846181744793847,756
sequence_extra_trees,1,VVLYR,5,1,0.5769174330652734,299
sequence_extra_trees,1,LNGDVW,6,0,0.4124085353527062,434
sequence_extra_trees,1,IASGEPTSTPT,11,1,0.6056409072964627,1267
sequence_extra_trees,1,QNLLRF,6,1,0.23180775913342389,369
sequence_extra_trees,1,GPRPP,5,0,0.5003209249297533,65
sequence_extra_trees,1,VKSVVAL,7,0,0.6325780127540558,687
sequence_extra_trees,1,YPFVVNA,7,0,0.4464222341289635,699
sequence_extra_trees,1,IQAEAGLTEV,10,0,0.5201158564577428,1131
sequence_extra_trees,1,LVVYPWTQR,9,1,0.6088306429522299,776
sequence_extra_trees,1,RLPSEFDLSAFLRA,14,1,0.3548375003720796,1477
sequence_extra_trees,1,SVMPVVA,7,0,0.5050260626081751,677
sequence_extra_trees,1,KIHPFAQT,8,1,0.5786072663164787,757
sequence_extra_trees,1,ACNLPRMC,8,1,0.46443618670070547,704
sequence_extra_trees,1,IFVPH,5,0,0.5930372462961657,88
sequence_extra_trees,1,LLLLLIRKLIK,11,0,0.14483855302756013,1282
sequence_extra_trees,1,APVPP,5,1,0.6548648762056761,15
sequence_extra_trees,1,VTCDILSVEAKGVKLG,16,0,0.4519859298062897,1535
sequence_extra_trees,1,FRDEHKK,7,0,0.5848245985279054,588
sequence_extra_trees,1,PVLGPVRGPF,10,1,0.8232817779686777,1172
sequence_extra_trees,1,RWQWRAQWR,9,0,0.11210144537897049,1026
sequence_extra_trees,1,EIEIDNAHKET,11,0,0.5779881595451726,1251
sequence_extra_trees,1,YGGFLR,6,0,0.20695503672114504,314
sequence_extra_trees,1,VGGSDLQALK,10,0,0.49992454480385085,1209
sequence_extra_trees,1,RKNVY,5,0,0.38563318936650764,229
sequence_extra_trees,1,CYFQNCPRG,9,0,0.4785783267109,882
sequence_extra_trees,1,MPIQA,5,0,0.5066023814201113,173
sequence_extra_trees,1,PYVRYL,6,1,0.6001187640103931,473
sequence_extra_trees,1,FHERDPTHIKWGD,13,1,0.5096407737858133,1339
sequence_extra_trees,1,NENLLRFFVAPFPE,14,1,0.48838482370358416,1468
sequence_extra_trees,1,FPLEMMPF,8,0,0.5173592122486447,733
sequence_extra_trees,1,RQLAGP,6,1,0.49584473183738076,491
sequence_extra_trees,1,VKRRGQDCIHGFCSD,15,0,0.5300048297977163,1511
sequence_extra_trees,1,IIENGEKWS,9,0,0.4841269004818972,924
sequence_extra_trees,1,LVYPFTGPIPN,11,1,0.7346510215551438,1287
sequence_extra_trees,1,KYLGPQY,7,0,0.6070009760743237,553
sequence_extra_trees,1,APGAGVY,7,1,0.5385403421655957,564
sequence_extra_trees,1,QVSLLQQFFL,10,0,0.3738028339270343,1181
sequence_extra_trees,1,TRDQQ,5,1,0.3691025903993079,263
sequence_extra_trees,1,LKKISQ,6,1,0.4537641902802841,432
sequence_extra_trees,1,PQPYPQQPY,9,0,0.11196451559753955,983
sequence_extra_trees,1,EFFDVSNELFQ,11,0,0.3172431239313901,1249
sequence_extra_trees,1,KNWKKILKKIIKVVK,15,0,0.28779422819192707,1497
sequence_extra_trees,1,LLLQLIRKLIL,11,0,0.1551846796777615,1282
sequence_extra_trees,1,KAEEEYPDL,9,1,0.5905648646930182,933
sequence_extra_trees,1,VAWKL,5,1,0.5280539679574797,269
sequence_extra_trees,1,HPHPHLSFMAIPP,13,0,0.6921228790168192,1408
sequence_extra_trees,1,GNPVGGVGHGTTGT,14,1,0.6508501887664133,1451
sequence_extra_trees,1,GQKSVPEVR,9,1,0.6606871386051235,913
sequence_extra_trees,1,LRENNKLMLLELK,13,1,0.366582280483056,1420
sequence_extra_trees,1,DPYKLRP,7,1,0.49774232637027943,578
sequence_extra_trees,1,TPWVPPFLQP,10,1,0.6551778174382242,1203
sequence_extra_trees,1,EAPGGYDD,8,1,0.6365890747723916,723
sequence_extra_trees,1,NWGQFHGGW,9,0,0.2697352653314312,959
sequence_extra_trees,1,NGRAHA,6,0,0.42653121218170326,454
sequence_extra_trees,1,SQLALTNPT,9,0,0.4325467568788023,1031
sequence_extra_trees,1,QQQQLPQQH,9,0,0.16378904065480832,1005
sequence_extra_trees,1,LVGDEQAVPAVCVP,14,0,0.6403061523380483,1465
sequence_extra_trees,1,HPINHR,6,0,0.6356664265275358,396
sequence_extra_trees,1,KAAVT,5,0,0.5509880535058415,112
sequence_extra_trees,1,HVCYMF,6,0,0.5073522772763814,397
sequence_extra_trees,1,ITTNP,5,1,0.6844861177793895,107
sequence_extra_trees,1,FFVAPFPFEVFGK,13,1,0.7238124479027399,1255
sequence_extra_trees,1,RADHPF,6,1,0.5370304508222684,481
sequence_extra_trees,1,EIAKLM,6,1,0.5503197526599972,366
sequence_extra_trees,1,VFDGEL,6,0,0.48105754791123806,520
sequence_extra_trees,1,YQEPVLGPVRGPFPIIV,17,1,0.8759757291818476,1556
sequence_extra_trees,1,SYLPPLTT,8,0,0.38003561061718494,817
sequence_extra_trees,1,KPYVFRATGAL,11,0,0.704935467378695,1276
sequence_extra_trees,1,YNILSGFDTEL,11,0,0.35986489071951966,1319
sequence_extra_trees,1,FVSACSVAG,9,1,0.5974711314626134,901
sequence_extra_trees,1,FLPLIGRVLSGILG,14,0,0.4654705162624609,1400
sequence_extra_trees,1,VKETT,5,1,0.6606909553873105,282
sequence_extra_trees,1,EDLDED,6,0,0.2921094292017074,363
sequence_extra_trees,1,FLPLIGKVLSGIL,13,0,0.48134458178031214,1400
sequence_extra_trees,1,QQPFVQQQQPFVQQ,14,0,0.38671606208525666,1473
sequence_extra_trees,1,LEELLHHLEELLHH,14,0,0.2859728359262768,1460
sequence_extra_trees,1,PFPQPQQPT,9,0,0.09364682964881373,963
sequence_extra_trees,1,VPSIDDQEELM,11,0,0.5338439013914923,1310
sequence_extra_trees,1,LPESVHLDK,9,1,0.41173952654768725,948
sequence_extra_trees,1,INKKI,5,0,0.5611529064779597,98
sequence_extra_trees,1,IAYKPAG,7,1,0.7941125066268213,610
sequence_extra_trees,1,EGGSF,5,1,0.2992630087203743,35
sequence_extra_trees,1,VEIPE,5,0,0.5080602247029199,273
sequence_extra_trees,1,GKGEGGGGLA,10,0,0.4872592804968076,1114
sequence_extra_trees,1,TPSPR,5,1,0.3949402091009071,262
sequence_extra_trees,1,MRKDQ,5,1,0.49247106684896996,176
sequence_extra_trees,1,INKVVR,6,1,0.6701612990689959,405
sequence_extra_trees,1,GPRPPP,6,0,0.5336632444976257,65
sequence_extra_trees,1,VYNEGLPAP,9,1,0.7260480558257509,1050
sequence_extra_trees,1,FPGLADR,7,0,0.484539697022315,585
sequence_extra_trees,1,NIIPA,5,1,0.5431185891543493,182
sequence_extra_trees,1,YLLVR,5,1,0.5772294115828156,318
sequence_extra_trees,1,PIQQQPHQF,9,0,0.3174641907628495,971
sequence_extra_trees,1,FVLPH,5,0,0.5331557046036882,58
sequence_extra_trees,1,EGLPPRPKIPP,11,1,0.8026222348731114,1250
sequence_extra_trees,1,WEGPK,5,0,0.4204992353803466,304
sequence_extra_trees,1,GFPGP,5,0,0.6260383617341926,62
sequence_extra_trees,1,LSPQSY,6,1,0.48933628255362577,442
sequence_extra_trees,1,PQPYPQQPF,9,0,0.10194828485092908,983
sequence_extra_trees,1,PFPQPQQPQ,9,0,0.06229292940168506,963
sequence_extra_trees,1,ELFTT,5,1,0.3593441561341789,39
sequence_extra_trees,1,VPYPQRDMPIQA,12,1,0.6280122032635582,1382
sequence_extra_trees,1,PVEPFTESQ,9,1,0.5848632343360088,987
sequence_extra_trees,1,YLNVVTRPRF,10,0,0.5612415227167888,1236
sequence_extra_trees,1,AKYCY,5,1,0.6810426961785878,7
sequence_extra_trees,1,LAPSTIK,7,1,0.6460584807700733,626
sequence_extra_trees,1,EPAWSNLGIW,10,0,0.5593049621362531,1096
sequence_extra_trees,1,SKVWRHWRRFWHRAHRKL,18,0,0.27789977886643197,1571
sequence_extra_trees,1,PVSHDHAPEY,10,0,0.5109329654802114,1173
sequence_extra_trees,1,LGLNGDDVN,9,0,0.4267410110289039,943
sequence_extra_trees,1,IVTNWDDMEK,10,1,0.5115389620825531,1136
sequence_extra_trees,1,LGDARNSPAPP,11,1,0.6139383804345562,1281
sequence_extra_trees,1,PQPQQPFPW,9,0,0.13990668851553378,977
sequence_extra_trees,1,KDGEA,5,0,0.4682097775503329,115
sequence_extra_trees,1,EFVAPFPEVFGK,12,1,0.7229315504140748,1255
sequence_extra_trees,1,THEATHEAP,9,1,0.7180800705943866,1035
sequence_extra_trees,1,GYYPTS,6,0,0.4585867733414872,75
sequence_extra_trees,1,YVTASPHLR,9,1,0.4891941723759171,1063
sequence_extra_trees,1,ADKNFLRF,8,0,0.12024985522222838,706
sequence_extra_trees,1,FAGGTSGSGV,10,0,0.5318604962610634,1103
sequence_extra_trees,1,RNEQMGAGRLGRLRK,15,1,0.3252444001126047,1509
sequence_extra_trees,1,ARGPQLRLRF,10,0,0.2662927288299549,1078
sequence_extra_trees,1,PVPQP,5,1,0.6417968024413687,207
sequence_extra_trees,1,HFGDPFH,7,0,0.3680732214069172,605
sequence_extra_trees,1,PAGLPGPA,8,0,0.6686787403261603,787
sequence_extra_trees,1,TKIPA,5,1,0.6296619020106242,256
sequence_extra_trees,1,YSNQNGRF,8,0,0.32583898999259775,862
sequence_extra_trees,1,DVFRELRVQ,9,0,0.4616472115821009,887
sequence_extra_trees,1,VRGPFPIIV,9,1,0.776678133541671,1045
sequence_extra_trees,1,KTCGY,5,0,0.40366231335800173,123
sequence_extra_trees,1,LGFPTTKTYFPHF,13,1,0.5666522096637245,1417
sequence_extra_trees,1,IQPQQPFPQ,9,0,0.24744470359944468,926
sequence_extra_trees,1,PHQQQQQQF,9,0,0.2086832836875018,969
sequence_extra_trees,1,GVDNPGHPF,9,1,0.5666399831185784,914
sequence_extra_trees,1,SKVYPFPGPI,10,1,0.6214405500172131,1190
sequence_extra_trees,1,NIPPLTQTPV,10,1,0.7778184770497037,1162
sequence_extra_trees,1,GHSLLHF,7,0,0.44078250491951304,594
sequence_extra_trees,1,LKVGVKQY,8,1,0.6806755086782118,770
sequence_extra_trees,1,HLPPPV,6,1,0.5019085757822945,148
sequence_extra_trees,1,VFRQWQKIMRRLVRR,15,0,0.5551506100064856,1510
sequence_extra_trees,1,QQPYPQ,6,0,0.15369108100650908,477
sequence_extra_trees,1,LAHKAL,6,1,0.6835985332222172,420
sequence_extra_trees,1,QFAAD,5,0,0.49029565731637176,215
sequence_extra_trees,1,NWKKILGKICR,11,0,0.22905819090429477,1294
sequence_extra_trees,1,YPVSL,5,0,0.44417497037504317,334
sequence_extra_trees,1,QSWMHQPHQ,9,1,0.47240579771488056,1011
sequence_extra_trees,1,VLKVGGTSDVEV,12,0,0.63558262659132,1381
sequence_extra_trees,1,VGVIKAVDKKAGGAGKVT,18,1,0.4650993067641855,1573
sequence_extra_trees,1,VYIHPF,6,1,0.563182111600273,538
sequence_extra_trees,1,ENLLRF,6,1,0.2499283971404815,369
sequence_extra_trees,1,LVVYPW,6,1,0.499465952322771,446
sequence_extra_trees,1,ACGNLPRMC,9,1,0.46445007915489517,704
sequence_extra_trees,1,LSRGQ,5,1,0.39894078505625225,155
sequence_extra_trees,1,RWQWAWQWR,9,0,0.1125279470327727,1025
sequence_extra_trees,1,QQPQQPLPQ,9,0,0.11328543314429888,1002
sequence_extra_trees,1,FDTADLPSGKGYL,13,0,0.5834358065407667,1396
sequence_extra_trees,1,PQPYPQQPQ,9,0,0.07278723772930908,983
sequence_extra_trees,1,YAFGYPS,7,0,0.5313251152200177,696
sequence_extra_trees,1,LQPEVMGVSK,10,1,0.6730788031310702,1151
sequence_extra_trees,1,YPSFQPQPLIYP,12,1,0.8383092368866804,1385
sequence_extra_trees,1,AYTGV,5,1,0.5618971168081942,23
sequence_extra_trees,1,LIPPGVPY,8,1,0.7227305371562213,768
sequence_extra_trees,1,YYPTSPQQSGQG,12,0,0.4778592615192576,1387
sequence_extra_trees,1,VTDFY,5,0,0.37198447400223633,295
sequence_extra_trees,1,YPFPGPIN,8,1,0.6149340452102808,854
sequence_extra_trees,1,LPAGV,5,1,0.5242237844160078,145
sequence_extra_trees,1,VYPFPGPIA,9,0,0.647173438097897,846
sequence_extra_trees,1,IELPLG,6,1,0.6242263034668608,401
sequence_extra_trees,1,ALPMHIR,7,1,0.46589817021982155,563
sequence_extra_trees,1,SSHWSS,6,0,0.2895126212505226,504
sequence_extra_trees,1,LVTVM,5,1,0.5420899505853563,157
sequence_extra_trees,1,YMVSAIWG,8,0,0.41078485966900485,853
sequence_extra_trees,1,VEGKSPNV,8,1,0.5821311274137674,835
sequence_extra_trees,1,AQTQSL,6,1,0.42749669255012374,353
sequence_extra_trees,1,RPFHPF,6,0,0.46030437718324946,488
sequence_extra_trees,1,DSSEEKFLR,9,0,0.3552138186592608,885
sequence_extra_trees,1,ASHLGLAR,8,1,0.5133394387861068,713
sequence_extra_trees,1,NENLLRFFVAPFPEVFG,17,1,0.8154167457164809,1468
sequence_extra_trees,1,YPFPGPIPN,9,1,0.6167516284406217,854
sequence_extra_trees,1,VQGQGIIQPPQQPAQL,16,0,0.5507263064997902,1534
sequence_extra_trees,1,FFVAPFPGVFGK,12,1,0.6877900005278101,1255
sequence_extra_trees,1,EHPVL,5,1,0.6042017693428369,36
sequence_extra_trees,1,SKVYP,5,1,0.72806084776657,245
sequence_extra_trees,1,PLLPQQPFPSQQEQPQF,17,0,0.3581231653921107,1549
sequence_extra_trees,1,VYPFPGPIPNSL,12,1,0.6837747278088075,1320
sequence_extra_trees,1,GASSGMPG,8,1,0.5895023233669388,737
sequence_extra_trees,1,TLLLLIRKLIL,11,0,0.1626996963938583,1282
sequence_extra_trees,1,RLKKY,5,0,0.3978455148950051,233
sequence_extra_trees,1,PPPVHL,6,1,0.5741569537581135,466
sequence_extra_trees,1,PGEKGSPGADGPIGAP,16,0,0.7077736787518166,1529
sequence_extra_trees,1,ALAFQ,5,1,0.4739164103193574,9
sequence_extra_trees,1,FLSLIPKLVKKIIKAFK,17,0,0.37241292154786765,1537
sequence_extra_trees,1,LPHVLTPEAGAT,12,0,0.6560969786792167,1357
sequence_extra_trees,1,PVRGPFPIIV,10,1,0.8420008069790211,1045
sequence_extra_trees,1,QLLLLIRKLIV,11,0,0.25635360216718583,1282
sequence_extra_trees,1,LSKDIGSESTEDQAMED,17,1,0.37345736040482913,1544
sequence_extra_trees,1,AKPEG,5,1,0.5924778646202993,5
sequence_extra_trees,1,IYPFV,5,0,0.45304263451876514,111
sequence_extra_trees,1,GPLGLLGFLGPLGLS,15,1,0.5108790916731754,1493
sequence_extra_trees,1,GYDTQAIVQ,9,1,0.4702144600680431,916
sequence_extra_trees,1,TIDMESTEVFTKK,13,0,0.49749161163895544,1434
sequence_extra_trees,1,TLKYP,5,1,0.6711489232146647,259
sequence_extra_trees,1,FVQWFSKFLGRILG,14,0,0.3330886483351768,1447
sequence_extra_trees,1,MCYPAST,7,1,0.42186544169446366,640
sequence_extra_trees,1,YVVNPDNDEN,10,0,0.40057593555138077,1242
sequence_extra_trees,1,RWQWRWQWR,9,0,0.10017178606707068,880
sequence_extra_trees,1,AWDPE,5,0,0.24872050007161353,20
sequence_extra_trees,1,VAPEEHPV,8,1,0.6680520967640191,832
sequence_extra_trees,1,YGAGS,5,1,0.4216734779672205,311
sequence_extra_trees,1,LSKEEIEEAKEV,12,0,0.4877032889165521,1359
sequence_extra_trees,1,EPVLGPVRGPFP,12,1,0.8777797270179514,1172
sequence_extra_trees,1,QQPIQQQPH,9,0,0.16277938352603846,999
sequence_extra_trees,1,GPVRGPFPIIV,11,1,0.8341839909161477,1045
sequence_extra_trees,1,LLVTLKK,7,1,0.32786969688758577,633
sequence_extra_trees,1,YVVNPDNNEN,10,0,0.4452610409291283,1242
sequence_extra_trees,1,KLLKKVVKLFKKLLK,15,0,0.1633462593889095,1496
sequence_extra_trees,1,IVGRPRH,7,1,0.7092757830863198,616
sequence_extra_trees,1,WNMNAH,6,0,0.6518288770436007,543
sequence_extra_trees,1,FDYDPR,6,0,0.31058799781792856,372
sequence_extra_trees,1,GYPMYPLPR,9,1,0.3141593011612225,918
sequence_extra_trees,1,PLPWGAGF,8,1,0.5267961195587326,793
sequence_extra_trees,1,KIYPSFQPQPLIYP,14,1,0.8963902181841088,1385
sequence_extra_trees,1,LKDAQ,5,1,0.7205798774719959,137
sequence_extra_trees,1,YALPAH,6,0,0.7611515639133646,548
sequence_extra_trees,1,YESMADPCS,9,1,0.42047569440087257,1059
sequence_extra_trees,1,YGGWL,5,0,0.2857752216115214,315
sequence_extra_trees,1,RADHRYNDLGHR,12,1,0.5723649078991956,1370
sequence_extra_trees,1,LKSQQ,5,1,0.36389290055622875,140
sequence_extra_trees,1,YGGFL,5,1,0.1753032369915223,314
sequence_extra_trees,1,VESYVPLFP,9,0,0.6250770408533495,1038
sequence_extra_trees,1,LDSGDGVTH,9,1,0.5969905604296748,941
sequence_extra_trees,1,HHPLL,5,0,0.4605980908072978,77
sequence_extra_trees,1,MMLDF,5,0,0.39823773734064366,171
sequence_extra_trees,1,LVVYPWTQ,8,1,0.5338761679827385,776
sequence_extra_trees,1,YPQPQ,5,0,0.21069780690916418,331
sequence_extra_trees,1,MCESASSK,8,1,0.28164226399273806,780
sequence_extra_trees,1,RVPSLM,6,1,0.399576663493762,493
sequence_extra_trees,1,YINQMPQKSRE,11,1,0.4571521085574431,1318
sequence_extra_trees,1,AMKPWIQPK,9,1,0.5918308514710336,874
sequence_extra_trees,1,WVPSV,5,1,0.47237234042751497,308
sequence_extra_trees,1,RYLGYL,6,0,0.5140358648144251,494
sequence_extra_trees,1,LVEKGDVAFI,10,0,0.4131473234223021,1153
sequence_extra_trees,1,LPHSGY,6,0,0.38180907706236833,438
sequence_extra_trees,1,IASGEPTSTPTEE,13,1,0.6475109540504929,1267
sequence_extra_trees,1,NLHLPLP,7,1,0.8341266657038788,643
sequence_extra_trees,1,RHGYM,5,0,0.5221898829890319,226
sequence_extra_trees,1,MEGAQEAQGD,10,1,0.3824027458742693,1155
sequence_extra_trees,1,LSQSKVLPVPQK,12,1,0.7262036390899863,1194
sequence_extra_trees,1,DFVAP,5,1,0.8059230187729489,28
sequence_extra_trees,1,WLAHKALCSEKLDQ,14,0,0.40512874510667907,1485
sequence_extra_trees,1,LLNPPHQIYP,10,1,0.7833329193693908,1144
sequence_extra_trees,1,RLSFNP,6,1,0.4730115186951324,487
sequence_extra_trees,1,LLRSVGVPL,9,0,0.6803708375793669,946
sequence_extra_trees,2,EITPEKNPQLR,11,0,0.5238513909206977,1252
sequence_extra_trees,2,TQTPVVVPPFIQPE,14,1,0.6389082881406645,1482
sequence_extra_trees,2,GPMGPPGVK,9,0,0.6389627868117912,911
sequence_extra_trees,2,ENGLPVHLDQSIFRRP,16,1,0.647945167686262,1491
sequence_extra_trees,2,VPKNYFHDIV,10,0,0.4222907220534606,1215
sequence_extra_trees,2,EVTFPA,6,0,0.5599278883166378,370
sequence_extra_trees,2,SPPPFYL,7,1,0.5028815043841468,674
sequence_extra_trees,2,IRDLEAELEAEQ,12,0,0.3766648107416099,1350
sequence_extra_trees,2,VNNFLRF,7,0,0.18275497892230305,689
sequence_extra_trees,2,EDLIWK,6,0,0.3664554054587759,364
sequence_extra_trees,2,AIEWEGIESGSVEQA,15,0,0.44659225539721603,1487
sequence_extra_trees,2,LLEYSL,6,0,0.44046803859413786,142
sequence_extra_trees,2,YYLVR,5,1,0.6220089513731584,347
sequence_extra_trees,2,WYLHYA,6,1,0.45508201358774225,545
sequence_extra_trees,2,VNGSEKSKF,9,1,0.40230253091515245,1042
sequence_extra_trees,2,KGPPGEIGR,9,0,0.6119333165851543,935
sequence_extra_trees,2,PFNQL,5,0,0.3708350397015156,191
sequence_extra_trees,2,AYEES,5,1,0.5428789627671653,21
sequence_extra_trees,2,GPFPIIV,7,1,0.7119674105292668,600
sequence_extra_trees,2,LVCYPQ,6,0,0.5831664877837867,444
sequence_extra_trees,2,EIPKT,5,0,0.5503791847095705,38
sequence_extra_trees,2,AADNANELFPPN,12,0,0.6074296549325637,1322
sequence_extra_trees,2,LLPVIGNLLKSSLG,14,0,0.48792421620394644,1463
sequence_extra_trees,2,NMAINPSKENLCSTFCK,17,1,0.5544207108710576,1547
sequence_extra_trees,2,VRKGQ,5,1,0.6675410062885314,291
sequence_extra_trees,2,RMLGQYPYK,9,1,0.6311513270616572,1020
sequence_extra_trees,2,WYGPD,5,0,0.39364517065479154,309
sequence_extra_trees,2,VKCFR,5,1,0.6123947496311585,281
sequence_extra_trees,2,VYLPRM,6,1,0.6087826705473967,302
sequence_extra_trees,2,DTGSDKKQL,9,1,0.30389790102950476,886
sequence_extra_trees,2,QEPVLGPVRGPFP,13,1,0.7577054266121902,1426
sequence_extra_trees,2,LEEFCC,6,1,0.40628585722896465,425
sequence_extra_trees,2,ACVRACVRACVRACV,15,0,0.5843412755405326,1486
sequence_extra_trees,2,NKWKKILGKIIKVVK,15,0,0.29519277327016874,1503
sequence_extra_trees,2,RKWLHFW,7,0,0.16626203701237124,668
sequence_extra_trees,2,RALPIDVL,8,0,0.5273307574291922,804
sequence_extra_trees,2,VRLPT,5,1,0.5190211720869732,292
sequence_extra_trees,2,LAVYPWT,7,0,0.5895333956558202,627
sequence_extra_trees,2,YPWTQRFF,8,0,0.49836879446367,858
sequence_extra_trees,2,PPPLP,5,0,0.7415567213523395,199
sequence_extra_trees,2,TPPAGPDGGPP,11,1,0.6300475257181856,1304
sequence_extra_trees,2,TGLKP,5,1,0.679562086043734,255
sequence_extra_trees,2,LVYPFPGP,8,1,0.7329578798548063,778
sequence_extra_trees,2,FISAIASMLGKFL,13,0,0.39808328882217753,1398
sequence_extra_trees,2,VLLPDEVSGL,10,1,0.46878338685979265,1214
sequence_extra_trees,2,PSKYEPFV,8,0,0.51250557259946,797
sequence_extra_trees,2,GQFNDKRWIPFG,12,0,0.4824741466923008,1335
sequence_extra_trees,2,GCETR,5,1,0.4659624499085182,60
sequence_extra_trees,2,QKPFPQQPPF,10,0,0.4379212289951689,1178
sequence_extra_trees,2,GTFAIIQ,7,0,0.47071166305421586,604
sequence_extra_trees,2,WLGHGGRPDHE,11,1,0.3305063884175185,1314
sequence_extra_trees,2,YPIPF,5,0,0.4756020223138522,326
sequence_extra_trees,2,PQQQFPQQM,9,0,0.19083999857287653,984
sequence_extra_trees,2,QQPQHQFPQ,9,0,0.09048652620084816,1000
sequence_extra_trees,2,LGPLGHQ,7,1,0.5866100748521963,630
sequence_extra_trees,2,YTDAPSF,7,1,0.4848931974018436,701
sequence_extra_trees,2,PSITCVRAAF,10,0,0.5365299447774645,1170
sequence_extra_trees,2,YYAPFDGIL,9,1,0.4496927817974953,1065
sequence_extra_trees,2,AWQSLQSGW,9,0,0.3338268210831295,879
sequence_extra_trees,2,MIPAY,5,1,0.7209999880833496,169
sequence_extra_trees,2,PYFNK,5,0,0.3844789413491395,208
sequence_extra_trees,2,YVHPFHL,7,0,0.5231984558164389,702
sequence_extra_trees,2,ILELA,5,0,0.469628327083715,96
sequence_extra_trees,2,PTHGAW,6,1,0.6830546717766284,471
sequence_extra_trees,2,VLAQYK,6,1,0.5800303332770796,523
sequence_extra_trees,2,PHHADS,6,0,0.24338114716882983,463
sequence_extra_trees,2,MLVFAV,6,1,0.5976440439441855,448
sequence_extra_trees,2,LVAPAN,6,1,0.6088633879533597,443
sequence_extra_trees,2,LVYPFPGPIPNSLPQN,16,1,0.7456006696261857,1467
sequence_extra_trees,2,VKVLLEHPVL,10,0,0.7516535820810886,1212
sequence_extra_trees,2,QSWMHQPHQPLPPTVM,16,1,0.48625735842610074,1532
sequence_extra_trees,2,SFNLPILR,8,0,0.4893948915653985,813
sequence_extra_trees,2,AFPRS,5,1,0.5390398832561946,1
sequence_extra_trees,2,GPPGAP,6,1,0.6446870385719805,388
sequence_extra_trees,2,AGILKRW,7,0,0.41966877579596956,561
sequence_extra_trees,2,PTGPNNGLSY,10,0,0.42103113896130906,1171
sequence_extra_trees,2,AELQVVDHLGQTV,13,0,0.4560543800563728,1389
sequence_extra_trees,2,IEFPR,5,1,0.45146652342615745,84
sequence_extra_trees,2,PGVLPVA,7,1,0.7004961978344258,649
sequence_extra_trees,2,PQTQQPQQQ,9,0,0.18110174717102714,979
sequence_extra_trees,2,ACDCRGDCFCG,11,0,0.35393724626513573,1244
sequence_extra_trees,2,QFPQQPQQI,9,0,0.11452943571470914,966
sequence_extra_trees,2,YVEEL,5,0,0.5548161843755399,341
sequence_extra_trees,2,REPKW,5,0,0.5298826050237987,223
sequence_extra_trees,2,DPAQPNYPWTAVLVFRH,17,1,0.5086188308082148,1536
sequence_extra_trees,2,NEGLTW,6,0,0.3829146528593725,453
sequence_extra_trees,2,YSFGG,5,0,0.2889388219148936,339
sequence_extra_trees,2,KAQYPYV,7,1,0.7366471986646316,617
sequence_extra_trees,2,TLVGR,5,1,0.653384186892056,260
sequence_extra_trees,2,GEEFGAFTPK,10,0,0.5442563335177546,1110
sequence_extra_trees,2,PQPQLPFPQ,9,0,0.18683228576858912,976
sequence_extra_trees,2,QWDRQ,5,0,0.2664915766835062,221
sequence_extra_trees,2,LGPVRGPFP,9,1,0.7556823337768077,944
sequence_extra_trees,2,GAFGPGGLVGRP,12,1,0.6006887740271616,1332
sequence_extra_trees,2,RKWFHLW,7,0,0.16040928266292379,663
sequence_extra_trees,2,LKLLKKLLKKLLKLL,15,0,0.37249669964606286,1500
sequence_extra_trees,2,HLPLPLVQSW,10,1,0.6255977248872461,1125
sequence_extra_trees,2,PTHIKWGD,8,1,0.6265823500012672,656
sequence_extra_trees,2,SCQAQPTTMAR,11,0,0.6111206072049388,1300
sequence_extra_trees,2,MIFPGAGGPEL,11,1,0.6686729603209963,1288
sequence_extra_trees,2,RRQRRRRMRKDK,12,1,0.4008203015747381,1373
sequence_extra_trees,2,TYKEE,5,1,0.41247410500495535,265
sequence_extra_trees,2,GVQEGAGHYALL,12,1,0.5979147522953299,1338
sequence_extra_trees,2,LVYIIQGR,8,0,0.6423275397801866,777
sequence_extra_trees,2,PTHIKWD,7,1,0.6192933669753753,656
sequence_extra_trees,2,WGAPSL,6,0,0.558375144923101,542
sequence_extra_trees,2,SPFLQSAAFQLRN,13,0,0.4063632618258122,1432
sequence_extra_trees,2,TKCEVFRE,8,0,0.5367805649568608,821
sequence_extra_trees,2,INNQFLPYPYYAKPAAVR,18,1,0.5994318096497367,1563
sequence_extra_trees,2,DLDHYSF,7,0,0.38134782675249773,575
sequence_extra_trees,2,QGPPGPAGPA,10,0,0.5089475684370952,1175
sequence_extra_trees,2,GVHGV,5,1,0.6501170980208443,70
sequence_extra_trees,2,DRVYIHPFHL,10,1,0.48804081928815635,1090
sequence_extra_trees,2,IETWNPNNKP,10,0,0.6495869030048531,1127
sequence_extra_trees,2,HLPPPVHLPPPV,12,0,0.658929236315304,1341
sequence_extra_trees,2,LGPVRGPFPI,10,1,0.7391385568629574,944
sequence_extra_trees,2,DSGVT,5,0,0.43303932296131725,31
sequence_extra_trees,2,WKVIP,5,1,0.7379436698189799,307
sequence_extra_trees,2,LLEYS,5,0,0.41692481365531014,142
sequence_extra_trees,2,GSAGPAGPSGPRGP,14,1,0.4190157078978218,1452
sequence_extra_trees,2,KRDSY,5,0,0.2873617966043164,121
sequence_extra_trees,2,YIFHLMD,7,0,0.39770071755112274,697
sequence_extra_trees,2,KRLRRVWRRWR,11,0,0.24236491796682244,1277
sequence_extra_trees,2,VQKATY,6,1,0.5727256065844032,532
sequence_extra_trees,2,LADGVAAPA,9,1,0.6387796795272219,938
sequence_extra_trees,2,AGGFR,5,0,0.43442775712107967,2
sequence_extra_trees,2,AMKPW,5,1,0.6551141641887689,13
sequence_extra_trees,2,LQSGDALRVPSGTTYY,16,0,0.568499283087547,1524
sequence_extra_trees,2,IVGFPAYGH,9,1,0.6766618943552463,929
sequence_extra_trees,2,YPFSL,5,0,0.21710490560960455,323
sequence_extra_trees,2,RNDDLNYIQ,9,1,0.5191822907368056,1021
sequence_extra_trees,2,VDKEA,5,1,0.3618362045846808,271
sequence_extra_trees,2,PGPLGLTGP,9,1,0.5601291360848095,968
sequence_extra_trees,2,IFPFVEPI,8,0,0.33156595064800704,749
sequence_extra_trees,2,AFPAGAAHW,9,1,0.5864314948037365,869
sequence_extra_trees,2,TTMLIQDEDDLEMA,14,1,0.44500748609258717,1483
sequence_extra_trees,2,VVALALI,7,0,0.48528152473964875,693
sequence_extra_trees,2,GRGSVPAPGP,10,1,0.5527916368984155,1120
sequence_extra_trees,2,GSIFVPH,7,0,0.5280484958755706,603
sequence_extra_trees,2,QFPQQQIPV,9,0,0.361790882488018,990
sequence_extra_trees,2,IQKEDVPSER,10,1,0.5899066125526463,1132
sequence_extra_trees,2,YGFGG,5,0,0.2679300396234964,312
sequence_extra_trees,2,TVGMTAFK,8,1,0.6517610931036466,829
sequence_extra_trees,2,NVPGEIVE,8,1,0.7219530665112508,785
sequence_extra_trees,2,YVLSR,5,0,0.6481187698378948,342
sequence_extra_trees,2,ENGLPVHLDQSIFRR,15,1,0.5615821229182041,1491
sequence_extra_trees,2,VRPEK,5,1,0.6450710495050801,293
sequence_extra_trees,2,AVFPSIVGR,9,1,0.7318967894830806,878
sequence_extra_trees,2,GPDRPKFLGPF,11,1,0.47076795894396944,1261
sequence_extra_trees,2,AQQLAAQLPAMCR,13,1,0.5279018423070587,1391
sequence_extra_trees,2,PAVVRP,6,1,0.8320172417012945,19
sequence_extra_trees,2,HNAPNPGLPYAA,12,0,0.6107121696165416,1342
sequence_extra_trees,2,PQQQQPFPQ,9,0,0.08061029366604715,986
sequence_extra_trees,2,WSVPQPK,7,1,0.48304319837542964,507
sequence_extra_trees,2,NAPLPPPLKH,10,0,0.6306235225682836,1161
sequence_extra_trees,2,YIPIQYVL,8,1,0.6138967397433921,851
sequence_extra_trees,2,DDLPR,5,0,0.35754013137145313,25
sequence_extra_trees,2,APPTPPPLPP,10,0,0.5877098720025675,1073
sequence_extra_trees,2,SNAAC,5,0,0.5568614889044197,246
sequence_extra_trees,2,RKEVY,5,0,0.505953187896252,228
sequence_extra_trees,2,YGKHVAVHAR,10,1,0.6580887070164819,1230
sequence_extra_trees,2,MPFPKY,6,1,0.522479036267229,450
sequence_extra_trees,2,MITLAIPVNKPGR,13,0,0.6979571937218648,1422
sequence_extra_trees,2,PSGQYY,6,1,0.3727610448147037,468
sequence_extra_trees,2,EPDRY,5,0,0.24278366819323857,41
sequence_extra_trees,2,DLSDGEQGVL,10,0,0.3871098245819064,1086
sequence_extra_trees,2,QLLLQQ,6,1,0.32749464025461733,475
sequence_extra_trees,2,IEFEQ,5,1,0.43572546479534596,83
sequence_extra_trees,2,GPIGSVGAP,9,1,0.6278404272019059,910
sequence_extra_trees,2,YQEPVLGPVRGPF,13,1,0.7406664143772704,1426
sequence_extra_trees,2,HLPLPLL,7,1,0.6878541564915088,608
sequence_extra_trees,2,VDTFPA,6,0,0.32170648871562596,517
sequence_extra_trees,2,DHTKE,5,0,0.40296118218555693,29
sequence_extra_trees,2,VIQKYP,6,1,0.761805806581722,522
sequence_extra_trees,2,PTHIKWG,7,1,0.659428941891341,656
sequence_extra_trees,2,KDERF,5,1,0.24553970577919212,114
sequence_extra_trees,2,LIVGFPAYGH,10,1,0.6508500757673373,929
sequence_extra_trees,2,YQEPVLQPVR,10,1,0.7801783810239349,1237
sequence_extra_trees,2,TIIPLPV,7,1,0.6267666980740841,680
sequence_extra_trees,2,LEYSI,5,0,0.3746503473881069,131
sequence_extra_trees,2,LVYPFPGPIHNSLP,14,1,0.734929294666715,1467
sequence_extra_trees,2,HGPLGPL,7,0,0.503655430345691,606
sequence_extra_trees,2,YGKPVAVPAR,10,1,0.7341231893599991,1231
sequence_extra_trees,2,VLPEI,5,1,0.6590043184961611,284
sequence_extra_trees,2,LQALHQGQIV,10,0,0.4989703964553353,1150
sequence_extra_trees,2,VNRNFLRF,8,0,0.16794940587439608,689
sequence_extra_trees,2,IILHQQQKQQQQ,12,0,0.3988577866539307,1348
sequence_extra_trees,2,PQGPIGVP,8,0,0.6660450252137144,795
sequence_extra_trees,2,RMLGQTPWK,9,1,0.6673126624112569,1019
sequence_extra_trees,2,PKIDAMREKVLA,12,1,0.5898562006704905,1364
sequence_extra_trees,2,QQPQQQFPQ,9,0,0.07268004679633439,1000
sequence_extra_trees,2,MTPPLP,6,0,0.740389127252574,451
sequence_extra_trees,2,YSEEQQPSTR,10,0,0.3624741009391508,1240
sequence_extra_trees,2,GALAAH,6,0,0.6776802692713886,382
sequence_extra_trees,2,YLAGKPQQEH,10,0,0.4965209064126305,1234
sequence_extra_trees,2,KHIQKEDVPSER,12,1,0.600176592311744,1132
sequence_extra_trees,2,YIQKEDVPSER,11,0,0.6035352920377077,1132
sequence_extra_trees,2,LTFPGSAED,9,0,0.5766543189372979,952
sequence_extra_trees,2,LLMLDNDLPP,10,1,0.6430907636743056,1143
sequence_extra_trees,2,DLDLRKDLYAN,11,1,0.5028420858174096,1248
sequence_extra_trees,2,WGHGNPHV,8,1,0.5312346450028912,847
sequence_extra_trees,2,LCNGS,5,1,0.4096681286281564,127
sequence_extra_trees,2,DLRPDNAKA,9,1,0.3402122699533159,884
sequence_extra_trees,2,FQQPVVGPA,9,1,0.4798159226053615,899
sequence_extra_trees,2,IHETT,5,1,0.6704375830199202,91
sequence_extra_trees,2,VPLGTQYTDAPSFSDIP,17,0,0.5492581182722452,1554
sequence_extra_trees,2,HVVNFTPRL,9,0,0.4790275891376804,921
sequence_extra_trees,2,HNLDTQTESDV,11,0,0.4065538353680751,1266
sequence_extra_trees,2,EPKAIP,6,1,0.7982647614863637,195
sequence_extra_trees,2,KKFALKLFWWK,11,0,0.26104731631108113,1275
sequence_extra_trees,2,QPPPAPGPGT,10,0,0.44217453614855373,1180
sequence_extra_trees,2,LNPGAGLPRGPNGADTF,17,1,0.487753969280024,1543
sequence_extra_trees,2,LYQQP,5,1,0.4264771989384931,161
sequence_extra_trees,2,VENLHLPLPL,10,1,0.6235351197343971,1206
sequence_extra_trees,2,PQPQQQLPL,9,0,0.15807202394983258,981
sequence_extra_trees,2,PYPQQPQQQ,9,0,0.1751420465987904,979
sequence_extra_trees,2,LGAVPPRY,8,1,0.6151042488462136,766
sequence_extra_trees,2,YPWSL,5,0,0.26509584414198684,335
sequence_extra_trees,2,LQYIR,5,1,0.42370091473191507,154
sequence_extra_trees,2,PTHVAW,6,1,0.7040536124246749,471
sequence_extra_trees,2,PKAIP,5,1,0.7675621615760542,195
sequence_extra_trees,2,YQEPVLGPVRG,11,1,0.7591645622792244,1237
sequence_extra_trees,2,DIKQME,6,1,0.3286237353794375,356
sequence_extra_trees,2,LNVPGEIVE,9,1,0.7370081644613511,785
sequence_extra_trees,2,PPAYPPPPVP,10,0,0.7257652568080077,1166
sequence_extra_trees,2,YQQKPVAL,8,1,0.6054920732122077,860
sequence_extra_trees,2,TVFDGELR,8,0,0.4218383768492675,828
sequence_extra_trees,2,QVPQPIP,7,1,0.6453799816994326,661
sequence_extra_trees,2,TDQHQDKIYP,10,1,0.7484527913139758,1196
sequence_extra_trees,2,ILGKIWKGLVSDF,13,0,0.25378188288829284,1412
sequence_extra_trees,2,APSLRLRF,8,0,0.33642024790309477,711
sequence_extra_trees,2,LLEYSI,6,0,0.37028571359019763,131
sequence_extra_trees,2,VIPAGYP,7,0,0.679459076903358,686
sequence_extra_trees,2,PFPQQPQQI,9,0,0.12186277523017708,966
sequence_extra_trees,2,SPPFAPRL,8,0,0.4993866637854331,814
sequence_extra_trees,2,LAPSLPGKPKPD,12,1,0.6379616930612264,1353
sequence_extra_trees,2,NQNGRFY,7,0,0.2433062310035852,646
sequence_extra_trees,2,IVEYF,5,1,0.5409663432944968,108
sequence_extra_trees,2,MDFLI,5,1,0.29750553065756774,163
sequence_extra_trees,2,RVQVVNNNGK,10,0,0.46566237310222536,1187
sequence_extra_trees,2,RPKHPIKHQ,9,1,0.6164874622206169,1022
sequence_extra_trees,2,KNILQPSSVDSQ,12,0,0.3501370069386832,1352
sequence_extra_trees,2,VVYPWT,6,1,0.54285261085964,537
sequence_extra_trees,2,ASGPINFT,8,1,0.5078639362383488,712
sequence_extra_trees,2,MQIFVKTLTG,10,0,0.40883347272429815,1159
sequence_extra_trees,2,TVYTKGRVMP,10,1,0.799135559712634,1205
sequence_extra_trees,2,KLLKLLKKELKLLK,14,0,0.3054802857731922,1456
sequence_extra_trees,2,LMRWMR,6,0,0.36806833961797947,433
sequence_extra_trees,2,NMEKGSSSVVSSRMKQ,16,0,0.4140045811203088,1526
sequence_extra_trees,2,EAAVYPL,7,0,0.698001699976692,579
sequence_extra_trees,2,FFAPGRNPTSFS,12,0,0.5149671078032427,1327
sequence_extra_trees,2,TKAVEH,6,0,0.6328082382547437,510
sequence_extra_trees,2,REKVLASS,8,1,0.5229657138175721,806
sequence_extra_trees,2,PIPQQPQPY,9,0,0.15685406537687296,970
sequence_extra_trees,2,VLDTDYK,7,1,0.3460055499963257,688
sequence_extra_trees,2,KYPVEPFTESQSLTL,15,1,0.5656567690124972,1499
sequence_extra_trees,2,YLMSR,5,0,0.4191631563303975,319
sequence_extra_trees,2,YGNPVGGVGH,10,1,0.7175923089598233,1232
sequence_extra_trees,2,VCYNQ,5,1,0.5605495664521135,270
sequence_extra_trees,2,LTPVPGSPF,9,1,0.6686644824274451,953
sequence_extra_trees,2,MWHNAH,6,1,0.43084663902660486,452
sequence_extra_trees,2,CVPEVDPLLLRAE,13,0,0.5660472891865361,1393
sequence_extra_trees,2,VPYPQ,5,0,0.5057575981157385,290
sequence_extra_trees,2,FMPGVPGPIQR,11,1,0.725020326296904,1257
sequence_extra_trees,2,TERGY,5,0,0.4485612036080683,254
sequence_extra_trees,2,ADDFYYQ,7,1,0.4823958121221712,559
sequence_extra_trees,2,VPPFIQPE,8,0,0.49352296380891353,841
sequence_extra_trees,2,VLVLDTDYK,9,1,0.37169655157720727,1041
sequence_extra_trees,2,AVVRP,5,1,0.7392358947513787,19
sequence_extra_trees,2,LENLHLPLP,9,1,0.8496893546830147,942
sequence_extra_trees,2,GRVSNCAA,8,1,0.5552641772116729,744
sequence_extra_trees,2,GFGPEL,6,0,0.4866768971676842,383
sequence_extra_trees,2,KYPVQPFTESQSLTL,15,1,0.5571846100228675,1499
sequence_extra_trees,2,SAYPGQITSN,10,1,0.5639792656377604,1188
sequence_extra_trees,2,ALKAWSVAR,9,1,0.6093576840361908,872
sequence_extra_trees,2,VYLPR,5,0,0.5249742525104755,302
sequence_extra_trees,2,SCQDQPTTLAR,11,0,0.5813094664752929,1300
sequence_extra_trees,2,SVPLFNFSVYLA,12,0,0.5146503167264336,1375
sequence_extra_trees,2,FNVVLK,6,0,0.5841609965379708,378
sequence_extra_trees,2,RRIKFN,6,1,0.32489115770211646,492
sequence_extra_trees,2,VNVDDPSKA,9,0,0.4144968783288781,1043
sequence_extra_trees,2,HTHLQRAPHPNALGYHGK,18,0,0.5293140190344804,1562
sequence_extra_trees,2,RRWFWRRRRWFWRR,14,0,0.1941454074782294,1478
sequence_extra_trees,2,YPASL,5,0,0.44182148072033295,320
sequence_extra_trees,2,PTHIKWN,7,1,0.5530910916288879,656
sequence_extra_trees,2,AVKQPAVVYP,10,1,0.8026186893078432,1081
sequence_extra_trees,2,LKYAT,5,1,0.7044149142976199,141
sequence_extra_trees,2,LHLPLPLL,8,1,0.7839371459883416,608
sequence_extra_trees,2,LVYPFPGPIPNSLP,14,1,0.7805942584124312,1467
sequence_extra_trees,2,QQTYPQRPQ,9,0,0.2013260613499395,1009
sequence_extra_trees,2,LVYPFPGPI,9,1,0.7255817215589289,778
sequence_extra_trees,2,AMPKPW,6,1,0.639724025724547,13
sequence_extra_trees,2,GEEFDAFTPK,10,0,0.5012471455333639,1110
sequence_extra_trees,2,SVDSQTAF,8,0,0.4849073825791994,816
sequence_extra_trees,2,APALRLRF,8,0,0.34356355997162225,711
sequence_extra_trees,2,HLFGPPGKKDPV,12,1,0.48960970337771753,1340
sequence_extra_trees,2,LHREN,5,1,0.44248818810711166,134
sequence_extra_trees,2,FQKVVA,6,1,0.4690162706348077,380
sequence_extra_trees,2,GETGPAGPAGAAGPAGPR,18,1,0.6009540880460151,1560
sequence_extra_trees,2,AEPIPY,6,0,0.49701161362306306,42
sequence_extra_trees,2,PFPQQPQQQ,9,0,0.11339749346024386,966
sequence_extra_trees,2,NGLEGLK,7,0,0.4821111617856183,642
sequence_extra_trees,2,PHSCN,5,0,0.3422185647326728,194
sequence_extra_trees,2,EPIPY,5,0,0.5204421403170231,42
sequence_extra_trees,2,ACSNHSPLGWRGH,13,0,0.50488122704972,1388
sequence_extra_trees,2,KLLKLLKKLLKELK,14,0,0.37890070172587187,1456
sequence_extra_trees,2,AITAKL,6,1,0.5255424930439934,350
sequence_extra_trees,2,ASGLCPEEAVPRR,13,1,0.634005428243354,1392
sequence_extra_trees,2,VHLKP,5,0,0.7612088554504283,278
sequence_extra_trees,2,SKWDNFRGSW,10,0,0.35173567356844715,1191
sequence_extra_trees,2,FISAIASFLGKFL,13,0,0.377555901396554,1398
sequence_extra_trees,2,SVPQPK,6,1,0.49646041059701046,507
sequence_extra_trees,2,KEDDEEEEQGEEE,13,1,0.4008519415712829,1414
sequence_extra_trees,2,VLGPVRGPFP,10,1,0.8131179527761367,944
sequence_extra_trees,2,EPIPYGFLP,9,1,0.7187113850440361,891
sequence_extra_trees,2,DVENLHLPLPL,11,1,0.5985787427197438,1206
sequence_extra_trees,2,KELPPSDADW,10,1,0.47346614924263647,1138
sequence_extra_trees,2,APGPAGARGN,10,0,0.5401698185374691,1072
sequence_extra_trees,2,LPGRPPIKPWPL,12,1,0.5849755929120987,1356
sequence_extra_trees,2,VDSDVVKG,8,1,0.5193469457570892,834
sequence_extra_trees,2,GNPIPREPGQVPAY,14,1,0.7078060264860868,1450
sequence_extra_trees,2,PFPQQPQQT,9,0,0.13370654797760317,966
sequence_extra_trees,2,EWPRPQIPP,9,1,0.6858930007362602,892
sequence_extra_trees,2,KLTPQMA,7,0,0.5750424708067287,621
sequence_extra_trees,2,FGGIDDINQIGQSD,14,1,0.4907517254433169,1443
sequence_extra_trees,2,RGDSPA,6,0,0.3127877902355809,484
sequence_extra_trees,2,PVGLVQPASATLYDY,15,1,0.5110417361411759,1506
sequence_extra_trees,2,PFFDPQIP,8,1,0.6287912752560135,789
sequence_extra_trees,2,SYPYY,5,0,0.31528489404332893,250
sequence_extra_trees,2,QVSLNSGYY,9,1,0.4450998858501217,1013
sequence_extra_trees,2,MLPLMLPFTMGY,12,1,0.4889636816855727,1361
sequence_extra_trees,2,LELPLK,6,0,0.6908697460367474,427
sequence_extra_trees,2,AVVYPWT,7,0,0.5100607214152402,537
sequence_extra_trees,2,PQPQQPQQQ,9,0,0.1111584290381451,979
sequence_extra_trees,2,NMGPLLPQ,8,0,0.5506766144426891,782
sequence_extra_trees,2,RIVPA,5,0,0.6686753952248385,227
sequence_extra_trees,2,RIGKMVSFPRI,11,0,0.549107193910759,1298
sequence_extra_trees,2,KHLPLP,6,1,0.7838073932162382,78
sequence_extra_trees,2,RGGRLCYCRRRFCVCVGR,18,0,0.40724770695289403,1570
sequence_extra_trees,2,GLPGSRGERGLPG,13,1,0.4691067429486391,1406
sequence_extra_trees,2,PFPQQQQPL,9,0,0.10723464679224248,967
sequence_extra_trees,2,VTRGD,5,0,0.40279526976328534,297
sequence_extra_trees,2,FVNPEAGS,8,1,0.5128761358936861,736
sequence_extra_trees,2,KWLRRVWRWWR,11,0,0.17410059097839917,1277
sequence_extra_trees,2,FSDKIAKYIPIQ,12,1,0.5646499950138465,1330
sequence_extra_trees,2,FFNPVH,6,0,0.6542226609949597,374
sequence_extra_trees,2,ATWLPPR,7,0,0.5543406673159377,567
sequence_extra_trees,2,YQEPVLGPVRGPFPI,15,1,0.6818550492224962,1426
sequence_extra_trees,2,PQPQQPYPQ,9,0,0.10384232522245142,980
sequence_extra_trees,2,LQFCCY,6,1,0.43320800962230016,439
sequence_extra_trees,2,PGPIPN,6,1,0.6467306624197494,462
sequence_extra_trees,2,VVPPFIQPE,9,1,0.5503543890116249,841
sequence_extra_trees,2,GFWKPGSG,8,1,0.441231939601753,739
sequence_extra_trees,2,PQPTQQFPQ,9,0,0.1478392677124614,982
sequence_extra_trees,2,HLPLP,5,1,0.767843558524108,78
sequence_extra_trees,2,KIKAVLKVLTT,11,0,0.482047031243358,1274
sequence_extra_trees,2,IPPGVPYWT,9,1,0.6035429261737003,925
sequence_extra_trees,2,VSHNNFLRF,9,0,0.1947762047624651,1046
sequence_extra_trees,2,PLPPHMLP,8,0,0.7204014943043692,792
sequence_extra_trees,3,VIGSPPQIN,9,1,0.5998784127967189,1039
sequence_extra_trees,3,PFNQLAG,7,0,0.4536818449555255,647
sequence_extra_trees,3,GAAELPCSADWW,12,1,0.49469998219714334,1331
sequence_extra_trees,3,PFPQPQQPI,9,0,0.09819008637432158,961
sequence_extra_trees,3,NFLRF,5,0,0.11898251354341353,178
sequence_extra_trees,3,MYVVELMMSF,10,0,0.4881189546193045,1160
sequence_extra_trees,3,MNVKHWPWMK,10,1,0.5468013312110965,1157
sequence_extra_trees,3,FRVPTPN,7,1,0.5996879860072972,591
sequence_extra_trees,3,GRLVFQ,6,0,0.6187116014459463,389
sequence_extra_trees,3,WSVWEQELEDR,11,0,0.33410503241345135,1316
sequence_extra_trees,3,EQLSTSEENSK,11,0,0.5039359318911236,1253
sequence_extra_trees,3,FFECSG,6,1,0.42813959776941873,373
sequence_extra_trees,3,SDWDRF,6,0,0.2155978084325362,497
sequence_extra_trees,3,VVGAK,5,1,0.7114902906614452,298
sequence_extra_trees,3,AQIPQQ,6,0,0.45861960003704555,352
sequence_extra_trees,3,YVVFK,5,1,0.5017573458800988,344
sequence_extra_trees,3,VPLSPT,6,0,0.40642015332676806,529
sequence_extra_trees,3,GAWYY,5,0,0.5433712109008141,59
sequence_extra_trees,3,YQQND,5,0,0.39645919480650155,337
sequence_extra_trees,3,KIHPFAQTQSLVYP,14,1,0.853544009997016,1343
sequence_extra_trees,3,NGPLQAGQPGER,12,0,0.5408188534245792,1362
sequence_extra_trees,3,QRPQQPFPQ,9,0,0.12981883846614256,1010
sequence_extra_trees,3,WDDMEK,6,0,0.35115169515354994,540
sequence_extra_trees,3,ISCDKF,6,0,0.3888135090807405,407
sequence_extra_trees,3,GLFDIVKGIKSLF,13,0,0.357709388154132,1402
sequence_extra_trees,3,KENPVLSLVNGMF,13,1,0.6202455553526907,1415
sequence_extra_trees,3,RDMPIQAF,8,1,0.481391367811592,805
sequence_extra_trees,3,MIKLRSTAKN,10,0,0.4595129461605041,1156
sequence_extra_trees,3,VTPALR,6,1,0.3978322709370158,535
sequence_extra_trees,3,MHQPPQPL,8,0,0.33842752135811355,781
sequence_extra_trees,3,YPLSL,5,0,0.297320808131544,330
sequence_extra_trees,3,VHHANEN,7,0,0.5464564294326578,685
sequence_extra_trees,3,AIRQGDVF,8,0,0.35835755592660085,710
sequence_extra_trees,3,IHPFAQTQSLVYP,13,1,0.8694604063044276,1343
sequence_extra_trees,3,GEHGGAGMGGGQFQPV,16,1,0.5815604715135242,1519
sequence_extra_trees,3,PFPQPQEPI,9,0,0.2600340237418795,961
sequence_extra_trees,3,IVGGFPHYL,9,0,0.7628868178237019,930
sequence_extra_trees,3,GHKIATFQQR,10,1,0.4684092844805158,1111
sequence_extra_trees,3,LAYFYPEL,8,1,0.6053066362839349,765
sequence_extra_trees,3,KVREEY,6,1,0.5966631581746292,417
sequence_extra_trees,3,IIFGVIKALSG,11,0,0.4080554563941414,1270
sequence_extra_trees,3,FACAAWQWRMKKLGA,15,0,0.2742238443000471,1492
sequence_extra_trees,3,MIFPGGPQL,9,1,0.6135215296876726,956
sequence_extra_trees,3,LYEGY,5,0,0.6155832785285801,159
sequence_extra_trees,3,QVQWPQQQPFPQPQQPF,17,0,0.20995107488201717,1551
sequence_extra_trees,3,LDNFR,5,0,0.40147842831716835,130
sequence_extra_trees,3,YYAKPAAVR,9,1,0.6487890200637634,1064
sequence_extra_trees,3,PLHDATRDLVRRRRRRRR,18,0,0.4503182797130977,1568
sequence_extra_trees,3,TTMPLW,6,1,0.5286093669557537,515
sequence_extra_trees,3,YCNGKRVCVCRG,12,0,0.405358924653141,1084
sequence_extra_trees,3,HPFAQTQSLVYP,12,1,0.8535054843721827,1343
sequence_extra_trees,3,IYPFPGPIH,9,0,0.6425128697226419,932
sequence_extra_trees,3,RPQIPP,6,1,0.6475022961619982,490
sequence_extra_trees,3,QETTGVEGPKGDT,13,0,0.5339381077531715,1427
sequence_extra_trees,3,TPEVDDEALEK,11,0,0.3734425368559677,1201
sequence_extra_trees,3,VVVVPH,6,0,0.5265194755513309,536
sequence_extra_trees,3,GLFDAIGNLLGGLGLG,16,0,0.39479312706425135,1520
sequence_extra_trees,3,FNVPLYEFSY,10,1,0.5137622091294775,1107
sequence_extra_trees,3,NGMTY,5,0,0.493727316149783,180
sequence_extra_trees,3,PVVVPPFLQ,9,1,0.6538272558217706,988
sequence_extra_trees,3,PYPQQPYPS,9,0,0.21707472753401663,989
sequence_extra_trees,3,HIAGKSSIFRA,11,0,0.37276884393357607,1265
sequence_extra_trees,3,WGLETAGSVVLLDLQ,15,0,0.3356657699925407,1512
sequence_extra_trees,3,PSHDAHPE,8,0,0.33287193138651355,796
sequence_extra_trees,3,LQDKIHP,7,1,0.6970823008931022,634
sequence_extra_trees,3,GHKIATFQER,10,1,0.5768399152455521,1111
sequence_extra_trees,3,GLFDIVKKVVGTIAGL,16,0,0.44880029334022903,1521
sequence_extra_trees,3,VSPHLP,6,0,0.6182139760127715,534
sequence_extra_trees,3,GLFDVIKKVASVIGGLG,17,1,0.43692684732009,1539
sequence_extra_trees,3,VHLAP,5,1,0.5928072719795745,277
sequence_extra_trees,3,YQEVLGPVRGPFPIIV,16,1,0.8580777843803095,1437
sequence_extra_trees,3,PHAHF,5,0,0.37949399175869347,192
sequence_extra_trees,3,KEEKFE,6,0,0.4794487620232487,412
sequence_extra_trees,3,TGGGNV,6,1,0.6089342264843577,509
sequence_extra_trees,3,GVPLT,5,0,0.5817645925512333,71
sequence_extra_trees,3,FLGWLFKVASK,11,0,0.40158050358045455,1256
sequence_extra_trees,3,KTCENLADTY,10,0,0.44987279859076407,1140
sequence_extra_trees,3,LHLPLR,6,1,0.605205864031214,429
sequence_extra_trees,3,SSIQSQPQAFT,11,1,0.3680609986390824,1189
sequence_extra_trees,3,WYSLAM,6,1,0.44701278652607634,546
sequence_extra_trees,3,PFPQPQQTF,9,0,0.1514644824359989,964
sequence_extra_trees,3,GNFLRF,6,0,0.13888163027655748,178
sequence_extra_trees,3,EPQPLIYP,8,1,0.8410364044532155,654
sequence_extra_trees,3,ITDFQILE,8,0,0.3288998804969589,753
sequence_extra_trees,3,QQPFPQRPQ,9,0,0.12206550076573762,997
sequence_extra_trees,3,NPAVVRP,7,1,0.7805480728587285,645
sequence_extra_trees,3,HISPFSPRL,9,0,0.46198093646264526,919
sequence_extra_trees,3,GYGGVSLPEWVCTTF,15,0,0.6565967936169453,1494
sequence_extra_trees,3,EQRPR,5,0,0.41021863609044124,44
sequence_extra_trees,3,GVNGEEGVPG,10,1,0.7472794447219212,1122
sequence_extra_trees,3,MPPPLPTRVDFSLAGALN,18,0,0.5111584264021646,1566
sequence_extra_trees,3,GLLGMVGSLLGGLGLG,16,0,0.4168637869426252,1522
sequence_extra_trees,3,TEFHLL,6,0,0.40340937856584425,508
sequence_extra_trees,3,YHIEPV,6,0,0.6035109448542534,551
sequence_extra_trees,3,LHPGDAQR,8,1,0.5360158045274863,767
sequence_extra_trees,3,ENFIRF,6,0,0.4042589744249105,367
sequence_extra_trees,3,FLGALFKWASK,11,0,0.36645160406567423,1256
sequence_extra_trees,3,TPEVDDEALKE,11,1,0.3918244850469793,1201
sequence_extra_trees,3,GGNYVGVP,8,0,0.6103221183713841,740
sequence_extra_trees,3,PPHMGGP,7,1,0.4781137954083662,652
sequence_extra_trees,3,PAGNFLMNGLMHR,13,1,0.5846063722061814,1425
sequence_extra_trees,3,VLGPVRGPFPIIV,13,1,0.853014639689427,1437
sequence_extra_trees,3,QKEFLLAGNNK,11,0,0.4561518399884118,1297
sequence_extra_trees,3,HTVQCMFQ,8,0,0.3678343356276805,746
sequence_extra_trees,3,VPPFLQPEV,9,1,0.5694596610860614,1044
sequence_extra_trees,3,LHSMK,5,0,0.5028968873103961,135
sequence_extra_trees,3,FVAPFP,6,1,0.6680158475641137,268
sequence_extra_trees,3,QLPFPQQPQ,9,0,0.1067086349347768,993
sequence_extra_trees,3,REWFTFLK,8,1,0.3462857725539916,808
sequence_extra_trees,3,NYDKNFLRF,9,0,0.18058908287628053,960
sequence_extra_trees,3,ARYLPT,6,0,0.424470338788858,238
sequence_extra_trees,3,RNFLRF,6,0,0.10520467125930535,178
sequence_extra_trees,3,IVGRRRHQG,9,1,0.6862386819887932,931
sequence_extra_trees,3,LIYPFVEPI,9,0,0.4194988646484037,779
sequence_extra_trees,3,VHSSIQSQPQAFT,13,1,0.4602500327785743,1344
sequence_extra_trees,3,QLLKLK,6,1,0.31359690785970495,474
sequence_extra_trees,3,YPFPG,5,0,0.4284718484404433,322
sequence_extra_trees,3,PLPLL,5,1,0.5288949011645709,197
sequence_extra_trees,3,AWPQYL,6,0,0.49198332211902435,354
sequence_extra_trees,3,MVGSAPGVL,9,1,0.6229336893904448,957
sequence_extra_trees,3,VEKIGGASSRGE,12,0,0.5407291199107411,1376
sequence_extra_trees,3,IQWCA,5,1,0.4009168165091785,105
sequence_extra_trees,3,GSAGY,5,1,0.3660297257352452,68
sequence_extra_trees,3,YLGYLE,6,1,0.24511224045843927,555
sequence_extra_trees,3,INDPF,5,1,0.40323016989816723,97
sequence_extra_trees,3,RLSGQTIEVTSEYLFRH,17,1,0.4386854003116001,1552
sequence_extra_trees,3,ILLPGAQDGL,10,1,0.46891350140090077,1129
sequence_extra_trees,3,NIPPLTQTPVVVPPFIQ,17,1,0.6927443283993778,1546
sequence_extra_trees,3,DETRL,5,0,0.4715931762061308,27
sequence_extra_trees,3,DYLRSC,6,1,0.4171608647996611,362
sequence_extra_trees,3,AGWNIP,6,0,0.5537356921015207,3
sequence_extra_trees,3,DAYPSGA,7,1,0.5634299286956547,572
sequence_extra_trees,3,LFDKPVSPL,9,1,0.5083954790885761,731
sequence_extra_trees,3,SGGSYADELVSTAK,14,1,0.41151295109855796,1480
sequence_extra_trees,3,VTSTGPVGH,9,1,0.7348318172547953,1047
sequence_extra_trees,3,IHVTET,6,1,0.5686981550401745,403
sequence_extra_trees,3,GPEGPAGAR,9,1,0.6681331119441508,909
sequence_extra_trees,3,PQPFPQQPI,9,0,0.08779537957474848,974
sequence_extra_trees,3,LSERRMLLRKEKQAQ,15,1,0.5132260258963455,1502
sequence_extra_trees,3,PTPVP,5,1,0.5792438215951753,205
sequence_extra_trees,3,TATGLLE,7,0,0.3245641553114642,678
sequence_extra_trees,3,IQQGN,5,0,0.4382357069264669,103
sequence_extra_trees,3,EGPKLVAS,8,1,0.718409318965944,726
sequence_extra_trees,3,GLFDIIKKIAESIG,14,0,0.3217734085062757,1448
sequence_extra_trees,3,WVAPLK,6,0,0.5839679106420687,544
sequence_extra_trees,3,IPAQK,5,1,0.6204927178593139,101
sequence_extra_trees,3,KKYKVPQ,7,1,0.6457109469568124,620
sequence_extra_trees,3,VTRGDSPA,8,0,0.3345942521125263,844
sequence_extra_trees,3,FLDALLKTVDCN,12,0,0.2678222162535186,1329
sequence_extra_trees,3,DDQIHIF,7,1,0.5556123894551281,573
sequence_extra_trees,3,IGYNQ,5,1,0.5743404075461012,90
sequence_extra_trees,3,QITEGEDGGG,10,0,0.44795652323795515,1176
sequence_extra_trees,3,CSQAPLA,7,0,0.5214034428916506,570
sequence_extra_trees,3,LAGKPQQEHSGEHQ,14,1,0.562888539752915,1459
sequence_extra_trees,3,DKPTL,5,0,0.6432564053971969,30
sequence_extra_trees,3,FTESQS,6,1,0.41330544650900125,381
sequence_extra_trees,3,LPQNIPPL,8,1,0.48856052004726513,773
sequence_extra_trees,3,MPPPLP,6,1,0.3828126506050081,174
sequence_extra_trees,3,TVTNPARIA,9,1,0.5681495327077674,1036
sequence_extra_trees,3,QLDAYPSGAWYYVP,14,1,0.5564245465593791,1471
sequence_extra_trees,3,TAGTGGGQFQPMR,13,0,0.640410284996359,1433
sequence_extra_trees,3,LPLPL,5,0,0.4665727058678359,146
sequence_extra_trees,3,PVDENDEG,8,0,0.42865600619213956,798
sequence_extra_trees,3,NYKQM,5,0,0.6648724286011956,187
sequence_extra_trees,3,APRANVAWCT,10,0,0.24374591708117205,1074
sequence_extra_trees,3,QQLPQFEEIRNL,12,0,0.43039923263295576,1369
sequence_extra_trees,3,RYLPT,5,0,0.41143503604257053,238
sequence_extra_trees,3,VGPAGRPG,8,1,0.6295327995932593,837
sequence_extra_trees,3,SDRNFLRF,8,0,0.14542815610619902,811
sequence_extra_trees,3,LLAPPER,7,0,0.510912865201565,631
sequence_extra_trees,3,GIPGERGPVGPSG,13,1,0.6512175507239718,1401
sequence_extra_trees,3,IVGRPRHQG,9,1,0.742133502154599,931
sequence_extra_trees,3,VLPIPQ,6,1,0.5286139042130735,285
sequence_extra_trees,3,VLPIP,5,1,0.7175143047459,285
sequence_extra_trees,3,IEAEGE,6,0,0.5305693398290621,400
sequence_extra_trees,3,QQPFPQQPI,9,0,0.08802626196452021,974
sequence_extra_trees,3,ASPKPSSA,8,0,0.5537249964026149,714
sequence_extra_trees,3,NVPGEIVESL,10,1,0.745037452645841,1165
sequence_extra_trees,3,GLLALLGELAEHLGSKI,17,0,0.2840537603685443,1540
sequence_extra_trees,3,LHLPLPL,7,1,0.5691277105900694,429
sequence_extra_trees,3,WQARMKKAGA,10,0,0.2992088129484557,1220
sequence_extra_trees,3,VIGSPPEIN,9,1,0.6332129593347045,1039
sequence_extra_trees,3,LEIVPK,6,1,0.5888155530218916,426
sequence_extra_trees,3,LVNDLVTPVFDNL,13,1,0.4110107242047985,1421
sequence_extra_trees,3,LAPPG,5,1,0.6623284316487746,126
sequence_extra_trees,3,ASPAPAGLSY,10,0,0.5409239161546511,1080
sequence_extra_trees,3,AYIASKGL,8,1,0.6214096414357816,717
sequence_extra_trees,3,DHGNMLYF,8,0,0.5091270416363757,721
sequence_extra_trees,3,GLFDIVKKLVSDF,13,0,0.3681518373226937,1403
sequence_extra_trees,3,GVQVETISPGDGRTFPK,17,0,0.5884598458068828,1541
sequence_extra_trees,3,PQQQIPQPQ,9,0,0.08483918853027815,985
sequence_extra_trees,3,IPPLTQ,6,1,0.5121830310126312,406
sequence_extra_trees,3,QSLTL,5,1,0.3922748424336742,219
sequence_extra_trees,3,ETSGMKPTEL,10,1,0.47816927205538706,1098
sequence_extra_trees,3,LLPSY,5,1,0.4431323705299701,144
sequence_extra_trees,3,NIFYCP,6,1,0.6427472873192059,455
sequence_extra_trees,3,VLYEE,5,0,0.7079369986278422,287
sequence_extra_trees,3,PVLKD,5,1,0.5469310768546052,206
sequence_extra_trees,3,GPSMR,5,1,0.4185868112239305,66
sequence_extra_trees,3,KVLPVPQ,7,1,0.7507455749577068,623
sequence_extra_trees,3,FCLYELAR,8,1,0.5863934928345997,730
sequence_extra_trees,3,QQQQFPQPQ,9,0,0.05509390229125806,1004
sequence_extra_trees,3,LQPHQ,5,1,0.4100776309564968,153
sequence_extra_trees,3,WMLPSYSPY,9,0,0.3805430470754019,1052
sequence_extra_trees,3,EVLIQ,5,1,0.4259655735508113,45
sequence_extra_trees,3,WIHNENQGF,9,0,0.4707417439507834,1051
sequence_extra_trees,3,KDVPP,5,1,0.7202355803748368,117
sequence_extra_trees,3,IEKPP,5,1,0.6763434554572573,85
sequence_extra_trees,3,RWAEK,5,1,0.26489072852569223,236
sequence_extra_trees,3,NPPSV,5,1,0.4565616621220174,184
sequence_extra_trees,3,VRRFPWWWPFLRR,13,0,0.42368703506371197,1439
sequence_extra_trees,3,AGWNI,5,0,0.4038926942818774,3
sequence_extra_trees,3,LPVPQ,5,0,0.6479053467444801,150
sequence_extra_trees,3,PSNPP,5,1,0.5130378386991464,203
sequence_extra_trees,3,LEDALDGERDT,11,0,0.39690507624163707,1279
sequence_extra_trees,3,MLPAY,5,1,0.7298982125645738,170
sequence_extra_trees,3,LLLAHLL,7,1,0.384907603502217,632
sequence_extra_trees,3,LTFPG,5,1,0.4669727559930075,156
sequence_extra_trees,3,GIPLPLI,7,1,0.5665810594486939,595
sequence_extra_trees,3,IASGEPTSTPTTEA,14,1,0.7676518588454493,1454
sequence_extra_trees,3,PFPQPQQQF,9,0,0.10013555046176315,964
sequence_extra_trees,3,GVGAGY,6,1,0.6314894135546958,390
sequence_extra_trees,3,KVHSSIQSQPQAFT,14,1,0.47875549683886764,1344
sequence_extra_trees,3,YPQRDMPIQ,9,1,0.5345390588513547,1062
sequence_extra_trees,3,PNNKPFQ,7,1,0.45412481275889605,651
sequence_extra_trees,3,PMDYMVT,7,0,0.3729033646801409,650
sequence_extra_trees,3,PQPLIYP,7,1,0.8299603004541303,654
sequence_extra_trees,3,QPQPLIYP,8,1,0.755484846441473,654
sequence_extra_trees,3,PSVQDAAAQISADVKK,16,0,0.5647407668948674,1531
sequence_extra_trees,3,PKNYP,5,0,0.641975823320782,196
sequence_extra_trees,3,LHLPLL,6,1,0.7045499213209234,429
sequence_extra_trees,3,QQPQQPLPR,9,0,0.1568166563799756,1001
sequence_extra_trees,3,LVYPFPGPIH,10,1,0.7744126303408635,1154
sequence_extra_trees,3,RVAPEEHPT,9,1,0.5215196940377237,1023
sequence_extra_trees,3,GPVGPAGPPGK,11,0,0.639138705195225,1264
sequence_extra_trees,3,QNIPP,5,1,0.612081562141949,218
sequence_extra_trees,3,DVYTPE,6,0,0.39993742697046614,361
sequence_extra_trees,3,SKVLPVPQK,9,1,0.6793739120759551,1030
sequence_extra_trees,3,IYIEQGNGITGM,12,0,0.5662771015385324,1351
sequence_extra_trees,3,SHNPF,5,0,0.3801612606391822,243
sequence_extra_trees,3,LQQHNIAHGRSQ,12,0,0.4639891482762321,1358
sequence_extra_trees,3,AEFAES,6,0,0.469664334297178,348
sequence_extra_trees,3,APAANVRWCT,10,0,0.3648711809564898,1069
sequence_extra_trees,3,FLPLIAGLLGKLFG,14,0,0.33699089368540064,1446
sequence_extra_trees,3,WYSLAMA,7,1,0.45113114334724685,546
sequence_extra_trees,3,DNLNDPK,7,0,0.44017286514528664,577
sequence_extra_trees,3,VLASLNFGDR,10,0,0.4780396365923753,1213
sequence_extra_trees,3,HPFAQ,5,1,0.49199386447470694,79
sequence_extra_trees,3,VEQKHIQKE,9,1,0.5524537661185946,1037
sequence_extra_trees,3,NWKKIRKLGKVVKKI,15,0,0.19353776115579188,1504
sequence_extra_trees,3,VAPFP,5,1,0.7130838719931809,268
sequence_extra_trees,3,VPSERYL,7,1,0.5384635542733843,690
sequence_extra_trees,3,VGAPSVS,7,0,0.5510577767652365,684
sequence_extra_trees,3,VYPFPGPIPN,10,1,0.7791738325751352,1219
sequence_extra_trees,3,DWDPK,5,0,0.24066688658868352,32
sequence_extra_trees,3,ITGSE,5,0,0.5318677694997018,106
sequence_extra_trees,3,DSAIDLGD,8,0,0.2859711764415879,722
sequence_extra_trees,3,GINYWLAHK,9,1,0.5478782376015541,905
sequence_extra_trees,3,YYVPLGTQ,8,1,0.645210256618266,865
sequence_extra_trees,3,VYPFPGPIHN,10,0,0.726400921745042,1219
sequence_extra_trees,3,SIQSQPQAFP,10,1,0.6548529967939346,1189
sequence_extra_trees,3,VPVTST,6,0,0.4790257995008712,531
sequence_extra_trees,3,FKTTDQQTRTTVA,13,1,0.5148789580580511,1399
sequence_extra_trees,3,YQKFPQYL,8,1,0.5188234209396683,859
sequence_extra_trees,3,YMGLDLK,7,1,0.3038360773593431,698
sequence_extra_trees,3,TNRNFLRF,8,0,0.20830330949459186,822
sequence_extra_trees,3,SSSKAKKMP,9,1,0.5177901319826469,1033
sequence_extra_trees,3,HKEMPFPK,8,1,0.503821929345587,745
sequence_extra_trees,3,LRLKGQMIYLRRRRRRRR,18,0,0.4222207479596709,1565
sequence_extra_trees,3,MPPPL,5,0,0.4384976955515181,174
sequence_extra_trees,3,QQTQQPFPL,9,0,0.1847079716769526,1008
sequence_extra_trees,3,ISELGW,6,0,0.310180536566246,408
sequence_extra_trees,3,RIRDAIAHGYIVDKV,15,0,0.3809101480573291,1508
sequence_extra_trees,3,GNHEAGE,7,0,0.4287285256020107,598
sequence_extra_trees,3,VKKVLGNP,8,1,0.6406094072482863,839
sequence_extra_trees,3,EEAIFLW,7,1,0.41601421176778075,580
sequence_extra_trees,3,EKERERQ,7,1,0.5848663790978353,581
sequence_extra_trees,3,FVDLKKIANIINSIFGK,17,0,0.3798764798810444,1538
sequence_extra_trees,3,YGGFMRRVG,9,0,0.5370562853085596,1060
sequence_extra_trees,3,NPYVPR,6,0,0.5581840260035112,459
sequence_extra_trees,3,GYNRSFLRF,9,0,0.20067429282773794,917
sequence_extra_trees,3,GKEIIVKAQR,10,1,0.6051853973252915,1113
sequence_extra_trees,3,YIPIQYVLSR,10,1,0.5101090550282311,1233
sequence_extra_trees,3,YLAGMN,6,0,0.4707756619841244,552
sequence_extra_trees,3,WAAGYCC,7,1,0.46459461210593256,694
sequence_extra_trees,3,PANLPWGSSNV,11,1,0.556544573133994,1295
sequence_extra_trees,3,VAPFPEVFGKE,11,1,0.7582907486477766,1305
sequence_extra_trees,3,VYVEELKPTPE,11,1,0.4826206343636623,1312
sequence_extra_trees,3,MPVDVIANAYR,11,0,0.5258222450320179,1291
sequence_extra_trees,3,GLFDIVKKIKSLF,13,0,0.35773933917290807,1402
sequence_extra_trees,3,FALPQYLK,8,1,0.5205122698845207,729
sequence_extra_trees,3,VGINYWLAHK,10,1,0.6737517560577555,905
sequence_extra_trees,3,PPHMLP,6,1,0.4004671329155626,465
sequence_extra_trees,3,DWNKDLHIW,9,0,0.4154903800734527,889
sequence_extra_trees,3,RICRIIFLRVCR,12,0,0.3985921620017671,1371
sequence_extra_trees,3,RELEE,5,1,0.33680309487538174,222
sequence_extra_trees,3,QQFQQSGQAQLTE,13,0,0.29573053705117,1429
sequence_extra_trees,3,YDTQA,5,0,0.4965684508695448,310
sequence_extra_trees,3,IELQAEQDRIAE,12,0,0.441107442169769,1346
sequence_extra_trees,3,PWDQVKR,7,1,0.45621797445765466,657
sequence_extra_trees,3,ENFLRF,6,0,0.29339645756688987,178
sequence_extra_trees,3,SLVSPSAAAAAAPGGS,16,1,0.4381888762035954,1533
sequence_extra_trees,3,DVCGRDVNGY,10,0,0.41266056594429495,1091
sequence_extra_trees,3,LVLPGE,6,1,0.6901744701963825,445
sequence_extra_trees,3,RTAKV,5,0,0.5451792300333695,235
sequence_extra_trees,3,DEDTQAMP,8,0,0.6504353654026082,720
sequence_extra_trees,3,LVYPFPGPIPN,11,1,0.8360799331908779,1154
sequence_extra_trees,3,SSAPGGGRP,9,0,0.5514386055082862,1032
sequence_extra_trees,3,FSEYPPLGRF,10,1,0.46339784483032576,1108
sequence_extra_trees,3,IPPAYSK,7,1,0.520948588782414,615
sequence_extra_trees,3,HKEMPFPKYPVEPF,14,1,0.6308520820007167,1453
sequence_extra_trees,3,VGGIDEVIAK,10,1,0.5838536849001826,1208
sequence_extra_trees,3,LVTGDDKTNLK,11,1,0.47086435971676976,1286
sequence_extra_trees,3,LMSYMWSTSM,10,0,0.46198841654883843,1147
sequence_extra_trees,3,TPVVVPPFLQP,11,1,0.7012166898729106,988
sequence_extra_trees,3,PQPFRPQQPYPQPQPQ,16,0,0.10610007102720384,1530
sequence_extra_trees,3,PEAAELMMEVDP,12,1,0.7041365310227896,1363
sequence_extra_trees,3,HKEMPFPKYPVQPF,14,1,0.641243775017629,1453
sequence_extra_trees,3,PTGADY,6,0,0.4787845756186112,470
sequence_extra_trees,3,DAQSAPLRVY,10,1,0.6300494937295521,1085
sequence_extra_trees,3,IWHHTFYNELR,11,1,0.3481662115762575,1272
sequence_extra_trees,3,VAWWMY,6,0,0.6234105611756564,516
sequence_extra_trees,3,TPEVDDEALE,10,1,0.3608351653770498,1201
sequence_extra_trees,3,MIPAQK,6,1,0.6478443343740719,101
sequence_extra_trees,3,LNVVGETVE,9,1,0.5395297761114017,947
sequence_extra_trees,3,NNVMLQW,7,1,0.3502441492897798,644
sequence_extra_trees,3,QQPQQPFPR,9,0,0.12490646170755296,1001
sequence_extra_trees,3,KIHPFAQAQ,9,1,0.5354724067297414,936
sequence_extra_trees,3,LYPFVEPI,8,0,0.4319481463578254,779
sequence_extra_trees,3,PDLVF,5,1,0.4138264180805261,190
sequence_extra_trees,3,KAAAAP,6,1,0.7341091575914183,411
sequence_extra_trees,3,SGTVPGG,7,1,0.5830780073344335,672
sequence_extra_trees,3,FGHPY,5,0,0.4047744239510153,54
sequence_extra_trees,3,VHRKC,5,1,0.4835341153000984,280
sequence_extra_trees,3,HSSIQSQPQAFT,12,1,0.38855278202468646,1344
sequence_extra_trees,3,RLLRLIRKLII,11,0,0.14973765228179653,1299
sequence_extra_trees,3,VPKVK,5,1,0.5782514811092794,288
sequence_extra_trees,3,SEDVHPQA,8,0,0.4548708294343362,812
sequence_extra_trees,3,FDKPVSPL,8,1,0.45399973665834076,731
sequence_extra_trees,3,LPTEV,5,0,0.5193871471507964,149
sequence_extra_trees,3,AVKVL,5,1,0.5600434668899361,17
sequence_extra_trees,3,PFPEVFGK,8,1,0.63113132455793,790
sequence_extra_trees,3,KVGTKCCAKP,10,1,0.6310205669983858,1141
sequence_extra_trees,3,GLLGFVGSLLGGLGIG,16,0,0.39716511087949746,1522
sequence_extra_trees,3,KNPQLR,6,0,0.4023313860182219,414
sequence_extra_trees,3,WPEAAELMMEVDP,13,1,0.6702058753037001,1363
sequence_extra_trees,3,VGPLSPT,7,0,0.5275278449404937,529
sequence_extra_trees,3,RGLSK,5,1,0.33887251826950077,225
sequence_extra_trees,3,SGFAP,5,0,0.4996048745694581,242
sequence_extra_trees,3,CNGKRVCVCG,10,0,0.570948257220613,1084
sequence_extra_trees,3,KRLFKKLLFSLRKY,14,0,0.22063282933462744,1457
sequence_extra_trees,3,EDAVPPPQ,8,0,0.5937861699973394,724
sequence_extra_trees,3,YIGSR,5,0,0.4351328589549355,317
sequence_extra_trees,3,LPQYLKTVYQHQKA,14,1,0.5125314024180012,1464
sequence_extra_trees,3,LEIAKNGLSTTSNPKR,16,1,0.5060007328509567,1523
sequence_extra_trees,3,PQPFPQQPQ,9,0,0.048646245490099035,974
sequence_extra_trees,3,TEVWDSNEQE,10,0,0.43370760348317433,1198
sequence_extra_trees,4,AVPYPQR,7,1,0.6813914919803048,568
sequence_extra_trees,4,DVITGA,6,1,0.3895373792886273,360
sequence_extra_trees,4,LKQELEDLLEKQE,13,0,0.44354388609552037,1418
sequence_extra_trees,4,AKRFFGYKRKFF,12,0,0.29795912581582107,1325
sequence_extra_trees,4,AEDKKLIQ,8,0,0.4476727669482181,707
sequence_extra_trees,4,DRTPALRLRF,10,0,0.27565774860312703,1089
sequence_extra_trees,4,DAQEKLE,7,0,0.6421404750551418,571
sequence_extra_trees,4,GKKVLQ,6,1,0.5855392955318878,385
sequence_extra_trees,4,YGGFLRKYPK,10,0,0.407239336295661,1228
sequence_extra_trees,4,IIAMK,5,1,0.641677392325909,92
sequence_extra_trees,4,RQSHFANAQP,10,0,0.7127084613573551,1185
sequence_extra_trees,4,LDSPSEGRAPGAD,13,1,0.5392717831993443,1416
sequence_extra_trees,4,PQNIPPLTQT,10,1,0.522436414216031,1167
sequence_extra_trees,4,LNLPTAVYMVT,11,0,0.5449719379031807,1283
sequence_extra_trees,4,RASDPLLSV,9,1,0.51696044714853,1015
sequence_extra_trees,4,PPQSVLSLSQSKVLPVPE,18,1,0.6517115618444644,1569
sequence_extra_trees,4,GLFKIISKLAKKA,13,0,0.19954528276004127,1405
sequence_extra_trees,4,SSGFTY,6,0,0.33607323467854067,503
sequence_extra_trees,4,DHHQVYSPGEQ,11,0,0.5333968805006826,1247
sequence_extra_trees,4,LKIPLY,6,1,0.6144739403983965,431
sequence_extra_trees,4,ISSMGILVCL,10,1,0.3488009424626226,1133
sequence_extra_trees,4,TPCPPQ,6,1,0.482187297960646,513
sequence_extra_trees,4,NRYHE,5,0,0.3994632422851041,186
sequence_extra_trees,4,ENLLRFFVAPFPEVFG,16,1,0.7740482405966034,1515
sequence_extra_trees,4,DKVGINYW,8,1,0.5630309078115326,574
sequence_extra_trees,4,SVNVPL,6,0,0.486912706427377,506
sequence_extra_trees,4,VPITPT,6,0,0.4880528565597996,528
sequence_extra_trees,4,DKVGINY,7,1,0.559951868479432,574
sequence_extra_trees,4,LPPPPLPPLA,10,0,0.5159134311225625,1148
sequence_extra_trees,4,MDATALHYENQK,12,1,0.46091843848252845,1360
sequence_extra_trees,4,ANVST,5,0,0.589875949803145,14
sequence_extra_trees,4,SRYPS,5,1,0.33354484128584966,248
sequence_extra_trees,4,AKSCQ,5,1,0.6660977415690147,6
sequence_extra_trees,4,AEINMPDY,8,0,0.5683953027559092,708
sequence_extra_trees,4,APRKSSRWCT,10,0,0.23628970066734362,1076
sequence_extra_trees,4,SPYCYG,6,1,0.4678585243195957,501
sequence_extra_trees,4,FFGVRCVSP,9,1,0.7679430920398876,896
sequence_extra_trees,4,VQVTSTAV,8,1,0.6193908274819129,842
sequence_extra_trees,4,VYHEL,5,1,0.5084894036409839,301
sequence_extra_trees,4,TAAIVNTA,8,0,0.5545600187528593,818
sequence_extra_trees,4,ALNEINQFYQK,11,1,0.5501993470958765,873
sequence_extra_trees,4,LAPPTM,6,1,0.5967409995450033,421
sequence_extra_trees,4,VTKFYF,6,0,0.3761567776473899,296
sequence_extra_trees,4,PPQSVLSLSQSKVLPVPQ,18,1,0.6572212776281003,1569
sequence_extra_trees,4,NLAPFL,6,1,0.5219541354899156,458
sequence_extra_trees,4,CRRETAWAC,9,0,0.6118532705331678,881
sequence_extra_trees,4,LCCQHLWQIPEQ,12,0,0.5925804214786276,1354
sequence_extra_trees,4,YVNDAATLLPR,11,1,0.441839411221419,1321
sequence_extra_trees,4,IVPNSVEQKH,10,1,0.6727502832076112,1135
sequence_extra_trees,4,YLLYLIRKLIL,11,0,0.14865019611950617,1289
sequence_extra_trees,4,VVGGDGDV,8,0,0.47074295764852103,845
sequence_extra_trees,4,RPDFDLEPPY,10,0,0.36370034179867916,1183
sequence_extra_trees,4,YSFGL,5,0,0.23694574822855025,340
sequence_extra_trees,4,IIAPTPVPAAH,11,1,0.66153637471925,1269
sequence_extra_trees,4,EMPFPKYPVEP,11,1,0.8190054049582827,1158
sequence_extra_trees,4,WYQQVPGSGL,10,1,0.602178412573897,1226
sequence_extra_trees,4,WQIPEQSQCQAI,12,0,0.44369798697993784,1384
sequence_extra_trees,4,QNGRFY,6,0,0.2827625987627181,181
sequence_extra_trees,4,LLSPFWNINA,10,0,0.47390362540538306,1146
sequence_extra_trees,4,PFPQQPFPQ,9,0,0.11157111325382418,965
sequence_extra_trees,4,TSQLLSDQ,8,0,0.4846472906489175,825
sequence_extra_trees,4,QCQQAVQSAV,10,0,0.5053935670591224,1174
sequence_extra_trees,4,TSNLLT,6,0,0.48282867502297394,514
sequence_extra_trees,4,WYGPDRPKFL,10,1,0.46579397482366697,1225
sequence_extra_trees,4,QYDQGV,6,0,0.41188074999623575,480
sequence_extra_trees,4,QPFPSQQPYLQLQP,14,0,0.5519916720839694,1472
sequence_extra_trees,4,VFEWAFAR,8,1,0.6366521789211439,836
sequence_extra_trees,4,EQIDNLQ,7,1,0.4622662760658239,582
sequence_extra_trees,4,GRGDS,5,0,0.3032941140664953,67
sequence_extra_trees,4,WQWRAKKLGA,10,0,0.1767207835305525,1222
sequence_extra_trees,4,LKGYGGVSLPEW,12,1,0.6676495297470872,1355
sequence_extra_trees,4,SSGFTMQ,7,0,0.4582269256733564,675
sequence_extra_trees,4,FNPFPSPHTP,10,0,0.6456128639899887,1106
sequence_extra_trees,4,QQQKQQQQPSSQVS,14,0,0.2598745382183344,1474
sequence_extra_trees,4,SGQYFL,6,0,0.4614262435065845,498
sequence_extra_trees,4,PGLPKK,6,1,0.523827786434959,461
sequence_extra_trees,4,ESTVPERTHPACPDFN,16,0,0.4994191206716838,1516
sequence_extra_trees,4,SFQPQPLIYP,10,1,0.8155398031629666,898
sequence_extra_trees,4,PSITCVARAF,10,0,0.47385804840004137,1169
sequence_extra_trees,4,DVFNPR,6,0,0.32912613800546175,359
sequence_extra_trees,4,MDGAP,5,0,0.6299599443331831,164
sequence_extra_trees,4,PQAFP,5,1,0.5449075525031817,200
sequence_extra_trees,4,YGYTGA,6,0,0.44787020213186735,550
sequence_extra_trees,4,LNENLLRFFVAPFPEVFG,18,1,0.7456573865651527,1515
sequence_extra_trees,4,NHRNRMMDHVH,11,1,0.3818621607588908,1292
sequence_extra_trees,4,YAKPVA,6,1,0.6475325946852587,547
sequence_extra_trees,4,WQWRSKKLGA,10,0,0.1635655354741966,1222
sequence_extra_trees,4,NSLKMKKSCH,10,0,0.31720235043110717,1164
sequence_extra_trees,4,VEVGGGARAP,10,0,0.7112754045283934,1207
sequence_extra_trees,4,ARHPHPHLSFM,11,0,0.3936360730969788,1079
sequence_extra_trees,4,EDENNPFYLR,10,1,0.4618763578711406,1092
sequence_extra_trees,4,LRTLPM,6,0,0.45936966566678294,440
sequence_extra_trees,4,LLSQTPRY,8,1,0.5276163171476556,772
sequence_extra_trees,4,QEVLP,5,1,0.7837096199338178,214
sequence_extra_trees,4,LSKAQSDFG,9,0,0.5354575305262529,950
sequence_extra_trees,4,FRAEHPL,7,1,0.4190997601606839,587
sequence_extra_trees,4,YEDCTDCGN,9,0,0.3759241434963701,1058
sequence_extra_trees,4,VLKMAGNSFQEN,12,0,0.444165889231967,1380
sequence_extra_trees,4,FEITPEKNPQ,10,0,0.4862402852842822,1105
sequence_extra_trees,4,LPWRPATNVF,10,1,0.5237158858161,1149
sequence_extra_trees,4,MILLLFR,7,1,0.22647963333649573,641
sequence_extra_trees,4,APKSPPK,7,1,0.42938544143823537,565
sequence_extra_trees,4,KVSVVAL,7,0,0.5475929369975893,624
sequence_extra_trees,4,YPSYGLNY,8,0,0.4327658408438657,857
sequence_extra_trees,4,SFLLRNPNDKYEPF,14,0,0.45593941366871116,1479
sequence_extra_trees,4,LVVYPWTQRF,10,1,0.5799525916052662,1049
sequence_extra_trees,4,GVRGRGRIV,9,1,0.6243655003831236,915
sequence_extra_trees,4,AEERYP,6,0,0.7182626185081786,34
sequence_extra_trees,4,GYLEQ,5,0,0.48528034887611426,74
sequence_extra_trees,4,TKKTKLTEEEKNRL,14,1,0.44599729261134086,1481
sequence_extra_trees,4,HSGIQSEPKAIP,12,1,0.8903703689490855,1112
sequence_extra_trees,4,QKALNEINQF,10,1,0.45292817527446666,1177
sequence_extra_trees,4,PTHIAW,6,1,0.7178987235417245,204
sequence_extra_trees,4,APRKNVAWCT,10,0,0.2881261283341289,1070
sequence_extra_trees,4,VTVNPYKWLP,10,1,0.6688512736834035,1217
sequence_extra_trees,4,DVENLHLPLPLLQSW,15,1,0.623164883540386,1490
sequence_extra_trees,4,LAYFYP,6,1,0.7591435236801141,422
sequence_extra_trees,4,YFDEQNEQFR,10,0,0.28977050958043726,1227
sequence_extra_trees,4,KVPPKA,6,1,0.6384340255441608,416
sequence_extra_trees,4,GAAGAAP,7,1,0.6910169526221022,593
sequence_extra_trees,4,VVYPD,5,0,0.4354972490261763,300
sequence_extra_trees,4,EECHAH,6,1,0.5421953290649923,365
sequence_extra_trees,4,MYPLPR,6,0,0.427868722580928,329
sequence_extra_trees,4,LLGAVASMGALLCAP,15,1,0.6721419909020656,1501
sequence_extra_trees,4,MHIRL,5,0,0.39716026012482325,166
sequence_extra_trees,4,GPPGTDGAP,9,1,0.7054284042887647,912
sequence_extra_trees,4,PTHIKW,6,1,0.7487557158649939,204
sequence_extra_trees,4,TPLPLAGPPR,10,1,0.5156346387537777,1202
sequence_extra_trees,4,WQWRGKKLGA,10,0,0.16811129918721307,1222
sequence_extra_trees,4,GFPGTPGLPGF,11,1,0.5083412283983911,1259
sequence_extra_trees,4,LAGNPHQQQQN,11,0,0.5058566357922507,1278
sequence_extra_trees,4,LEHLLEHLEHLLEH,14,0,0.2812388598684703,1461
sequence_extra_trees,4,QQRRLLRRK,9,1,0.2778554287993267,1007
sequence_extra_trees,4,FDEQE,5,0,0.40971272347466564,49
sequence_extra_trees,4,YYQQKPVA,8,0,0.6324903594661871,864
sequence_extra_trees,4,MLELDPLNNLPRM,13,0,0.6513683256416049,1423
sequence_extra_trees,4,KSFGSSNI,8,0,0.2851727799264142,761
sequence_extra_trees,4,AESSQIDTGSK,11,0,0.38926212235074464,1245
sequence_extra_trees,4,SSAPMF,6,1,0.4896241620186983,502
sequence_extra_trees,4,PQEVLP,6,1,0.7816049037857025,214
sequence_extra_trees,4,KEGGLGPL,8,1,0.5098230948912383,755
sequence_extra_trees,4,KALPMHIRLAF,11,1,0.47879236521354207,1273
sequence_extra_trees,4,QQHPQQPQ,8,0,0.09674869166522353,800
sequence_extra_trees,4,YQQPVLGPVR,10,1,0.7567124856531019,1238
sequence_extra_trees,4,KVLAGM,6,1,0.5480414902454485,415
sequence_extra_trees,4,VAPFPEV,7,1,0.7567800227780669,682
sequence_extra_trees,4,AIGVGAIER,9,1,0.49638081193833516,871
sequence_extra_trees,4,DKIYPSFQPQPLIYP,15,1,0.8797770701017176,1489
sequence_extra_trees,4,SRYPSY,6,0,0.40580838937894936,239
sequence_extra_trees,4,PKHKEMPFPPKYPVEPFT,18,1,0.6346587885681896,1567
sequence_extra_trees,4,QQQQQQFPQ,9,0,0.12153411224587343,1006
sequence_extra_trees,4,RWQWRWAWR,9,0,0.07591281237550355,1027
sequence_extra_trees,4,NSLKAKKSCH,10,0,0.33492705329673245,1164
sequence_extra_trees,4,VKEAMAPK,8,1,0.6409166570865762,838
sequence_extra_trees,4,LDIQK,5,1,0.47790659786227324,128
sequence_extra_trees,4,RGDWR,5,0,0.20134545258677256,224
sequence_extra_trees,4,YPLPR,5,0,0.37015277506919486,329
sequence_extra_trees,4,PTHIW,5,1,0.65957856855252,204
sequence_extra_trees,4,RDMPIQ,6,0,0.694042881792653,482
sequence_extra_trees,4,YLYEIA,6,1,0.48634415381997764,556
sequence_extra_trees,4,PYSFK,5,0,0.3602107084154055,210
sequence_extra_trees,4,DEDDD,5,0,0.3396006631505065,26
sequence_extra_trees,4,QQPFPPQQE,9,0,0.14680479022191467,995
sequence_extra_trees,4,GKWKSLLKHILK,12,0,0.17367804986806795,1333
sequence_extra_trees,4,GLTGRPGDAGPQGK,14,1,0.5102110904775246,1449
sequence_extra_trees,4,IGNTLI,6,1,0.3799195326904373,402
sequence_extra_trees,4,GLGMIAHGV,9,0,0.48805759244533303,906
sequence_extra_trees,4,GQLGEHGGAGMG,12,1,0.40202119303649586,1336
sequence_extra_trees,4,NIQFNEQKAL,10,1,0.47503243152761543,1163
sequence_extra_trees,4,IYLGQ,5,0,0.5336462522232103,110
sequence_extra_trees,4,EPPPPEPPPI,10,1,0.3974065321091203,1097
sequence_extra_trees,4,YPSYGLNYY,9,1,0.43751013657515514,857
sequence_extra_trees,4,SDGFQF,6,0,0.28183957294673717,496
sequence_extra_trees,4,GLPLNLP,7,1,0.6631638873210369,597
sequence_extra_trees,4,EERYP,5,0,0.6972224501975668,34
sequence_extra_trees,4,ADVFNPR,7,1,0.3475389732320832,359
sequence_extra_trees,4,NYVADGLG,8,1,0.4062884959441201,786
sequence_extra_trees,4,NGRFY,5,0,0.20796097197628138,181
sequence_extra_trees,4,TMFPSA,6,0,0.6031371013968578,512
sequence_extra_trees,4,NYPSD,5,0,0.40997530948801175,188
sequence_extra_trees,4,ELVGV,5,1,0.6648245528789708,40
sequence_extra_trees,4,LTQTPVVPP,9,1,0.7826816913566765,954
sequence_extra_trees,4,YGFLPILP,8,1,0.5806762539910363,850
sequence_extra_trees,4,ARHPHPHLSF,10,1,0.2948338134726402,1079
sequence_extra_trees,4,QIPQTQQPQ,9,0,0.2152784652949475,991
sequence_extra_trees,4,ASYDTKF,7,1,0.41286244910519115,566
sequence_extra_trees,4,NQSYSFSKASLNVSYKN,17,0,0.4030008379897893,1548
sequence_extra_trees,4,FVAGK,5,0,0.5197939143753337,56
sequence_extra_trees,4,FQPQPLIYP,9,1,0.7943472042236221,898
sequence_extra_trees,4,TEFTK,5,0,0.5296451699672171,253
sequence_extra_trees,4,QNALIVRYTR,10,1,0.5175478216330681,1179
sequence_extra_trees,4,PQPQEPIPQ,9,0,0.27119989564783,975
sequence_extra_trees,4,FSGGE,5,0,0.32694131383013314,55
sequence_extra_trees,4,WQWRCKKLGA,10,0,0.15397915985422908,1222
sequence_extra_trees,4,LPYPR,5,0,0.38263535828880024,151
sequence_extra_trees,4,GPAGPPGVPGL,11,0,0.6113112643859026,1260
sequence_extra_trees,4,IAPFGIFGTN,10,0,0.598552038048763,1126
sequence_extra_trees,4,VAHINVGK,8,1,0.6898264176876419,831
sequence_extra_trees,4,LDIQKEV,7,0,0.5263190553038091,628
sequence_extra_trees,4,IKLPP,5,1,0.7164980128417904,95
sequence_extra_trees,4,GMPGFDVR,8,0,0.5215282030994386,743
sequence_extra_trees,4,VPSGK,5,0,0.6003615914942295,289
sequence_extra_trees,4,LVAYPWT,7,0,0.5361469515472098,637
sequence_extra_trees,4,VAWRNRCKGTD,11,1,0.4944377279386431,1306
sequence_extra_trees,4,IGDEPLANYL,10,1,0.5190698299242062,1128
sequence_extra_trees,4,SLVDAIGMGP,10,0,0.6293249444981444,1192
sequence_extra_trees,4,RKWHFLW,7,0,0.19861483669481228,665
sequence_extra_trees,4,WHNVSGSP,8,0,0.6151805245733226,848
sequence_extra_trees,4,FLPFNQL,7,0,0.44734192038837967,584
sequence_extra_trees,4,SMRKPPG,7,0,0.5652087802154068,673
sequence_extra_trees,4,RKLGRPL,7,0,0.43102611467282925,662
sequence_extra_trees,4,GPVRGPFPII,10,1,0.766064475828444,1119
sequence_extra_trees,4,VISDEDGVTH,10,1,0.563297320145115,1210
sequence_extra_trees,4,PAGPVG,6,1,0.6932073713480043,460
sequence_extra_trees,4,PFVKSEPIPETNNE,14,0,0.5273528652415653,1470
sequence_extra_trees,4,QSQPQAFP,8,1,0.6357556309468512,803
sequence_extra_trees,4,RPPPAQAPAP,10,0,0.6940409692979678,1184
sequence_extra_trees,4,GKWMSLLKHILK,12,0,0.21415696124193745,1333
sequence_extra_trees,4,QLQPFPQQQLPY,12,0,0.22891363764197828,1368
sequence_extra_trees,4,DDTGHDFEDTGEAM,14,1,0.6147358628313261,1440
sequence_extra_trees,4,RMLGNTPTK,9,1,0.681516454969303,1018
sequence_extra_trees,4,DQVFPMNPPK,10,1,0.48897649469825344,1088
sequence_extra_trees,4,MMVPI,5,1,0.49303480470387123,172
sequence_extra_trees,4,NTDGSTDYGILQINSR,16,1,0.3019313768591005,1528
sequence_extra_trees,4,ACRGDGWCG,9,0,0.3474244981091374,867
sequence_extra_trees,4,VTKFY,5,0,0.4154977142364355,296
sequence_extra_trees,4,MHYGN,5,1,0.4390084453873261,167
sequence_extra_trees,4,YGFQNA,6,0,0.3832780101934794,549
sequence_extra_trees,4,GKDAVIV,7,1,0.5289971221655797,596
sequence_extra_trees,4,QTQQPQQPF,9,0,0.12553279913003584,1012
sequence_extra_trees,4,WRGTNGPL,8,1,0.3708827667908969,849
sequence_extra_trees,4,WPRGYFL,7,0,0.4357905765404267,695
sequence_extra_trees,4,ENLHLP,6,1,0.8173462660771824,368
sequence_extra_trees,4,NIYQIS,6,1,0.4017872688965922,456
sequence_extra_trees,4,ALNEINQFY,9,1,0.4668176419665282,873
sequence_extra_trees,4,IYEGY,5,1,0.34368878802733205,109
sequence_extra_trees,4,VQQQIPVVQPSIL,13,0,0.447570179428136,1438
sequence_extra_trees,4,GPLGAGP,7,0,0.6400656746763255,601
sequence_extra_trees,4,LAPPRGSL,8,0,0.6033755102493068,764
sequence_extra_trees,4,VSLPEW,6,1,0.5710506189277489,533
sequence_extra_trees,4,CFCTKPC,7,1,0.5280557408558602,569
sequence_extra_trees,4,ELYENKPRRPYIL,13,0,0.49856428174514134,1394
sequence_extra_trees,4,RMLGQTP,7,1,0.6393935416230225,669
sequence_extra_trees,4,VYPGG,5,1,0.5725749189898302,303
sequence_extra_trees,4,PQIPEQF,7,0,0.4363086376624533,653
sequence_extra_trees,4,HVIKPPSRA,9,0,0.5118947832228062,920
sequence_extra_trees,4,YLYEIAR,7,1,0.6343747751430373,556
sequence_extra_trees,4,FLPILGKILGQLFG,14,0,0.221709914222913,1445
sequence_extra_trees,4,PSLPA,5,1,0.4355444568743835,202
sequence_extra_trees,4,VVAPFPEV,8,0,0.7298881658905451,682
sequence_extra_trees,4,VVSGPYIVY,9,1,0.589318464583607,1048
sequence_extra_trees,4,QLGNLGV,7,0,0.5312028128492293,660
sequence_extra_trees,4,MPFPKYPVEP,10,1,0.7614901822457754,1158
sequence_extra_trees,4,ELEDSLDSER,10,0,0.29935641440381777,1094
sequence_extra_trees,4,QAVHA,5,1,0.5002441823678611,211
sequence_extra_trees,4,FQINMCILR,9,1,0.3168451972052194,897
sequence_extra_trees,4,LTQTPVVVPPF,11,1,0.6855880866297153,954
sequence_extra_trees,4,YEADARSFHDLAEHDIRV,18,0,0.3062946085699613,1574
sequence_extra_trees,4,HMPVTK,6,0,0.5906295802642082,395
sequence_extra_trees,4,QQPQRPEQQ,9,0,0.23910159230546527,1003
sequence_extra_trees,4,QFPQTQQPQ,9,0,0.08955220653736483,991
sequence_extra_trees,4,VSGAGRY,7,1,0.4676892653685239,691
sequence_extra_trees,4,INNQFLPYPY,10,0,0.4928559326573716,1130
sequence_extra_trees,4,TVGMTAKF,8,1,0.6577796553709803,830
sequence_extra_trees,4,PGPIHDS,7,0,0.49170936654157593,648
sequence_extra_trees,4,FPQYLQY,7,1,0.4135010437001862,586
sequence_extra_trees,4,QPQAFP,6,1,0.5223494157942148,200
sequence_extra_trees,4,LVDGNDPR,8,0,0.3508192510258503,775
sequence_extra_trees,4,SPRCR,5,1,0.3828577281818925,247
sequence_extra_trees,4,IPPYCTIAPFGI,12,0,0.5228647237818633,1349
sequence_extra_trees,4,VDLRSAWP,8,0,0.6359047573119448,833
sequence_extra_trees,4,FLKPLFNAALKLLP,14,1,0.5954403486234059,1444
sequence_extra_trees,4,CYIQNCPLG,9,0,0.5519150450211373,883
sequence_extra_trees,4,KKRSKKKSFG,10,1,0.2231724094680953,1139
sequence_extra_trees,4,IKELQ,5,1,0.6696336905870536,94
sequence_extra_trees,4,QQPLPQQPQ,9,0,0.07820377603275785,998
sequence_extra_trees,4,LHLWLP,6,1,0.7035281402141074,430
sequence_extra_trees,4,EVLNENLLRF,10,1,0.4312627218989378,1099
sequence_extra_trees,4,SISSSE,6,0,0.27069989531500943,499
sequence_extra_trees,4,NQNFVQYTTNT,11,1,0.429409089708946,1293
sequence_extra_trees,4,MLLMLIRKLIL,11,0,0.10757668882349808,1289
sequence_extra_trees,4,YPQRDMPIQAFLLYQEPV,18,1,0.5808070436553123,1575
sequence_extra_trees,4,YPSYG,5,0,0.37744851625622333,332
sequence_extra_trees,4,IQVPL,5,1,0.5897571027786,104
sequence_extra_trees,4,QQPHSRSKGFPGP,13,1,0.539999435132031,1430
sequence_extra_trees,4,RKWHFLA,7,0,0.3025460393157976,665
sequence_extra_trees,4,VVYPWTQRF,9,1,0.5511540236491081,1049
sequence_extra_trees,4,PAVACCLPPLPCHM,14,1,0.6613235838497536,1469
sequence_extra_trees,4,AGAHPAG,7,1,0.7182696515733809,560
sequence_extra_trees,4,APAKNVAWCT,10,0,0.33330422968005374,1070
sequence_extra_trees,4,RMLGQTPTK,9,1,0.6951086573778885,1018
sequence_extra_trees,4,FFSDKIAK,8,0,0.5682974678047047,732
sequence_extra_trees,4,YPQLLPNE,8,0,0.4676232936416145,856
sequence_extra_trees,4,LKDTQ,5,1,0.5927465201504942,138
sequence_extra_trees,4,FHNMEK,6,0,0.39020322643225597,375
sequence_extra_trees,4,QQPNPQQPQ,9,0,0.08383825894342521,998
sequence_extra_trees,4,IAGRP,5,1,0.6471460328526348,81
sequence_extra_trees,4,KWRSKIKKIMRTFK,14,0,0.23470750124790093,1458
sequence_extra_trees,4,MVPYPQR,7,1,0.6795452701627639,568
sequence_extra_trees,4,FDART,5,0,0.42965547048375236,48
sequence_extra_trees,4,WQCRMKKCGA,10,0,0.2830446303594421,1221
sequence_extra_trees,4,MPFPKYPVQPF,11,1,0.5863216501752749,1158
sequence_extra_trees,4,SSDEEVREEKELDLSSNE,18,1,0.39939489184673604,1572
sequence_extra_trees,4,EELDNALN,8,0,0.37582558657255355,725
sequence_extra_trees,4,IQSQPQAFP,9,1,0.6842211524888532,803
sequence_extra_trees,4,PSQQQP,6,0,0.46621467626816887,469
sequence_extra_trees,4,YQEPVL,6,1,0.6509865005065189,557
sequence_extra_trees,4,GLPPGPPIPP,10,1,0.7359792155004266,1116
sequence_extra_trees,4,LPENAKVDQVK,11,0,0.5451560779202892,1284
sequence_extra_trees,4,SGIQSEPKAIP,11,1,0.8391486498559335,1112
sequence_extra_trees,4,LAPGGDMD,8,1,0.6261269039933395,763
sequence_extra_trees,4,IEELEEELEAER,12,0,0.46253681813031433,1345
sequence_extra_trees,4,LPLRF,5,0,0.33393462320571926,147
sequence_extra_trees,4,SLLSLIRKLIT,11,0,0.144771146783927,1301
sequence_extra_trees,4,FSAPAVY,7,0,0.5825731898927591,592
sequence_extra_trees,4,GIQSEPKAIP,10,1,0.8712120135645915,1112
sequence_extra_trees,4,PAGNFLPPVAAAPVM,15,1,0.6442563225883192,1505
sequence_extra_trees,4,YDDGSYKPH,9,1,0.4740896853208264,1057
sequence_extra_trees,4,FRGLMHY,7,1,0.38830578252983244,589
sequence_extra_trees,4,QPHQPLPPT,9,0,0.2665532881771838,994
sequence_extra_trees,4,TQPKTNAIPY,10,1,0.43896452192994284,1204
sequence_extra_trees,4,STFQQMW,7,0,0.3408570646083089,676
sequence_extra_trees,4,RELKPARP,8,0,0.6931308857163271,807
sequence_extra_trees,4,TRTGDPFF,8,0,0.5255247934313091,824
sequence_extra_trees,4,AVPQR,5,0,0.6746477008809092,18
sequence_extra_trees,4,YQQPVL,6,1,0.6007369089534591,557
sequence_extra_trees,4,RKWLFHW,7,0,0.1756007086977931,667
sequence_extra_trees,4,RNAVPITPTL,10,1,0.6232518194945053,1182
sequence_extra_trees,4,VLEESKGAPKPN,12,0,0.5489324706775119,1379
sequence_extra_trees,4,VAHINVWK,8,1,0.6314300667373565,831
sequence_extra_trees,4,VAGTW,5,1,0.5450460355982275,267
sequence_extra_trees,4,QQPIPQQPQ,9,0,0.11717401982342125,998
sequence_extra_trees,4,PQPQQPIPV,9,0,0.3918941284263467,978
sequence_extra_trees,4,AGWNIPIGT,9,0,0.49940465692198655,870
sequence_extra_trees,4,TLHGMV,6,1,0.475364713457649,511
sequence_extra_trees,4,LRNFLRF,7,0,0.10674967764949278,635
sequence_extra_trees,4,APGAPGPVG,9,1,0.6701855418368726,875
sequence_extra_trees,4,FEGTVFENG,9,1,0.5446977875223638,895
sequence_extra_trees,4,RWQWRWQWA,9,0,0.08070371058568451,1029
sequence_extra_trees,4,PLVQQQFLGQQQPFPPQ,17,0,0.370449744879537,1550
sequence_extra_trees,4,PSFQPQPLIYP,11,1,0.8235173924237762,898
sequence_extra_trees,4,LHDELT,6,0,0.4590889276401748,428
sequence_extra_trees,4,RYPSY,5,0,0.35582089223752633,239
sequence_extra_trees,4,EVSGL,5,1,0.4673391534552605,47
sequence_extra_trees,4,YVAQGEGVVA,10,0,0.5794242895586784,1241
sequence_extra_trees,4,NKGPR,5,1,0.39587307943687783,183
sequence_extra_trees,4,VAPFPEVF,8,1,0.8228358243793213,682
sequence_extra_trees,4,YVPFPPF,7,1,0.5167903999808572,703
sequence_extra_trees,4,VGINYWLAHKHK,12,1,0.6571545353254177,1377
sequence_extra_trees,4,AFKAWAVAR,9,1,0.7013685710762061,868
sequence_extra_trees,4,GLSDGEWQ,8,1,0.3798760482240895,742
sequence_extra_trees,4,APTMPPPLPP,10,0,0.5402481808468516,1077
sequence_extra_trees,4,TGPIPNSLPQ,10,1,0.614281115912578,1199
sequence_extra_trees,4,GVHTFP,6,1,0.6159247321920023,391
sequence_extra_trees,4,TEDELQDKIHP,11,1,0.7044385855496469,1302
sequence_extra_trees,4,RKWFLHW,7,0,0.20646499340329544,664
sequence_extra_trees,4,EGLPPGPPIPP,11,1,0.753379628524027,1116
sequence_extra_trees,4,GVYPH,5,1,0.4614358032593791,72
sequence_extra_trees,4,AAVGGYRVAVL,11,0,0.5889021334461999,1243
sequence_extra_trees,5,YVPFP,5,0,0.7687615067599965,343
sequence_extra_trees,5,FAQTQSLVYP,10,1,0.8620459192126075,876
sequence_extra_trees,5,AGTTGLFTPLALPYDYSH,18,1,0.46984679406871427,1557
sequence_extra_trees,5,VHLPP,5,1,0.6183712301494048,279
sequence_extra_trees,5,GWNIP,5,0,0.4918328438045371,73
sequence_extra_trees,5,LSMGASLSP,9,1,0.5830818827422123,951
sequence_extra_trees,5,TMAEYHHQDQ,10,0,0.41694168802580234,1200
sequence_extra_trees,5,KTPKI,5,0,0.5757677395101115,124
sequence_extra_trees,5,INKWGIAAMAKKLL,14,0,0.5221581950697184,1455
sequence_extra_trees,5,LWHTH,5,0,0.5386140393952781,158
sequence_extra_trees,5,IVAGPQ,6,1,0.6344991249802093,410
sequence_extra_trees,5,FVEPI,5,0,0.3410272662650817,57
sequence_extra_trees,5,SDNRNQGY,8,1,0.39035549968753264,810
sequence_extra_trees,5,VVYFDQTQAQA,11,0,0.485163878272798,1311
sequence_extra_trees,5,TIGAPDGIPSAPR,13,1,0.6014447969814343,1435
sequence_extra_trees,5,GIEALKYHNMDLGTARGY,18,0,0.3494698752729266,1561
sequence_extra_trees,5,KAVPQ,5,1,0.5984822120986544,113
sequence_extra_trees,5,ALCSEK,6,0,0.46291401414891015,351
sequence_extra_trees,5,ETPDCFWKYCV,11,0,0.5081447116373473,1254
sequence_extra_trees,5,PFAQTQSLVYP,11,1,0.8788891683911143,876
sequence_extra_trees,5,ICNIMC,6,0,0.7025523730216894,399
sequence_extra_trees,5,ILPWKWPWWPWRR,13,0,0.36603732764756525,1413
sequence_extra_trees,5,YYDPL,5,0,0.33092645791022995,345
sequence_extra_trees,5,ALSAF,5,0,0.5489626119069366,12
sequence_extra_trees,5,ALGGA,5,1,0.45496064099203254,10
sequence_extra_trees,5,CAGVSAIR,8,0,0.5776011676972047,718
sequence_extra_trees,5,IFWLFRGKADVAL,13,0,0.5444900302279855,1410
sequence_extra_trees,5,IIVTQTMK,8,1,0.6522345241579083,750
sequence_extra_trees,5,WQVLPNAVPAK,11,1,0.6370739350722958,1315
sequence_extra_trees,5,GPGGFI,6,0,0.596801710878552,386
sequence_extra_trees,5,GNRNFLR,7,0,0.2755261019210826,599
sequence_extra_trees,5,YPFVVN,6,0,0.3267829913522469,325
sequence_extra_trees,5,GMWKKILGKLIR,12,0,0.17515616729259886,1334
sequence_extra_trees,5,VIPVGGSSALGA,12,0,0.5212810458120789,1378
sequence_extra_trees,5,QHEAT,5,1,0.512374840621002,217
sequence_extra_trees,5,FVAPFPEVF,9,1,0.6242574876682128,900
sequence_extra_trees,5,THDWWKER,8,1,0.4836424139877632,820
sequence_extra_trees,5,CFNEYE,6,0,0.4279967433553172,355
sequence_extra_trees,5,VTKFYFQ,7,0,0.35733792194018027,692
sequence_extra_trees,5,KVSVVPS,7,0,0.5881360801757247,625
sequence_extra_trees,5,YLGYLEQLLR,10,1,0.29689437850658124,1235
sequence_extra_trees,5,GKKIATYQER,10,1,0.5876139860841715,937
sequence_extra_trees,5,YSEMPPGK,8,0,0.535976692186331,861
sequence_extra_trees,5,RWQWRWQAR,9,0,0.21163447752195125,1028
sequence_extra_trees,5,RLLRLLRRLLRLLR,14,0,0.29396744813625586,1476
sequence_extra_trees,5,FFVAP,5,1,0.7494632188955687,52
sequence_extra_trees,5,HEFPGVVVGANDD,13,1,0.4693860383966427,1407
sequence_extra_trees,5,IKKIVSKIKKLLK,13,0,0.32830175166091186,1411
sequence_extra_trees,5,PSIPA,5,1,0.5814245871837679,201
sequence_extra_trees,5,ELEELNVPGE,10,1,0.5486109628879201,1095
sequence_extra_trees,5,GEQQQQPGMTR,11,0,0.3151841333563471,1258
sequence_extra_trees,5,FAGDDAPRR,9,1,0.5497578179101772,893
sequence_extra_trees,5,LECIRA,6,0,0.35221223013677283,424
sequence_extra_trees,5,RSFLRF,6,0,0.17388323446095597,486
sequence_extra_trees,5,IQSEPKAIP,9,1,0.8473545815588137,802
sequence_extra_trees,5,GPIGPPSGGFD,11,1,0.5782063744862568,1262
sequence_extra_trees,5,KRRPPTT,7,1,0.48612634241171315,622
sequence_extra_trees,5,FVVAPFPEVF,10,1,0.621422883345094,900
sequence_extra_trees,5,MPVQA,5,0,0.5034229200210573,175
sequence_extra_trees,5,LLPHHH,6,0,0.424263572887688,143
sequence_extra_trees,5,CTLEW,5,0,0.36107448901285194,24
sequence_extra_trees,5,HAEIN,5,1,0.516462803527397,76
sequence_extra_trees,5,FPQHCNYQQQPQTFPQPF,18,0,0.29219999506410504,1559
sequence_extra_trees,5,KKWWKKK,7,0,0.23215854897534502,619
sequence_extra_trees,5,LPTSEAAKY,9,0,0.5650243144252165,949
sequence_extra_trees,5,SPVVPF,6,0,0.5422648165433483,500
sequence_extra_trees,5,LNVPGE,6,1,0.726204019385629,437
sequence_extra_trees,5,QTPRY,5,0,0.47166267980273197,220
sequence_extra_trees,5,YPISL,5,0,0.24454341910954508,327
sequence_extra_trees,5,LSGYGP,6,0,0.694974052314766,441
sequence_extra_trees,5,AVLVDKQCPD,10,0,0.5330880997720991,1082
sequence_extra_trees,5,AQTQSLVYP,9,1,0.8337376182150779,876
sequence_extra_trees,5,HGEGGRSTHE,10,1,0.4806034029439899,1124
sequence_extra_trees,5,YGIKVGYAIP,10,1,0.7083656296465688,1229
sequence_extra_trees,5,RKWHLFW,7,0,0.170119639303021,666
sequence_extra_trees,5,TTENVLFG,8,1,0.4485868062121696,826
sequence_extra_trees,5,IFGAIWKGISSLL,13,0,0.3097390521898692,1409
sequence_extra_trees,5,IPPLTQTPV,9,1,0.7533310445721279,794
sequence_extra_trees,5,KFHSGIQSEPKAIP,14,1,0.8069613760109035,1397
sequence_extra_trees,5,GRGDSPK,7,0,0.34268308933788355,602
sequence_extra_trees,5,QGLQGLPGT,9,0,0.5048031327510113,992
sequence_extra_trees,5,LQAFEPLR,8,0,0.6142161925474405,774
sequence_extra_trees,5,HFEAMR,6,1,0.5617021162646492,394
sequence_extra_trees,5,KVLPG,5,1,0.7064346908831951,125
sequence_extra_trees,5,RKSSK,5,0,0.41628719974506206,232
sequence_extra_trees,5,VRWCT,5,1,0.47371050041630647,294
sequence_extra_trees,5,QSEPKAIP,8,1,0.8032606494951722,802
sequence_extra_trees,5,TCLRW,5,1,0.300825433448275,251
sequence_extra_trees,5,LVDTGRGPIMY,11,0,0.6196847613854246,1285
sequence_extra_trees,5,FAGDDAPRA,9,1,0.5278964155485153,893
sequence_extra_trees,5,YAEERYPIL,9,1,0.5540139578146248,1055
sequence_extra_trees,5,YWVTSGPK,8,0,0.6202165612982765,863
sequence_extra_trees,5,KVREGT,6,1,0.7242891429245429,418
sequence_extra_trees,5,YPFVEP,6,1,0.6799725948854022,324
sequence_extra_trees,5,FFVAPFPQVFGF,12,1,0.7183713003900294,1328
sequence_extra_trees,5,NQFLP,5,1,0.6354487175155024,185
sequence_extra_trees,5,WKRIVRIIRWIRKYY,15,0,0.3450744850291689,1513
sequence_extra_trees,5,IVRDPNGMGAW,11,1,0.7123216805193177,1271
sequence_extra_trees,5,YLYEIARR,8,1,0.48177328996262214,852
sequence_extra_trees,5,DPVAPGGPQP,10,1,0.6628305204453092,1087
sequence_extra_trees,5,KAVPYPQ,7,1,0.6064861083258587,618
sequence_extra_trees,5,IKKILSKIKKLLK,13,0,0.28893189471248226,1411
sequence_extra_trees,5,LNLQDF,6,1,0.4551756594286362,435
sequence_extra_trees,5,GSGGL,5,0,0.4747984331273234,69
sequence_extra_trees,5,LHELLHLLHELLHL,14,0,0.41015456306070375,1462
sequence_extra_trees,5,WVESQTNGIIK,11,0,0.5304590376273891,1317
sequence_extra_trees,5,YRGGLEPINF,10,1,0.4056741931591572,1239
sequence_extra_trees,5,GAWYYVPL,8,1,0.6000337325703634,738
sequence_extra_trees,5,DVPSERYLG,9,1,0.5337387007310374,888
sequence_extra_trees,5,RRARGERMSRRK,12,1,0.41195230656357507,1372
sequence_extra_trees,5,AGTTCLFTPLALPYDYSH,18,1,0.4677117983432613,1557
sequence_extra_trees,5,AFVGYVLP,8,1,0.7172089350936665,709
sequence_extra_trees,5,TKPIE,5,0,0.5920366163991537,258
sequence_extra_trees,5,KLSDW,5,0,0.28562709990512714,119
sequence_extra_trees,5,GLFDRVKKRKSLF,13,0,0.16658965957295901,1404
sequence_extra_trees,5,INYWL,5,1,0.5458960320991686,99
sequence_extra_trees,5,LLPHH,5,0,0.5375097227690656,143
sequence_extra_trees,5,ICRDL,5,1,0.3650638858930491,82
sequence_extra_trees,5,QYPQPQQPI,9,0,0.11215797046152617,1014
sequence_extra_trees,5,VLPVPQKVVPQ,11,1,0.6673200089457785,1309
sequence_extra_trees,5,AWEEREQGSR,10,0,0.3652818375292594,1083
sequence_extra_trees,5,KKYNVPQL,8,1,0.6140777968371866,758
sequence_extra_trees,5,PYPYY,5,0,0.28420075308749443,209
sequence_extra_trees,5,FHSGIQSEPKAIP,13,1,0.8326121434078155,1397
sequence_extra_trees,5,RKQEEDEDEEQQRE,14,0,0.4398305579133278,1475
sequence_extra_trees,5,FRPRIMTP,8,0,0.5755803071338577,735
sequence_extra_trees,5,RKQDKR,6,0,0.3673015414592269,231
sequence_extra_trees,5,GVPKVKETMVPK,12,1,0.6683410549646779,1337
sequence_extra_trees,5,PPLTQTPV,8,1,0.7076913729490092,794
sequence_extra_trees,5,FEDYVPLSCF,10,1,0.5033984508657359,1104
sequence_extra_trees,5,AIPVNKPGRF,10,1,0.5737759233733042,1068
sequence_extra_trees,5,YIEAVNKVSPRAGQF,15,1,0.45104182982765484,1495
sequence_extra_trees,5,YGFIL,5,0,0.3347094758682268,313
sequence_extra_trees,5,PPEIN,5,1,0.5487302607248826,198
sequence_extra_trees,5,HVLSRAPR,8,0,0.49257816893461503,747
sequence_extra_trees,5,DLVKVEA,7,0,0.6335637562131712,576
sequence_extra_trees,5,VHIPP,5,1,0.7183619904396954,276
sequence_extra_trees,5,IDNPNYK,7,1,0.5838175681620561,611
sequence_extra_trees,5,NRKQDK,6,0,0.4078341587493112,231
sequence_extra_trees,5,LQGMP,5,0,0.6642936444319701,152
sequence_extra_trees,5,SRGLPGME,8,0,0.5620309803872069,815
sequence_extra_trees,5,RPKHPI,6,1,0.4851416699182752,489
sequence_extra_trees,5,VLYRDG,6,1,0.4191660198659409,526
sequence_extra_trees,5,SAGNPN,6,0,0.5197589580381726,495
sequence_extra_trees,5,QEQVPLVQQQQF,12,0,0.30790210430501874,1366
sequence_extra_trees,5,FQLGASPY,8,0,0.421886673141535,734
sequence_extra_trees,5,LNLQDFR,7,1,0.39873387005878896,435
sequence_extra_trees,5,IGKGG,5,1,0.4799331790977492,89
sequence_extra_trees,5,GAPGPAGPGGIPGERG,16,1,0.7219996153225581,1518
sequence_extra_trees,5,EEDDA,5,1,0.25800357839168836,33
sequence_extra_trees,5,SAEHGSLH,8,0,0.4359783716343021,809
sequence_extra_trees,5,LTTLDSE,7,0,0.3657615792244753,636
sequence_extra_trees,5,YQKFP,5,0,0.7213052659443341,336
sequence_extra_trees,5,EQGFLPGPEESGR,13,1,0.4886950298626182,1395
sequence_extra_trees,5,VKITVDDKHY,10,1,0.6163315293880033,1211
sequence_extra_trees,5,QEEVN,5,1,0.405553743674738,212
sequence_extra_trees,5,YPLDL,5,1,0.2673176868257925,328
sequence_extra_trees,5,GPRGPA,6,0,0.535649487465857,64
sequence_extra_trees,5,VVAPFPEVF,9,1,0.6497513761190991,900
sequence_extra_trees,5,HQIYP,5,1,0.7693607538285869,80
sequence_extra_trees,5,ALEPDHR,7,0,0.31609456126103774,562
sequence_extra_trees,5,PVRAVP,6,1,0.7260705016096729,472
sequence_extra_trees,5,QRNNPY,6,0,0.32397505248690045,478
sequence_extra_trees,5,MPDAHL,6,0,0.5247353287566674,449
sequence_extra_trees,5,GATGPAGYV,9,1,0.6547694593462325,903
sequence_extra_trees,5,TPRVF,5,1,0.5645443409370007,261
sequence_extra_trees,5,EILDV,5,0,0.34744749763378835,37
sequence_extra_trees,5,LYKNG,5,1,0.40732436757670165,160
sequence_extra_trees,5,LSSLEMGSLGALFVCM,16,1,0.4767838200784953,1525
sequence_extra_trees,5,VRTPEVDD,8,1,0.6269732749258201,843
sequence_extra_trees,5,LSMGSASLSP,10,1,0.571959258068698,951
sequence_extra_trees,5,RLFLRF,6,0,0.18080139951233853,486
sequence_extra_trees,5,AFKDEDTEEVPFR,13,1,0.49858862287852657,1390
sequence_extra_trees,5,KFFPS,5,0,0.4908028521123659,118
sequence_extra_trees,5,YYIVS,5,0,0.531231384771827,346
sequence_extra_trees,5,ADASVLPK,8,0,0.5696838890264538,705
sequence_extra_trees,5,QPLPPT,6,0,0.3372424729007383,476
sequence_extra_trees,5,FVAPFPEVFG,10,1,0.7372805829567582,900
sequence_extra_trees,5,LGFEY,5,0,0.42718220469502843,132
sequence_extra_trees,5,DLTFPA,6,0,0.3812168398482615,357
sequence_extra_trees,5,KRIHF,5,0,0.3526564838286736,122
sequence_extra_trees,5,WPERPPQIP,9,1,0.6151083493618629,1053
sequence_extra_trees,5,IFVPA,5,1,0.4092768986582108,87
sequence_extra_trees,5,AGFAGDDAPR,10,0,0.4736049264786784,1067
sequence_extra_trees,5,LTDLENLHLP,10,1,0.6887298187145459,1152
sequence_extra_trees,5,RYFPT,5,1,0.3461192279562406,237
sequence_extra_trees,5,KSSQSVFYSSNNKNYLA,17,0,0.39200014478352524,1542
sequence_extra_trees,5,EILDVPST,8,0,0.41281268412852873,727
sequence_extra_trees,5,VLPVPQKAVPQ,11,1,0.6665101078827762,1309
sequence_extra_trees,5,PAGPR,5,1,0.6237540898830886,189
sequence_extra_trees,5,TCRGLERA,8,1,0.37154361998480406,819
sequence_extra_trees,5,AKLEK,5,1,0.4233450166485619,4
sequence_extra_trees,5,WDTRGQ,6,0,0.39088024695732637,541
sequence_extra_trees,5,YPELF,5,0,0.36914108836635756,321
sequence_extra_trees,5,APRKAARWCT,10,0,0.17041068726265998,1075
sequence_extra_trees,5,EWFKMRRWQW,10,0,0.21931356352353665,1102
sequence_extra_trees,5,AGALGDSVTVTR,12,1,0.5247345643163679,1323
sequence_extra_trees,5,IKPLNY,6,1,0.5876321759808755,404
sequence_extra_trees,5,LLCIALRKK,9,0,0.39292075510218255,945
sequence_extra_trees,5,VLPYP,5,1,0.6671618170506689,286
sequence_extra_trees,5,TAQVTSTEV,9,1,0.5884483061942012,1034
sequence_extra_trees,5,TYQTF,5,0,0.5491922474566845,266
sequence_extra_trees,5,MAGVDHI,7,0,0.5000574005964775,639
sequence_extra_trees,5,EWFKARRWQW,10,0,0.22664775567941994,1102
sequence_extra_trees,5,RPKHPIKHQGLPQEV,15,1,0.5798209187408357,1431
sequence_extra_trees,5,GHIITVAR,8,1,0.7362441119392692,741
sequence_extra_trees,5,ISSTVSLKM,9,0,0.4163947385791822,927
sequence_extra_trees,5,RQFLRF,6,0,0.2243601494873684,486
sequence_extra_trees,5,AVLVDKNCPD,10,0,0.48101118263354503,1082
sequence_extra_trees,5,VPNSYP,6,0,0.5847459733832685,530
sequence_extra_trees,5,AVESTVATL,9,1,0.5661528453027571,877
sequence_extra_trees,5,ISAAEFGK,8,0,0.3537651934228932,752
sequence_extra_trees,5,STVATL,6,0,0.5128583174071584,505
sequence_extra_trees,5,QELPG,5,1,0.4794910530845337,213
sequence_extra_trees,5,SPPEIN,6,1,0.5565689319665096,198
sequence_extra_trees,5,GMWSKILGKLIR,12,0,0.19385174998604898,1334
sequence_extra_trees,5,QFLLAGR,7,0,0.37621708633849577,658
sequence_extra_trees,5,TRGKQ,5,1,0.5295317906986504,264
sequence_extra_trees,5,LPYPYY,6,1,0.4518969818303495,209
sequence_extra_trees,5,VLSRYPS,7,0,0.5333494201213638,525
sequence_extra_trees,5,GLWKILKKGA,10,0,0.25981797237857535,1117
sequence_extra_trees,5,SVDGKEDLIW,10,0,0.40339643433424527,1195
sequence_extra_trees,5,GASRHWYFL,9,1,0.44046297288273345,902
sequence_extra_trees,5,LRKAQEKFGKNKSQSFQL,18,0,0.4088484402817987,1564
sequence_extra_trees,5,VLPVLS,6,1,0.6202967562570846,524
sequence_extra_trees,5,QGQQGYYPTSPQ,12,0,0.28487219121102175,1367
sequence_extra_trees,5,ASVRT,5,1,0.5610344117591898,16
sequence_extra_trees,5,AWIRGCRL,8,1,0.2702154697815395,715
sequence_extra_trees,5,LNSPAY,6,1,0.7430878484742287,436
sequence_extra_trees,5,KVLPVPEK,8,0,0.7623826056348298,762
sequence_extra_trees,5,GPIGPP,6,1,0.6303763907754619,387
sequence_extra_trees,5,YPKLAPNE,8,0,0.44217886160267716,855
sequence_extra_trees,5,HVRETALV,8,0,0.624942073563053,748
sequence_extra_trees,5,GIISHR,6,0,0.47352960952101575,384
sequence_extra_trees,5,IARDSAAVF,9,1,0.5194756661642393,922
sequence_extra_trees,5,AFNIHNRNLL,10,0,0.4463738184324192,1066
sequence_extra_trees,5,VTGRFAGHPAAQ,12,1,0.5931897189798433,1383
sequence_extra_trees,5,VELYP,5,1,0.6084570919138946,274
sequence_extra_trees,5,WEPFP,5,1,0.6089743086710929,305
sequence_extra_trees,5,IEPQG,5,1,0.4976394677057783,86
sequence_extra_trees,5,EYPDKRPM,8,0,0.40713067588866375,728
sequence_extra_trees,5,ITDFQI,6,0,0.4262774237271419,409
sequence_extra_trees,5,CCGNAVPQ,8,1,0.5145333676915019,719
sequence_extra_trees,5,GVQGPM,6,1,0.6154936207084909,392
sequence_extra_trees,5,AKYSY,5,1,0.4773262472527852,8
sequence_extra_trees,5,PLPRPQQPF,9,0,0.23640312929432167,972
sequence_extra_trees,5,TKTGRSAHVLSRYRPRA,17,1,0.459953516402353,1553
sequence_extra_trees,5,DVTFPA,6,0,0.30222124713573234,357
sequence_extra_trees,5,PRPQPHPQPHP,11,0,0.5705057105216417,1296
sequence_extra_trees,5,TTAGLLE,7,0,0.29762031104044356,681
sequence_extra_trees,5,GYGDRNFLRF,10,0,0.14927745901789916,1123
sequence_extra_trees,5,VLATSGPG,8,0,0.7184248715086977,840
sequence_extra_trees,5,IYEAVNKVSPRAGQF,15,1,0.49558990802818287,1495
sequence_extra_trees,5,KPGEPGPK,8,0,0.5820475881298264,759
sequence_extra_trees,5,RKRAAQ,6,1,0.5912863202097496,485
sequence_extra_trees,5,PHLSF,5,0,0.38918687185821077,193
sequence_extra_trees,5,ENLHLPLPLL,10,1,0.7491867183076806,958
sequence_extra_trees,5,LLQLEAIR,8,0,0.3729443577891854,771
sequence_extra_trees,5,GPRGP,5,0,0.5124473557722468,64
sequence_extra_trees,5,ITVDDKHYQK,10,0,0.6774772310186552,1134
sequence_extra_trees,5,NGLAP,5,0,0.6581266010784844,179
sequence_extra_trees,5,RWAWRWQWR,9,0,0.07344208660665147,1024
sequence_extra_trees,5,WCTSVS,6,0,0.3421957502932716,539
sequence_extra_trees,5,AWQKFLSAVVSALGR,15,0,0.32163626924440053,1488
sequence_extra_trees,5,NRVYVHPF,8,1,0.5808977323572946,784
sequence_extra_trees,5,NAGPFTPTVNREQLSTS,17,1,0.6278763885767821,1545
sequence_extra_trees,5,GLAGA,5,0,0.5149180663353435,63
sequence_extra_trees,5,EVMAGNLYPG,10,1,0.747025317350674,1100
sequence_extra_trees,5,VEIPHD,6,0,0.5431491349003331,519
sequence_extra_trees,5,EIVPNSAEERLH,12,1,0.500960448223122,1326
sequence_extra_trees,5,APAPRPPNAP,10,1,0.5684077746984131,1071
sequence_extra_trees,5,FVAPFPEVFGK,11,1,0.7919715620465173,900
sequence_extra_trees,5,TKIVP,5,1,0.7794780557171059,257
sequence_extra_trees,5,FLGFPT,6,0,0.40780469547085607,376
sequence_extra_trees,5,ENRKQDKRF,9,0,0.4051824973333303,890
sequence_extra_trees,5,IITNW,5,1,0.47255958109517965,93
sequence_extra_trees,5,LEGGDALSASQ,11,1,0.409984977640601,1280
sequence_extra_trees,5,IETWNPNNQ,9,1,0.4741871225219589,923
sequence_extra_trees,5,WPPRPQIPP,9,1,0.7111910350174933,1054
sequence_extra_trees,5,YRNTQ,5,1,0.5135917103039088,338
sequence_extra_trees,5,PACGGFYISGRPG,13,0,0.6452900626984267,1424
sequence_extra_trees,5,HHQDPPW,7,0,0.4102502370777988,607
sequence_extra_trees,5,MAIPP,5,0,0.7553004605538121,162
sequence_extra_trees,5,WTSSTMMEER,10,0,0.4351067774488525,1224
sequence_extra_trees,5,AYPQQ,5,1,0.34554169442526034,22
sequence_extra_trees,5,ALPMH,5,1,0.6009171793887518,11
sequence_extra_trees,5,SVDGKEDLIA,10,0,0.4019742793137296,1195
sequence_extra_trees,5,QQRQQQGL,8,0,0.20765145985826347,801
sequence_extra_trees,5,GRKSSK,6,0,0.3960166572108681,232
sequence_extra_trees,5,RYYGY,5,0,0.3633382487167614,241
sequence_extra_trees,5,SWAQL,5,0,0.4270358766265268,249
sequence_extra_trees,5,WLFKFLAWKKK,11,0,0.21997827855746677,1313
sequence_extra_trees,5,LAHMIVAGA,9,1,0.5931934325954381,939
sequence_extra_trees,5,NLHLPLPLL,9,1,0.7660265595085494,958
sequence_extra_trees,5,PQRDMP,6,1,0.4715449121566101,467
sequence_extra_trees,5,YQETSSSSSQEQ,12,0,0.42132079071054485,1386
sequence_extra_trees,5,RGSALTHLP,9,0,0.6797850678125361,1017
sequence_extra_trees,5,AGCGCEAMFAGA,12,1,0.5318541853494929,1324
sequence_extra_trees,5,EEEKNRLTKKTKLT,14,1,0.3918104268372411,1441
sequence_extra_trees,5,TETWNPNHPEL,11,0,0.5073788779728484,1303
sequence_extra_trees,5,FDGEVK,6,0,0.39120200358626467,371
sequence_extra_trees,5,WHHTF,5,1,0.3266792898325054,306
sequence_extra_trees,5,NSNLVGAAHEELQQSR,16,0,0.549258752873752,1527
sequence_extra_trees,5,YPFVE,5,0,0.23188222615026613,324
sequence_extra_trees,5,GPPGPP,6,1,0.6219101373425382,387
sequence_extra_trees,5,VSRHFASYAN,10,1,0.5309533592901975,1216
sequence_extra_trees,5,RYQKF,5,1,0.471232156797735,240
sequence_extra_trees,5,AAAPVAVAK,9,1,0.7490305100696717,866
sequence_extra_trees,5,YPFVV,5,0,0.2804777541911576,325
sequence_extra_trees,5,IQHST,5,1,0.5277531294672394,102
sequence_extra_trees,5,RKQDK,5,0,0.43635893143209864,231
sequence_extra_trees,5,PVQALLLNQELLLNP,15,1,0.6731140742417739,1507
sequence_extra_trees,5,FETISFK,7,1,0.4056951957352571,583
sequence_extra_trees,5,VEFEG,5,1,0.521973167525083,272
sequence_extra_trees,5,VDHDHPE,7,0,0.3441242713117255,683
sequence_extra_trees,5,KWKLFKKIGAVLKVL,15,0,0.2744671291719246,1498
sequence_extra_trees,5,ITMIAPSAF,9,1,0.5533565005303349,928
sequence_extra_trees,5,IGGIGTVPVGR,11,1,0.6849306904252263,1268
sequence_extra_trees,5,MPFLKSPIVPF,11,1,0.5653796227682608,1290
sequence_extra_trees,5,LVMFLDNQHRVIRH,14,0,0.48288252924690545,1466
sequence_extra_trees,5,YQQRPVA,7,1,0.548270899822581,700
sequence_extra_trees,5,IHVIGDF,7,1,0.38628140100520425,613
sequence_extra_trees,5,LGGAKQAGDV,10,0,0.37331412300124894,1142
sequence_extra_trees,5,GPRGPP,6,0,0.5699088314448612,64
sequence_extra_trees,5,LHMFK,5,1,0.36605045000451997,133
sequence_extra_trees,5,GLQLPFSEE,9,1,0.4146869284457933,907
sequence_extra_trees,5,QKAVPYPQRDMPI,13,1,0.5379677286669919,1428
sequence_extra_trees,5,GPSGPPGPKGN,11,0,0.5543788388953999,1263
sequence_extra_trees,5,GVPKVKETMVPKH,13,1,0.6668796088539466,1337
sequence_extra_trees,5,TPLVTLFK,8,0,0.5417637061166033,823
sequence_extra_trees,5,FRQFYQL,7,1,0.517423876544267,590
sequence_extra_trees,5,VLSTSFPPK,9,1,0.6044057267294631,1040
sequence_extra_trees,5,LDKVFER,7,0,0.5488730206792006,629
sequence_extra_trees,5,RPKHPIK,7,1,0.6031581670757732,489
sequence_extra_trees,5,TVGGAPAGRIVME,13,1,0.6737832147851964,1436
sequence_extra_trees,5,YSQQQQ,6,1,0.28071160808487616,558
sequence_extra_trees,5,PVVVPPFLQPEV,12,1,0.6820000105866041,1365
sequence_extra_trees,5,LIAVP,5,0,0.6983910093401697,136
sequence_extra_trees,5,KFAYPQ,6,1,0.5142672338478931,413
sequence_extra_trees,5,KWEKPF,6,1,0.4838324347402629,419
sequence_extra_trees,5,PFVEPI,6,0,0.2926370785125075,57
sequence_extra_trees,5,GLFKIISGIA,10,0,0.3309005436781436,1115
sequence_extra_trees,5,LGFEYY,6,0,0.4584415012878946,132
sequence_extra_trees,5,GVGTGKPGER,10,1,0.6288901722449259,1121
sequence_extra_trees,5,MGSPT,5,0,0.3918319824858418,165
sequence_extra_trees,5,HVAGTVA,7,0,0.5180211224746603,609
sequence_extra_trees,5,LVVAPWT,7,0,0.43938881323654433,638
sequence_extra_trees,5,IAYKPE,6,0,0.7433118033208101,398
sequence_extra_trees,5,KKIATYQER,9,1,0.5357989740504754,937
sequence_extra_trees,5,VENLHLPLPLL,11,1,0.7355912271461805,958
sequence_extra_trees,5,RPKHPIKHQGLPQ,13,1,0.5311332527695362,1431
sequence_extra_trees,5,TEDQAMEDIK,10,0,0.5010774694593829,1197
sequence_extra_trees,5,VLSRYP,6,1,0.6387955739767363,525
sequence_extra_trees,5,GDRFQDQHQ,9,0,0.4233423286536737,904
sequence_extra_trees,5,FDKLPGFGD,9,1,0.4672311264425227,894
sequence_extra_trees,5,IGSENSEKTTMP,12,1,0.6425823006165229,1347
sequence_extra_trees,5,QFADG,5,0,0.31741811251935,216
sequence_extra_trees,5,EQLTK,5,0,0.3971011500975824,43
