model,fold,sequence,length,pIC50_observed,pIC50_predicted,similarity_cluster
sequence_ridge,1,AAAPVAVAK,9,4.980883709552927,4.470724956896257,892
sequence_ridge,1,AAATP,5,4.0,4.8159626734189445,434
sequence_ridge,1,AFL,3,4.190465862773459,4.584218925043655,132
sequence_ridge,1,AFPGS,5,5.431798275933005,4.90817219289586,435
sequence_ridge,1,AGDDAPR,7,4.924088238517222,5.84448126441319,739
sequence_ridge,1,AGP,3,3.2518119729938,4.2030403693622524,134
sequence_ridge,1,AI,2,2.8140951744048994,1.5742661107652713,4
sequence_ridge,1,AKYCY,5,4.700057099977233,7.026062234454319,437
sequence_ridge,1,AKYSY,5,5.823908740944319,4.845586447836564,438
sequence_ridge,1,ALNEINQFY,9,3.6595558851598815,3.2799215409505087,896
sequence_ridge,1,ALNEINQFYQK,11,3.5783960731301687,3.2739367516183373,896
sequence_ridge,1,ALP,3,3.619788758288394,3.1643753904665717,138
sequence_ridge,1,ALPHA,5,5.0,4.061194841825216,440
sequence_ridge,1,ALPMH,5,3.283162276700476,0.2805909542783116,441
sequence_ridge,1,ALPMHIR,7,4.366531544420413,3.110723220748139,740
sequence_ridge,1,AMKPW,5,3.2365720064370627,4.478879768321071,442
sequence_ridge,1,AMPKPW,6,3.2365720064370627,4.605438443159274,442
sequence_ridge,1,ARF,3,5.522878745280337,5.06225575807241,141
sequence_ridge,1,ASQSIWLPGWL,11,5.39577394691553,4.812183033094201,981
sequence_ridge,1,AVV,3,4.176525770829699,3.651110790722316,146
sequence_ridge,1,AVVRP,5,4.130768280269024,4.222155810444132,449
sequence_ridge,1,CFCTKPC,7,5.882728704344236,4.256865211782871,745
sequence_ridge,1,CMENSA,6,3.1034737825104446,5.0975301134073705,622
sequence_ridge,1,DAYPSGAW,8,4.008773924307505,4.386432557778298,823
sequence_ridge,1,DFG,3,4.349692476868063,3.06319029623884,148
sequence_ridge,1,DIGYY,5,5.4698003017969175,5.094067646919215,452
sequence_ridge,1,DLP,3,5.318758762624412,3.9534041763390135,149
sequence_ridge,1,DM,2,3.2218487496163566,0.02846552721649509,15
sequence_ridge,1,EP,2,2.920818753952376,3.672076577099726,20
sequence_ridge,1,ERVL,4,3.698319050706424,3.6341429842309796,352
sequence_ridge,1,EVSQGRP,7,4.301029995663981,4.548170315533936,751
sequence_ridge,1,FAGDDAPRR,9,3.580077278962397,6.298582978147946,900
sequence_ridge,1,FAL,3,4.580044251510242,4.065544220706946,151
sequence_ridge,1,FCF,3,4.958607314841775,2.811857533893856,153
sequence_ridge,1,FCLYELAR,8,4.499900808084277,4.671747750821185,828
sequence_ridge,1,FFVAPFEVFGK,11,4.113509274827518,4.970647058992229,982
sequence_ridge,1,FFVAPFPEVFGK,12,4.113509274827518,4.521100169731661,982
sequence_ridge,1,FFVAPFPFEVFGK,13,4.113509274827518,4.894290914762549,982
sequence_ridge,1,FFVAPFPGVFGK,12,4.113509274827518,4.980381351702195,982
sequence_ridge,1,FGK,3,3.795880017344075,3.467861334668273,156
sequence_ridge,1,FNQ,3,3.474955192963155,0.6308237119590574,158
sequence_ridge,1,FPEVFGK,7,3.853871964321762,3.42876701557094,755
sequence_ridge,1,FR,2,3.036212172654445,6.575714361590408,28
sequence_ridge,1,FRADHPFL,8,5.494850021680094,5.835215747828969,757
sequence_ridge,1,FRAHPFL,7,5.494850021680094,5.501059048531344,757
sequence_ridge,1,FSDKIAK,7,3.944621668625,1.6410601071937316,760
sequence_ridge,1,FSY,3,4.211978582870912,-6.7952260335524395,161
sequence_ridge,1,FYQQ,4,4.6020599913279625,4.201761891572148,355
sequence_ridge,1,GAAGAAP,7,5.468521082957745,4.051123530126117,761
sequence_ridge,1,GAPGLPGP,8,4.531652669587842,5.280748556072059,834
sequence_ridge,1,GEGSGA,6,3.944239535312265,2.9904318356313655,634
sequence_ridge,1,GF,2,3.5561114532226283,1.5341213609690771,34
sequence_ridge,1,GFPGER,6,3.0210894228244283,3.927829244513595,635
sequence_ridge,1,GFR,3,4.02571864112217,4.140505156033165,167
sequence_ridge,1,GGY,3,5.886056647693163,4.4836344399880925,168
sequence_ridge,1,GI,2,2.886056647693163,2.537786573032748,37
sequence_ridge,1,GK,2,2.2676062401770314,2.7746979147560014,38
sequence_ridge,1,GLTGRPGDAGPQGK,14,3.3435184842095014,4.072945116827018,1021
sequence_ridge,1,GPAGAP,6,2.0809219076239263,4.2221515895307205,638
sequence_ridge,1,GPIGPP,6,3.908684840302777,3.7757116010739726,639
sequence_ridge,1,GPPGAP,6,2.006211552636506,4.594838570712365,638
sequence_ridge,1,GPPGPP,6,1.94692155651658,4.679210478874239,639
sequence_ridge,1,GPTGPAGP,8,3.580077278962397,4.148632415250536,836
sequence_ridge,1,GTW,3,3.333107788933464,1.3478888382003418,182
sequence_ridge,1,GVPKVKETMVPK,12,3.424696666577601,5.659842731747034,998
sequence_ridge,1,GVPKVKETMVPKH,13,3.651305809734459,5.301640602349271,998
sequence_ridge,1,GVYPH,5,2.5999993830236203,4.555791113880723,471
sequence_ridge,1,GVYPHK,6,5.795880017344075,4.720934331782027,471
sequence_ridge,1,GYK,3,3.795880017344075,4.180387255279262,184
sequence_ridge,1,HDHM,4,3.558776325757388,4.33673353637679,362
sequence_ridge,1,HIR,3,3.020907099361674,6.437783986043126,187
sequence_ridge,1,IEKP,4,5.364041496042277,5.220612973529594,365
sequence_ridge,1,IHPF,4,4.935542010773082,4.557297444596098,366
sequence_ridge,1,IKPVQ,5,4.474955192963154,4.607366207793684,487
sequence_ridge,1,INYWL,5,4.958607314841775,4.370022271778152,489
sequence_ridge,1,IPAIN,5,3.363913484896927,3.446209954056771,491
sequence_ridge,1,IPN,3,3.85078088734462,5.50277940424812,207
sequence_ridge,1,IQP,3,5.42021640338319,4.34754107882297,210
sequence_ridge,1,ISHIYVWK,8,5.423658649794207,7.221185998392009,843
sequence_ridge,1,IVVE,4,3.5012760292520952,4.90790709445481,368
sequence_ridge,1,IVY,3,4.831502516476967,4.813634439350428,221
sequence_ridge,1,IWHHT,5,5.236572006437063,4.746028139319428,497
sequence_ridge,1,IYK,3,3.7520267336381936,4.373703425275347,223
sequence_ridge,1,IYPR,4,5.0,5.237483309971632,370
sequence_ridge,1,KFPQY,5,4.907630300370879,4.44235378538298,503
sequence_ridge,1,KKYMVPQL,8,4.112945621949043,5.366678155151082,845
sequence_ridge,1,KKYNVPQL,8,4.112382699664264,4.236393107982996,845
sequence_ridge,1,KL,2,4.29929628285498,2.403794462779003,61
sequence_ridge,1,KLKFV,5,4.51999305704285,4.288250548692557,504
sequence_ridge,1,KPPETV,6,4.617982957425132,4.894829925889221,657
sequence_ridge,1,KR,2,3.42021640338319,3.4860997447828423,63
sequence_ridge,1,KVAGPK,6,3.515700160653214,4.999744148338949,660
sequence_ridge,1,KVLPG,5,3.5760336313197145,5.180134139294216,506
sequence_ridge,1,KW,2,5.0372408209112844,5.005331292643278,64
sequence_ridge,1,KWL,3,4.360513510731414,5.019132406982703,227
sequence_ridge,1,LALPP,5,3.1023729087095586,4.517344165665715,507
sequence_ridge,1,LAMA,4,3.114400345836246,4.478038000805019,376
sequence_ridge,1,LAPSLPGKPKPD,12,5.705533773838408,3.9778416985705354,1003
sequence_ridge,1,LFLIKH,6,5.072116589669293,5.545836534124403,670
sequence_ridge,1,LHLPLL,6,5.455931955649724,4.601392150720406,675
sequence_ridge,1,LHLPLPL,7,3.363813104801276,5.0956401364069865,675
sequence_ridge,1,LHLPLR,6,5.7447274948966935,4.899878287161929,675
sequence_ridge,1,LHLWLP,6,5.045757490560675,4.771039538929329,676
sequence_ridge,1,LHLYLP,6,4.723538195826756,4.7118994485665135,676
sequence_ridge,1,LIWKL,5,6.327902142064283,5.657648385625361,511
sequence_ridge,1,LKGYGGVSLPEW,12,4.080921907623926,4.97580294210451,1004
sequence_ridge,1,LKISQ,5,4.9730583720409705,7.160507696741722,512
sequence_ridge,1,LKKISQ,6,5.585026652029182,6.951788594509654,512
sequence_ridge,1,LKL,3,3.72584215073632,4.627685311233875,238
sequence_ridge,1,LKPMN,5,5.314503033242628,3.9926256284077812,514
sequence_ridge,1,LKVGVKQY,8,4.958607314841775,5.614314341835401,853
sequence_ridge,1,LLLAHLL,7,5.284832642151542,4.446208501137699,781
sequence_ridge,1,LLMPK,5,3.1635492862798453,5.0059709059187085,519
sequence_ridge,1,LNNSRAP,7,3.9775716288145135,2.8140422817235544,783
sequence_ridge,1,LQSW,4,3.3010299956639813,8.800074532923013,385
sequence_ridge,1,LRP,3,6.553119118971028,5.307657876567943,250
sequence_ridge,1,LRPVAA,6,5.382999658879101,4.956209895231973,680
sequence_ridge,1,LRY,3,5.292429823902063,5.346597926745453,252
sequence_ridge,1,LSMGSASLSP,10,5.098152790829522,3.782548031363209,957
sequence_ridge,1,LVP,3,5.00436480540245,3.9507942996902745,258
sequence_ridge,1,LVRT,4,2.607303046740334,3.8596094746842886,387
sequence_ridge,1,LVY,3,5.7447274948966935,4.679579791491776,260
sequence_ridge,1,LVYPFP,6,3.87942606879415,4.437715638076935,681
sequence_ridge,1,LW,2,4.627087997029893,3.5816341772474507,69
sequence_ridge,1,LYHVL,5,4.756961951313706,6.50992479047373,527
sequence_ridge,1,LYP,3,5.180456064458132,4.642447548211245,261
sequence_ridge,1,MF,2,4.349692476868063,20.11483225493773,72
sequence_ridge,1,MLLCS,5,4.004935217675512,3.334425865114094,531
sequence_ridge,1,MNP,3,4.176525770829699,2.048897230352534,267
sequence_ridge,1,MPF,3,4.74521031260279,4.829634837837326,268
sequence_ridge,1,MRW,3,6.221848749616356,7.035027758891719,269
sequence_ridge,1,MYY,3,5.017728766960431,4.651066190717729,270
sequence_ridge,1,NPPHQIYP,8,4.431798275933005,4.563211431754453,795
sequence_ridge,1,NPPSV,5,4.391902053674721,4.631108046009646,540
sequence_ridge,1,NWGPLV,6,4.6777807052660805,4.19395426836546,688
sequence_ridge,1,PANIKWGD,8,4.6777807052660805,4.866318197669379,861
sequence_ridge,1,PAPPK,5,3.69988298171013,4.845572109973852,541
sequence_ridge,1,PAVVRP,6,4.7447274948966935,4.217051822876369,449
sequence_ridge,1,PDLVF,5,4.071092309756047,4.43909947631291,542
sequence_ridge,1,PDWFLLL,7,5.7544873321858505,8.115674967772012,790
sequence_ridge,1,PG,2,1.769551078621726,4.827339459069146,82
sequence_ridge,1,PKHP,4,3.1492925146254627,3.966955392389765,394
sequence_ridge,1,PLIYP,5,5.356547323513812,5.716230414241659,545
sequence_ridge,1,PLP,3,3.3665315444204134,4.762918393009299,277
sequence_ridge,1,PNRIKYGD,8,5.3979400086720375,4.729270885555348,864
sequence_ridge,1,PPEIN,5,4.915016886418039,2.804935395808446,548
sequence_ridge,1,PPHQIYP,7,4.657577319177793,4.671531583623981,795
sequence_ridge,1,PPK,3,2.9997829612603404,4.365701843697452,279
sequence_ridge,1,PQPLIYP,7,5.522878745280337,4.883208316083266,796
sequence_ridge,1,PRVF,4,3.958607314841775,4.215442665937723,395
sequence_ridge,1,PSNPP,5,3.716088473696271,4.780778628641108,553
sequence_ridge,1,PVEPFTESQ,9,5.804100347590766,2.352758525476275,922
sequence_ridge,1,PVNNPQIH,8,3.684659523372712,2.8074360329056827,867
sequence_ridge,1,PVPQP,5,3.958607314841775,3.7057410315340547,557
sequence_ridge,1,PYKW,4,4.764471553092451,4.5545151164111966,396
sequence_ridge,1,QLADVSPAAFLTQQQLLPFYLHAM,24,3.758378819208576,4.691946010525659,1045
sequence_ridge,1,QN,2,4.050609993355087,5.9307024970290385,87
sequence_ridge,1,QNALIVRYTR,10,5.337242168318426,4.10800288126328,964
sequence_ridge,1,QPIP,4,3.065501548756432,3.4327993490012827,398
sequence_ridge,1,QPLIYP,6,5.443697499232712,5.271698769842751,545
sequence_ridge,1,QPQPLIYP,8,5.3979400086720375,4.696108314615231,796
sequence_ridge,1,QSEPKAIP,8,3.1249387366083,2.823033426169753,804
sequence_ridge,1,QVVF,4,3.795880017344075,4.184853856134777,399
sequence_ridge,1,RADFY,5,2.869666231504994,4.141963717701444,561
sequence_ridge,1,REKVLASS,8,4.494850021680094,5.402182825615422,870
sequence_ridge,1,RELEEL,6,3.0,3.8488108064839643,698
sequence_ridge,1,RF,2,4.031517051446065,5.6317576646158125,90
sequence_ridge,1,RIY,3,4.552841968657781,5.157467877019964,287
sequence_ridge,1,RP,2,4.6777807052660805,4.234452909935229,92
sequence_ridge,1,RPK,3,4.236205260656572,4.395891196039401,288
sequence_ridge,1,RPKHPI,6,4.394694953858891,4.215502755482714,699
sequence_ridge,1,RPR,3,3.417936637088291,4.765967845128504,289
sequence_ridge,1,RS,2,4.211124884224583,0.42792220358854705,94
sequence_ridge,1,RVFDGAV,7,2.9974020192800914,3.263757877631779,802
sequence_ridge,1,RW,2,4.795880017344075,5.816768700878398,95
sequence_ridge,1,SEPKAIP,7,3.3665315444204134,3.8407261639124757,804
sequence_ridge,1,SF,2,3.885389015767827,0.6155224247699254,97
sequence_ridge,1,SFHPYFSY,8,4.082441979174564,0.2822603093762952,872
sequence_ridge,1,SFYPDY,6,3.9800533183211577,4.53862352421601,702
sequence_ridge,1,SKVPP,5,4.129479049987236,4.070593652304208,571
sequence_ridge,1,SKVYP,5,5.853871964321762,4.319618434886262,572
sequence_ridge,1,ST,2,5.394694953858891,1.2507158480783866,99
sequence_ridge,1,STHGVY,6,4.714442690992226,4.75040242795943,703
sequence_ridge,1,SVAKL,5,3.050000457140078,4.613961034261438,576
sequence_ridge,1,SVAKLE,6,2.660000322371772,3.664098951120417,576
sequence_ridge,1,SWSF,4,4.117475462045119,9.191801690203036,406
sequence_ridge,1,TAP,3,5.455931955649724,5.141962868590043,292
sequence_ridge,1,TFPHGP,6,3.0793549985932125,5.082841015134274,704
sequence_ridge,1,TG,2,2.0043648054024503,5.1394123138432946,102
sequence_ridge,1,TKVIP,5,3.397940008672037,5.339559121317061,579
sequence_ridge,1,TPRVF,5,3.6989700043360183,3.6699531310704803,581
sequence_ridge,1,TPTQQS,6,4.1351923709738525,3.791587402041066,709
sequence_ridge,1,TSFYPDY,7,4.096910013008056,4.863347994370937,702
sequence_ridge,1,TTN,3,3.172178572317198,2.851067286621764,296
sequence_ridge,1,TVY,3,4.823908740944319,6.494777841122118,297
sequence_ridge,1,TVYTKGRVMP,10,4.42021640338319,4.791211625080112,971
sequence_ridge,1,VAA,3,4.886056647693163,4.642083045475404,298
sequence_ridge,1,VADVYVGK,8,5.549750891680639,4.524605562100829,877
sequence_ridge,1,VAP,3,5.698970004336019,5.021852659835313,300
sequence_ridge,1,VAW,3,5.543633966870957,4.8104015397871445,302
sequence_ridge,1,VLDTDYK,7,3.024108863598207,3.016719054313581,809
sequence_ridge,1,VNP,3,5.1938200260161125,2.8686746799205043,314
sequence_ridge,1,VPFGVG,6,3.473660722610156,3.644231357658961,718
sequence_ridge,1,VQKATY,6,5.841637507904751,4.988834620959492,719
sequence_ridge,1,VSP,3,5.0,6.121566971619149,320
sequence_ridge,1,VTGRFAGHPAAQ,12,4.563837352959244,4.191428892226012,1007
sequence_ridge,1,VTSTAV,6,4.2839966563652006,5.804172947155412,723
sequence_ridge,1,VVY,3,4.657577319177793,5.064823414780353,323
sequence_ridge,1,VVYPWTQRF,9,4.464705879957229,5.145821572424303,932
sequence_ridge,1,VWDPPKFD,8,3.551926158556907,2.9356812894819466,885
sequence_ridge,1,VWIS,4,4.522878745280337,8.691210742598845,421
sequence_ridge,1,VYAP,4,5.214670164989233,5.2755470101421285,422
sequence_ridge,1,VYP,3,3.540607512240769,4.738595325885594,326
sequence_ridge,1,VYPFPG,6,3.6556077263148894,4.430993885332836,726
sequence_ridge,1,VYPHK,5,5.338187314462739,4.906351471756115,607
sequence_ridge,1,WLP,3,3.397940008672037,4.751956179025385,327
sequence_ridge,1,WPEAAELMMEVDP,13,4.665546248849069,3.9193414762668115,1017
sequence_ridge,1,WPERPPQIP,9,4.6222234694421545,3.062755873040874,934
sequence_ridge,1,WV,2,3.3005959181846625,2.4988205924815245,119
sequence_ridge,1,YAKPVA,6,3.344663962534938,5.164833746911552,728
sequence_ridge,1,YALPHA,6,5.008773924307505,4.478456802867321,440
sequence_ridge,1,YGAP,4,4.7594507517174005,4.3293068590612735,423
sequence_ridge,1,YH,2,5.292429823902063,4.197524112994798,123
sequence_ridge,1,YKVPQL,6,4.657577319177793,3.971994837033371,730
sequence_ridge,1,YKYY,4,4.192464971931146,4.369800935692021,427
sequence_ridge,1,YLGYLE,6,4.066715227651305,3.6013066705528627,732
sequence_ridge,1,YLYEIARR,8,4.0655015487564325,3.8984850029867384,890
sequence_ridge,1,YN,2,4.292429823902063,4.790095353167514,126
sequence_ridge,1,YPI,3,4.281368533544392,2.7065067798897657,335
sequence_ridge,1,YPLDL,5,4.292429823902063,3.1295730201809686,615
sequence_ridge,1,YPLDLF,6,4.61261017366127,3.0904878146396872,615
sequence_ridge,1,YSQQQQ,6,3.065501548756432,3.0653927439896123,736
sequence_ridge,1,YW,2,4.978810700930062,0.6561792778220816,129
sequence_ridge,1,YYAPF,5,4.580044251510242,4.851148595845458,617
sequence_ridge,1,YYAPFE,6,4.156631740374895,5.322848841924896,617
sequence_ridge,2,ADVFNPR,7,3.313631896526964,5.494837278086976,738
sequence_ridge,2,AFKAWAVAR,9,5.769551078621726,4.849285070234269,893
sequence_ridge,2,AHLL,4,3.6365552500463103,4.863696724750974,344
sequence_ridge,2,AIPP,4,3.0457574905606752,3.7516748574854883,346
sequence_ridge,2,APP,3,5.337242168318426,4.0014530525177205,139
sequence_ridge,2,AQQLAAQLPAMCR,13,4.167491087293763,3.5976480612291537,1010
sequence_ridge,2,AQTQSLVYP,9,4.119186407719209,4.4316343051258595,898
sequence_ridge,2,AR,2,4.019996628416253,4.546473041700851,6
sequence_ridge,2,ARHPH,5,4.806041021980813,3.757367463299839,446
sequence_ridge,2,AVNPIR,6,4.886056647693163,4.665302438128487,620
sequence_ridge,2,AYIASKGL,8,4.460046158343603,4.548933200922747,822
sequence_ridge,2,DDTGHDFEDTGEAM,14,5.015922966097169,3.62043162935659,1018
sequence_ridge,2,DMIPAQK,7,4.346787486224656,3.5726948374009733,748
sequence_ridge,2,EA,2,2.0,8.735323917755906,18
sequence_ridge,2,EDENNPFYLR,10,3.136677139879544,4.191311329434304,943
sequence_ridge,2,EKERERQ,7,3.257667717642852,0.44063916799491176,749
sequence_ridge,2,EKVNELSK,8,2.221993538576492,5.828577704044023,825
sequence_ridge,2,ENLHLPLP,8,3.8096683018297086,3.794591784171364,787
sequence_ridge,2,ENLHLPLPLL,10,3.6020599913279625,3.9041067379279046,920
sequence_ridge,2,ESAGIH,6,3.429924294678396,4.23461231766967,627
sequence_ridge,2,EVMAGNLYPG,10,4.7349967929122965,5.503652771144806,945
sequence_ridge,2,FAP,3,5.42021640338319,5.136415879106797,152
sequence_ridge,2,FAQTQSLVYP,10,4.6020599913279625,4.856836298706512,898
sequence_ridge,2,FE,2,5.838631997765025,4.125886939245898,23
sequence_ridge,2,FFGRCVSP,8,6.3979400086720375,6.550830897999611,752
sequence_ridge,2,FGRCVSP,7,5.207608310501746,7.062904797554857,752
sequence_ridge,2,FHSGIQSEPKAIP,13,3.283996656365201,3.252010833067841,1001
sequence_ridge,2,FL,2,5.876148359032914,4.410596417561826,26
sequence_ridge,2,FLKPLFNAALKLLP,14,4.653842697767992,5.148963800516576,1020
sequence_ridge,2,FLVPP,5,4.92009553233328,4.580725276903177,458
sequence_ridge,2,FNQLAALNSAAYLQQQQLLPFSQLA,25,4.848017604542526,2.771180177463263,1046
sequence_ridge,2,FP,2,3.5016894462104,3.2331976088139247,27
sequence_ridge,2,FQP,3,4.920818753952375,5.630571949288017,159
sequence_ridge,2,FQPQPLIYP,9,5.7447274948966935,5.314810860508804,902
sequence_ridge,2,FQPSF,5,4.901010360598823,5.695186276348344,459
sequence_ridge,2,FRC,3,5.154901959985743,9.90878598745016,160
sequence_ridge,2,FVAP,4,5.0,5.013997146804286,354
sequence_ridge,2,GAAELPCSADWW,12,6.022276394711152,4.275705093612073,996
sequence_ridge,2,GAATHEAP,8,3.682688979793189,5.858911812358645,833
sequence_ridge,2,GD,2,2.036212172654445,5.695387134727708,32
sequence_ridge,2,GEGGP,5,3.784356974007387,3.4357546115554563,462
sequence_ridge,2,GEHGGAGMGGGQFQPV,16,3.309316719950892,3.4122859901565437,1035
sequence_ridge,2,GH,2,2.508638306165728,2.1628038323587835,36
sequence_ridge,2,GHF,3,2.958607314841775,1.8072903005133854,169
sequence_ridge,2,GHG,3,3.913640169325252,3.305026022490518,170
sequence_ridge,2,GIPGERGPVGPSG,13,4.36251027048749,3.9073958292317865,1012
sequence_ridge,2,GKEIIVKAQR,10,4.179995693191682,4.372931405265291,950
sequence_ridge,2,GPA,3,3.3925449767853317,3.669322970385324,174
sequence_ridge,2,GPL,3,5.576754126063192,3.992990690577914,175
sequence_ridge,2,GPPP,4,4.2479709053828625,3.7032029727613534,359
sequence_ridge,2,GPVGPA,6,3.908684840302777,3.477752057644433,640
sequence_ridge,2,GQ,2,2.4369342963690075,3.91564821876621,42
sequence_ridge,2,GQY,3,4.281498311132726,5.002704924919088,179
sequence_ridge,2,GR,2,3.789949150124863,3.794437323757108,43
sequence_ridge,2,GRVMP,5,3.6020599913279625,4.674358866762854,466
sequence_ridge,2,GSAGPAGPSGPRGP,14,3.779891911959945,3.403227514503267,1023
sequence_ridge,2,GTEKC,5,3.8846658948669326,6.377314667471987,468
sequence_ridge,2,GVGAGY,6,5.39040559077478,3.875973095743632,641
sequence_ridge,2,GWAP,4,5.413412695328245,4.315409943829228,361
sequence_ridge,2,GY,2,3.8998934256884383,6.277507552915802,48
sequence_ridge,2,HL,2,2.494850021680094,5.463588237741851,50
sequence_ridge,2,HPHPHLSF,8,3.039102157243452,4.4198805775487795,838
sequence_ridge,2,HPIKH,5,2.8964699365716253,2.684397292223075,474
sequence_ridge,2,HQAAGW,6,4.221848749616356,4.196202501178058,645
sequence_ridge,2,HSGIQSEPKAIP,12,2.999565922520681,2.527647274694076,1001
sequence_ridge,2,HWTTQR,6,2.804006843574772,6.37074541586721,646
sequence_ridge,2,IAE,3,4.459670525209126,4.682390087417721,190
sequence_ridge,2,IAGRP,5,4.586030028251939,4.4810453643704,477
sequence_ridge,2,IAK,3,4.804100347590766,4.870789687150708,191
sequence_ridge,2,IARDSAAVF,9,4.248720896016658,3.416350285287861,906
sequence_ridge,2,IAYKP,5,5.533132379645891,4.478085232525243,479
sequence_ridge,2,IFG,3,2.999565922520681,4.140101327292275,198
sequence_ridge,2,IFVPAF,6,5.468521082957745,4.861709830914788,648
sequence_ridge,2,IGSENSEKTTMP,12,3.111792416405554,1.789120629914522,1002
sequence_ridge,2,IITNW,5,4.509199047989145,5.6287405118948115,485
sequence_ridge,2,IKP,3,5.6020599913279625,4.533133847838899,201
sequence_ridge,2,IMVAEAR,7,4.075100735985717,4.034297377661072,771
sequence_ridge,2,IP,2,3.886056647693163,3.891606591640899,55
sequence_ridge,2,IPAQK,5,3.696803942579511,3.5004851526316987,492
sequence_ridge,2,IPY,3,3.686132779630847,4.736091774545874,209
sequence_ridge,2,ITF,3,4.309803919971486,3.9485714616259386,217
sequence_ridge,2,IW,2,5.327902142064282,6.742100574649477,56
sequence_ridge,2,IWH,3,5.455931955649724,6.27145393449396,222
sequence_ridge,2,IYEGY,5,4.100070117272136,2.860907877345909,498
sequence_ridge,2,IYLL,4,4.376750709602099,4.870765173010408,369
sequence_ridge,2,KAAAAP,6,4.703554205793604,4.750638810529194,653
sequence_ridge,2,KAAAATP,7,4.59108197915322,5.015626807967913,653
sequence_ridge,2,KAPVA,5,4.331987028358168,4.9185971771478885,500
sequence_ridge,2,KFHSGIQSEPKAIP,14,2.999565922520681,3.15457726008751,1001
sequence_ridge,2,KFYG,4,4.043351420794797,4.100787502312931,372
sequence_ridge,2,KGYGGVSL,8,3.5587142815251123,4.93166197262914,844
sequence_ridge,2,KKYKVPQ,7,3.144541419613964,4.608204256095774,775
sequence_ridge,2,KLPAGTLF,8,4.872895201635192,3.6788955406163337,846
sequence_ridge,2,KNGDGY,6,4.287097874952777,5.401177491747452,656
sequence_ridge,2,KP,2,4.657577319177793,3.704555058358692,62
sequence_ridge,2,KPGRP,5,4.173406946065952,4.403202086387847,505
sequence_ridge,2,KRQKYDI,7,4.581698708680254,0.9811998350839422,776
sequence_ridge,2,KVGTKCCAKP,10,4.522878745280337,4.627709610381026,955
sequence_ridge,2,KVLPLP,6,5.301029995663981,4.2556152724052385,663
sequence_ridge,2,KVLPVP,6,5.301029995663981,4.181576970758162,663
sequence_ridge,2,KVREEY,6,5.040958607678906,5.728588507957949,665
sequence_ridge,2,KY,2,5.113509274827518,4.53313618674831,65
sequence_ridge,2,LA,2,3.508638306165728,4.2677768238701415,66
sequence_ridge,2,LAA,3,4.886056647693163,4.922447853791131,229
sequence_ridge,2,LASPTM,6,4.223298816011589,3.315867315358067,669
sequence_ridge,2,LEK,3,3.096910013008056,3.226506736158558,232
sequence_ridge,2,LFRQ,4,4.769551078621726,-3.737249220378164,377
sequence_ridge,2,LG,2,2.0555173278498318,5.04469220703258,68
sequence_ridge,2,LGAVPPRY,8,4.53313237964589,4.968500149225201,849
sequence_ridge,2,LGFPTTKTYFPHF,13,5.308034897232639,4.651944231256924,1015
sequence_ridge,2,LGI,3,4.537602002101044,4.9594166191473645,233
sequence_ridge,2,LGPLGHQ,7,5.374687549038326,5.0249280720842915,780
sequence_ridge,2,LHP,3,2.494618336168116,3.7578822877622087,235
sequence_ridge,2,LHPGDAQR,8,4.987162775294828,3.646698502382016,850
sequence_ridge,2,LIPPGVPY,8,4.758456089600529,4.383166063994413,851
sequence_ridge,2,LKP,3,6.494850021680094,5.019269342154246,239
sequence_ridge,2,LKPDM,5,5.013676222949234,5.615320305525382,513
sequence_ridge,2,LKPTPEGN,8,2.570000775141681,4.927858002162422,852
sequence_ridge,2,LLYQQPV,7,2.999565922520681,3.43753788415999,782
sequence_ridge,2,LNY,3,4.091514981121351,4.4974257895014444,244
sequence_ridge,2,LPG,3,5.24184537803261,3.9580079191271134,246
sequence_ridge,2,LPLPLL,6,4.980468315468745,4.180531462766547,546
sequence_ridge,2,LPQNILP,7,4.337242168318426,3.5531232724541857,692
sequence_ridge,2,LQKW,4,4.459670525209126,4.6789702151489605,383
sequence_ridge,2,LQQGG,5,5.0655015487564325,3.65089804343229,522
sequence_ridge,2,LRCNG,5,5.537602002101044,6.972405754539238,523
sequence_ridge,2,LRW,3,6.638272163982407,6.300472165900967,251
sequence_ridge,2,LSA,3,5.1073489661227,3.9883888391769604,253
sequence_ridge,2,LSNGK,5,3.884056823060945,4.849987056554612,525
sequence_ridge,2,LSP,3,5.769551078621726,3.7865952479862615,254
sequence_ridge,2,LVVYPWTQ,8,4.137868620686962,4.989604583944567,814
sequence_ridge,2,LVYPFPGPIHNSLP,14,4.1487416512809245,6.715187673336426,1025
sequence_ridge,2,LVYPFPGPIPNSLP,14,5.2839966563652006,3.696089545686108,1025
sequence_ridge,2,LVYPFPGPIPNSLPQN,16,4.1487416512809245,4.129215086806141,1025
sequence_ridge,2,MA,2,3.8181564120552274,2.020470844848859,71
sequence_ridge,2,MAP,3,6.096910013008056,4.4467391059606,262
sequence_ridge,2,MDLA,4,8.0,8.8005742448286,390
sequence_ridge,2,MILLLFR,7,6.920818753952375,4.192857948734819,785
sequence_ridge,2,MLPAY,5,5.801342913045577,5.752006389790507,532
sequence_ridge,2,MPFLFK,6,4.0343280287798935,3.96490559299245,684
sequence_ridge,2,MTEEY,5,4.044312249686494,6.6513465812729935,537
sequence_ridge,2,MVGSAPGVL,9,5.510041520575165,3.51717968682045,919
sequence_ridge,2,MYPGIA,6,3.193128420162718,4.001342182425843,685
sequence_ridge,2,NG,2,1.920818753952375,5.136340333644761,78
sequence_ridge,2,NLHLPLP,7,4.292429823902063,3.986598052547456,787
sequence_ridge,2,NLHLPLPLL,9,4.823908740944319,4.036948460714483,920
sequence_ridge,2,NNVMLQW,7,4.389978975335855,5.824631802700334,788
sequence_ridge,2,NY,2,4.486782399932061,3.840341921622753,81
sequence_ridge,2,PANLPWGSSNV,11,4.7447274948966935,2.560393683820678,991
sequence_ridge,2,PAP,3,4.060480747381382,4.455654411279939,273
sequence_ridge,2,PGTAVFK,7,4.576754126063192,4.152042395095191,791
sequence_ridge,2,PLPLL,5,4.809755360419249,4.289470064059877,546
sequence_ridge,2,PNNKPFQ,7,4.481486060122112,5.081013561903109,794
sequence_ridge,2,PPPVHL,6,3.958607314841775,4.219561984626101,690
sequence_ridge,2,PQAFP,5,3.3778614395990787,2.8718427131043356,549
sequence_ridge,2,PQNILP,6,3.356547323513813,3.403704713061405,692
sequence_ridge,2,PRKEKLCTTS,10,3.847711655616944,4.2433713815765595,963
sequence_ridge,2,PSFQPQPLIYP,11,5.568636235841012,5.201555992073297,902
sequence_ridge,2,PSKIKWGD,8,4.167491087293763,5.247900862520526,866
sequence_ridge,2,PVGLVQPASATLYDY,15,4.721246399047171,4.3863225868608815,1030
sequence_ridge,2,PVRAVP,6,3.769551078621726,3.766646473914435,695
sequence_ridge,2,PYK,3,2.619788758288394,3.956248331203017,283
sequence_ridge,2,PYVRYL,6,5.619788758288394,5.1606891167269255,696
sequence_ridge,2,QG,2,2.130768280269024,1.9451070729277773,85
sequence_ridge,2,QLLKLK,6,3.4654662439948845,3.9544302801985007,697
sequence_ridge,2,QP,2,4.181774106386045,5.087325423267703,88
sequence_ridge,2,QPQAFP,6,3.214670164989233,3.2771289372846732,549
sequence_ridge,2,QSQPQAFP,8,3.154901959985743,2.708028174190252,806
sequence_ridge,2,QVPQPIP,7,3.1804560644581312,3.5401545063063913,800
sequence_ridge,2,RASDPLLSV,9,5.327902142064282,4.057498836055673,925
sequence_ridge,2,RFH,3,3.4814860601221125,3.032993623336285,285
sequence_ridge,2,RINKK,5,4.736600668665998,5.088506391232296,565
sequence_ridge,2,RMLGQ,5,3.4500041484693487,4.7461938509053825,566
sequence_ridge,2,SAYPGQITSN,10,5.149966742310231,4.378249083687857,965
sequence_ridge,2,SFQPQPLIYP,10,5.853871964321762,5.371442730968032,902
sequence_ridge,2,SHP,3,3.552841968657781,3.4798820288759913,291
sequence_ridge,2,SLPQN,5,5.022733787572707,4.591372760734615,573
sequence_ridge,2,SLVLPVPE,8,4.4089353929735005,3.8881313072172548,874
sequence_ridge,2,SNIP,4,3.6414940885097646,3.807098536428305,403
sequence_ridge,2,SPYP,4,3.070581074285707,3.6658162529316916,404
sequence_ridge,2,SQPK,4,3.4509967379742124,2.9853876743380967,405
sequence_ridge,2,SQPQAFP,7,3.1487416512809245,2.8451876912023795,806
sequence_ridge,2,SQSKVLPVPQ,10,4.036212172654444,3.33801631662217,967
sequence_ridge,2,SVAKLEK,7,4.086186147616283,4.479054466506176,807
sequence_ridge,2,TDQHQDKIYP,10,3.42021640338319,-2.4449787742027036,968
sequence_ridge,2,TF,2,4.7447274948966935,2.1351090141651805,101
sequence_ridge,2,TNLDWY,6,2.7139928779205253,3.26432607822548,708
sequence_ridge,2,TTMPLW,6,4.795880017344075,2.426370892875806,711
sequence_ridge,2,TYKEE,5,4.730954290342377,4.464333887281837,583
sequence_ridge,2,VENLHLPLPLL,11,3.7569619513137056,4.4354840100670385,920
sequence_ridge,2,VFNNNPQE,8,3.529589509024069,5.212067833029142,882
sequence_ridge,2,VGINYWLAHK,10,3.485452247339714,4.522016182785621,972
sequence_ridge,2,VGINYWLAHKHK,12,3.485452247339714,4.652540229728392,972
sequence_ridge,2,VIEKYP,6,7.0,4.116780252072957,714
sequence_ridge,2,VIIF,4,5.060480747381382,4.691282884574129,415
sequence_ridge,2,VIY,3,5.235863111416478,4.964385930120471,308
sequence_ridge,2,VKP,3,4.832284088911143,4.073766734136531,311
sequence_ridge,2,VLAQYK,6,4.493252143242387,4.102602295515086,716
sequence_ridge,2,VLIVP,5,5.772113295386326,5.054109461557719,598
sequence_ridge,2,VLPYP,5,4.443697499232712,4.32808839168932,600
sequence_ridge,2,VLPYPV,6,3.3767507096021,4.125989908190988,600
sequence_ridge,2,VMDKPQG,7,4.4089353929735005,5.90816843062839,810
sequence_ridge,2,VMP,3,4.537602002101044,4.742789843253521,313
sequence_ridge,2,VPAAPPK,7,6.346787486224656,4.258511995130785,811
sequence_ridge,2,VRGPFPIIV,9,3.2116163140785536,3.6803435544690744,931
sequence_ridge,2,VRKGQ,5,5.823908740944319,3.8962944304356393,602
sequence_ridge,2,VRL,3,3.680685695909488,4.23621964738871,318
sequence_ridge,2,VRP,3,5.657577319177793,4.812669378886209,319
sequence_ridge,2,VVRP,4,4.091514981121351,4.938748590778279,419
sequence_ridge,2,VVVPP,5,3.546070407942272,4.6565240724747365,605
sequence_ridge,2,VVVPPF,6,5.928117992693875,5.0662208643128075,605
sequence_ridge,2,VVYPWTQ,7,4.137868620686962,4.910406362265508,814
sequence_ridge,2,VYLPRM,6,5.634512015109101,5.396538665639283,725
sequence_ridge,2,WG,2,2.229147988357856,1.2733315720187335,113
sequence_ridge,2,WM,2,4.015022873584506,-0.25322968620699005,116
sequence_ridge,2,WP,2,3.663000235639472,4.900678273439563,117
sequence_ridge,2,WYS,3,3.3010299956639813,4.485335652353345,328
sequence_ridge,2,WYSLA,5,4.060980223551334,4.683667540781375,611
sequence_ridge,2,WYSLAM,6,4.236032391379672,5.277520992698225,611
sequence_ridge,2,YAP,3,4.831656518945058,4.962559535227136,329
sequence_ridge,2,YDDGSYKPH,9,5.269217724333611,2.293872458077379,937
sequence_ridge,2,YG,2,2.8174427221147016,1.5180869400016994,122
sequence_ridge,2,YGL,3,3.388276691992658,3.847524105089253,331
sequence_ridge,2,YINQMPQKSRE,11,4.995678626217357,5.745616019200483,995
sequence_ridge,2,YINQMPQKSREA,12,4.899629454882437,6.216224253660869,995
sequence_ridge,2,YLYEIA,6,3.3010299956639813,4.026059155239252,733
sequence_ridge,2,YLYEIAR,7,4.795880017344075,4.377019682001976,733
sequence_ridge,2,YNK,3,3.903089986991944,4.662607333287349,334
sequence_ridge,2,YPYY,4,4.041436116778033,4.779415050701033,431
sequence_ridge,2,YQEPVLGPVRG,11,3.385102783966865,3.9038767198227693,979
sequence_ridge,2,YQEPVLQPVR,10,3.5228787452803374,4.302785426274543,979
sequence_ridge,2,YQY,3,5.3979400086720375,3.685600515410475,338
sequence_ridge,2,YTFPFH,6,4.617622696531886,3.305668197943494,737
sequence_ridge,2,YVP,3,3.6989700043360183,5.9456362244135414,339
sequence_ridge,2,YVVFK,5,4.356547323513812,5.02907728267941,616
sequence_ridge,3,AEL,3,4.243363891754152,1.6284504441894967,131
sequence_ridge,3,AF,2,3.721246399047171,3.6269076695442926,1
sequence_ridge,3,AFP,3,3.214670164989233,3.186110937200169,133
sequence_ridge,3,AGSS,4,3.1725661045992206,3.16785954191887,342
sequence_ridge,3,AH,2,3.281083313985139,2.964674397361816,3
sequence_ridge,3,AHHP,4,3.071809051961243,3.085475408094318,343
sequence_ridge,3,AIGVGAIER,9,4.787546038959724,4.5653477702330285,894
sequence_ridge,3,AKK,3,5.504455662453552,3.6193555424316504,137
sequence_ridge,3,ALAFQ,5,3.7799965738430648,3.6640579030657188,439
sequence_ridge,3,ALEP,4,2.199282921717615,2.2503852847071144,348
sequence_ridge,3,ALPP,4,3.552841968657781,3.498922061635408,350
sequence_ridge,3,AMKPWIQPK,9,3.2218487496163566,4.036690028908207,857
sequence_ridge,3,ANPAVVRP,8,4.6020599913279625,4.485612464998563,789
sequence_ridge,3,AP,2,4.537602002101044,5.217786605175679,5
sequence_ridge,3,APGAPGPVG,9,4.790484985457369,4.449646866535221,897
sequence_ridge,3,AQK,3,2.744727494896694,3.46882246188639,140
sequence_ridge,3,ASP,3,3.6156465858624935,4.077545443930314,142
sequence_ridge,3,AVP,3,3.468521082957745,3.653108903217162,145
sequence_ridge,3,AWW,3,5.187086643357144,15.657345193542119,147
sequence_ridge,3,AYFYP,5,2.999565922520681,5.557161948207883,450
sequence_ridge,3,AYFYPE,6,3.9746941347352296,4.941056291060098,450
sequence_ridge,3,AYFYPEL,7,5.181774106386045,4.206439346459962,744
sequence_ridge,3,CF,2,5.703334809738469,3.700255553326227,9
sequence_ridge,3,DAQSAPLRVY,10,4.913640169325252,3.8673414449927574,941
sequence_ridge,3,DDQIHIF,7,3.476904161747432,5.142908048321154,746
sequence_ridge,3,DELQDKIHPFAQTQSLVYPFPGPIPNS,27,2.397940008672037,4.45935140655628,1047
sequence_ridge,3,DF,2,3.4436974992327127,4.077368027369553,11
sequence_ridge,3,DGVVYY,6,5.698970004336019,4.89219195625452,625
sequence_ridge,3,DLTDY,5,3.844663962534938,0.7895193113290504,454
sequence_ridge,3,ENLLRF,6,4.084072788302884,4.339728689180811,626
sequence_ridge,3,ERKIKVYL,8,5.920818753952375,5.450799176818036,826
sequence_ridge,3,EVMAGNYLPG,10,5.525783735923745,4.4921519850267595,946
sequence_ridge,3,FCVLRP,6,4.910094888560602,6.194625266991687,629
sequence_ridge,3,FDPFPK,6,3.97571962395292,5.328272426099466,630
sequence_ridge,3,FFFPK,5,3.2918596546119514,3.463436895600504,456
sequence_ridge,3,FFVAP,5,5.221848749616356,4.9406582768879455,457
sequence_ridge,3,FGGIDDINQIGQSD,14,4.324732100956284,5.384491845908262,1019
sequence_ridge,3,FHERDPTHIKWGD,13,5.552841968657781,5.212578355126379,999
sequence_ridge,3,FHG,3,3.8365927597110447,3.977008644015806,157
sequence_ridge,3,FKCRRW,6,4.573488738635425,3.6250385957483493,631
sequence_ridge,3,FNVPLYE,7,3.203566636272283,2.3441921400745267,754
sequence_ridge,3,FRGLMHY,7,3.0567637320884717,4.850453005086049,758
sequence_ridge,3,FY,2,5.427128397799519,5.721937842878804,30
sequence_ridge,3,FYPEL,5,4.088203409562748,3.4851848776693775,460
sequence_ridge,3,FYTGG,5,5.42021640338319,5.044660122521505,461
sequence_ridge,3,GA,2,2.6989700043360187,3.2925368919376776,31
sequence_ridge,3,GAP,3,5.031517051446065,4.438458122848169,164
sequence_ridge,3,GAPGPAGPGGIPGERG,16,4.341035157335565,2.7717975639871373,1034
sequence_ridge,3,GEP,3,3.876650764184797,3.0790513092535345,166
sequence_ridge,3,GG,2,2.1426675035687315,4.144361114220608,35
sequence_ridge,3,GIHETTY,7,4.590743347961091,4.101450401293213,762
sequence_ridge,3,GKKIATYQER,10,5.698970004336019,5.144598115579216,913
sequence_ridge,3,GLDIQK,6,3.2365720064370627,3.2040997855995883,509
sequence_ridge,3,GLP,3,5.790484985457369,3.3158354394793257,173
sequence_ridge,3,GLPGSRGERGLPG,13,4.216096420727265,2.239688710147628,1013
sequence_ridge,3,GLPPGPPIPP,10,5.376750709602099,3.201967975863975,952
sequence_ridge,3,GLSDGEWQ,8,3.879470382296755,1.5602171787705248,835
sequence_ridge,3,GM,2,2.853871964321762,5.584374077761392,40
sequence_ridge,3,GPFPILV,7,3.3726341434072675,2.685284870711516,765
sequence_ridge,3,GPLGLLGFLGPLGLS,15,4.045612749855485,4.458836955339715,1028
sequence_ridge,3,GPP,3,4.634356336067436,3.4676845434185046,177
sequence_ridge,3,GPSMR,5,3.556737012541305,4.549475725390424,465
sequence_ridge,3,GPV,3,5.3292926307490855,2.4878905069997552,178
sequence_ridge,3,GSAGY,5,3.0222763947111524,3.943093986993348,467
sequence_ridge,3,GVGY,4,4.455931955649724,5.258882847444054,360
sequence_ridge,3,GVSLPEW,7,4.522878745280337,4.772862275800707,721
sequence_ridge,3,HDWWKER,7,3.233884716778586,7.649795468630559,767
sequence_ridge,3,HERDPTHIKWGD,12,5.096910013008056,4.437057829125217,999
sequence_ridge,3,HHL,3,5.265525335219074,2.7167034104201613,185
sequence_ridge,3,HIKWGD,6,4.301029995663981,3.8073848727378454,644
sequence_ridge,3,HLL,3,4.653647025549361,3.3357259893074636,188
sequence_ridge,3,HLPLPLL,7,4.46344155742847,4.080782406073845,768
sequence_ridge,3,HPFAQ,5,3.332547047110046,2.841224121657728,473
sequence_ridge,3,HPFAQTQSLVYP,12,4.585026652029182,3.656091710607354,1000
sequence_ridge,3,HSSIQSQPQAFT,12,2.999565922520681,2.849502870027425,992
sequence_ridge,3,IAIPP,5,3.0457574905606752,4.174171066006716,478
sequence_ridge,3,IEKPP,5,5.920818753952375,5.541682891709328,481
sequence_ridge,3,IEW,3,3.98296666070122,7.664327416349151,196
sequence_ridge,3,IEY,3,3.739928612014925,6.975435212223594,197
sequence_ridge,3,IFL,3,4.348721986001856,5.2987357470489265,199
sequence_ridge,3,IGDEPLANYL,10,4.19795756894724,3.3860597807064723,953
sequence_ridge,3,IHPFAQTQSLVYP,13,4.721246399047171,5.00426313045925,1000
sequence_ridge,3,IIAMK,5,3.3027706572402824,4.429404782824689,484
sequence_ridge,3,IKW,3,6.6777807052660805,4.983339268845674,202
sequence_ridge,3,INKVVR,6,5.2441251443275085,4.611244614508295,650
sequence_ridge,3,IPALLKR,7,4.366531544420413,4.246226873958802,772
sequence_ridge,3,IPPGVPYWT,9,4.1938200260161125,4.189308755351751,907
sequence_ridge,3,IPQEVLP,7,3.161150909262745,4.476549124502517,691
sequence_ridge,3,IQW,3,5.853871964321762,3.084572256223951,211
sequence_ridge,3,IRAQQ,5,4.091514981121351,4.923799592991313,493
sequence_ridge,3,IRPVQ,5,5.853871964321762,5.21051670724737,494
sequence_ridge,3,ISSMGILVCL,10,5.411168274405792,5.6939362722886315,954
sequence_ridge,3,ITP,3,5.022276394711152,3.3915423592504794,218
sequence_ridge,3,ITT,3,3.168450148004244,2.2945162064593774,219
sequence_ridge,3,IVGRPR,6,3.2599965285214245,5.658592207089291,652
sequence_ridge,3,IVGRPRH,7,3.5228787452803374,5.502137593887063,652
sequence_ridge,3,IWHHTFYNELR,11,3.1567672219019904,4.363990377217877,984
sequence_ridge,3,KA,2,4.501689446210399,3.52987830231255,58
sequence_ridge,3,KALPMHIRLAF,11,4.958607314841775,4.773304464053924,985
sequence_ridge,3,KF,2,4.548213564475709,2.6848818311531826,59
sequence_ridge,3,KIEL,4,3.0707343817469344,3.0603841440742725,373
sequence_ridge,3,KIHPFAQAQ,9,3.8774564759312455,3.721277042711102,912
sequence_ridge,3,KIHPFAQTQSLVYP,14,4.4089353929735005,4.0388422031291,1000
sequence_ridge,3,KKIATYQER,9,5.698970004336019,5.271241579752859,913
sequence_ridge,3,KLYMRP,6,5.192464971931146,4.440802231407749,655
sequence_ridge,3,KVREGTTY,8,3.9880068853407433,3.647876979683306,847
sequence_ridge,3,KWLP,4,5.301029995663981,4.756283679615167,375
sequence_ridge,3,KYY,3,4.102372908709558,4.983638363062661,228
sequence_ridge,3,LAYFYP,6,4.187086643357144,5.35119463279757,450
sequence_ridge,3,LDIQK,5,4.559090917934782,4.175533458274137,509
sequence_ridge,3,LF,2,3.4571745730408203,3.48644431087779,67
sequence_ridge,3,LFVAAP,6,4.153662887870195,5.02000388609129,671
sequence_ridge,3,LGDARNSPAPP,11,3.779891911959945,3.3575439691080025,986
sequence_ridge,3,LGECGGR,7,3.633017024022149,3.737110655716192,779
sequence_ridge,3,LGHWVY,6,5.204119982655925,2.515241745783654,672
sequence_ridge,3,LKA,3,5.070581074285707,4.7687038408008755,237
sequence_ridge,3,LKPNM,5,5.619788758288394,5.706970198351536,515
sequence_ridge,3,LKY,3,5.551792011763438,5.462062298438454,240
sequence_ridge,3,LLDPR,5,3.5572694473386286,4.966755718948118,518
sequence_ridge,3,LLMLDNDLPP,10,4.447331783887806,2.4060179807132522,956
sequence_ridge,3,LNP,3,4.366531544420413,3.766881679018939,243
sequence_ridge,3,LPHF,4,3.1739251972991736,4.333838886293846,381
sequence_ridge,3,LPLP,4,3.1426675035687315,5.01850686738047,382
sequence_ridge,3,LPP,3,5.017728766960431,4.125223099747612,247
sequence_ridge,3,LPYPY,5,4.539102157243452,3.981802311683826,521
sequence_ridge,3,LQKY,4,4.200554055639556,5.10960059094498,384
sequence_ridge,3,LVNDLVTPVFDNL,13,2.561897059722872,4.506093355664271,1016
sequence_ridge,3,LVYPFPGPIPNSLPQNIPP,19,5.275724130399211,4.1204781725045185,1042
sequence_ridge,3,LVYPFTGPIPN,11,4.554395796726403,4.297001121442538,988
sequence_ridge,3,MAMPLW,6,4.450996737974212,5.188879213732974,682
sequence_ridge,3,MAW,3,4.787279845582158,5.313057102921464,263
sequence_ridge,3,MCESASSK,8,4.119586600122084,5.5703508836264,856
sequence_ridge,3,MIFPGAGGPEL,11,4.578862741842995,4.342926469243269,989
sequence_ridge,3,MKPWIQPK,8,3.5228787452803374,4.647654350818863,857
sequence_ridge,3,MNPPK,5,3.024338466818941,4.365372074901312,534
sequence_ridge,3,MNVKHWPWMK,10,3.642065152999546,2.9427320800922674,960
sequence_ridge,3,MPFPKYPVEP,10,4.080921907623926,4.3701258338871,961
sequence_ridge,3,MRWRD,5,5.6777807052660805,5.339824936049602,536
sequence_ridge,3,NF,2,4.334419008982047,4.3702489773461615,77
sequence_ridge,3,NIFYCP,6,4.823908740944319,3.536704253375838,687
sequence_ridge,3,NPAVVRP,7,4.721246399047171,4.070014229106139,789
sequence_ridge,3,NYVADGLG,8,4.824778199656947,3.278866746324235,860
sequence_ridge,3,PFP,3,3.8416375079047502,3.474452145163485,274
sequence_ridge,3,PGL,3,4.856048883576037,3.885088138800935,275
sequence_ridge,3,PGVLPVA,7,6.107905397309519,4.402448411948656,792
sequence_ridge,3,PKDLREN,7,5.00788851221305,5.772828122733131,793
sequence_ridge,3,PL,2,3.4719579083449346,4.161059169049717,83
sequence_ridge,3,PLFPK,5,4.384049948343599,3.5659344229555305,544
sequence_ridge,3,PLG,3,5.324221658325915,4.094586011579946,276
sequence_ridge,3,PNSHP,5,2.999565922520681,4.883979622579065,547
sequence_ridge,3,PPFLQPEV,8,5.804100347590766,5.028560772277213,865
sequence_ridge,3,PQEVLP,6,3.0409586076789066,4.353370017784004,691
sequence_ridge,3,PQPIP,5,3.468521082957745,3.393746432120337,550
sequence_ridge,3,PRHQG,5,4.684659523372712,5.3140884049059185,551
sequence_ridge,3,PSFQP,5,4.136677139879544,4.095422935271378,552
sequence_ridge,3,PSSNK,5,3.8889058824101785,3.40471169501861,554
sequence_ridge,3,PTHIKWD,7,4.42021640338319,4.0103941854743725,798
sequence_ridge,3,PTHIKWG,7,5.119472315911864,5.132324737105913,798
sequence_ridge,3,PTHIKWGD,8,5.823908740944319,5.241009819297374,798
sequence_ridge,3,PTHIKWN,7,4.419987887470576,5.554866157842713,798
sequence_ridge,3,QAFT,4,2.999565922520681,2.699254601299983,397
sequence_ridge,3,QELPG,5,7.698970004336019,2.932634568937335,558
sequence_ridge,3,QK,2,3.0530567293021744,2.9647956996595113,86
sequence_ridge,3,QNLLRF,6,3.9816613960988,4.993440066327427,626
sequence_ridge,3,QVSLNSGYY,9,4.6399749108106025,4.771406693998451,924
sequence_ridge,3,RLPSEFDLSAFLRA,14,3.54752054816756,3.342739523241737,1026
sequence_ridge,3,RLSGQTIEVTSEYLFRH,17,3.2521416069025952,3.203681861718167,1037
sequence_ridge,3,RMLGQTP,7,3.2984320149440727,3.2532859210853244,801
sequence_ridge,3,RNDDLNYIQ,9,5.429457060118103,2.9188324495857563,928
sequence_ridge,3,RPQIPP,6,3.779891911959945,3.732162321505794,700
sequence_ridge,3,RPYL,4,4.247951552180561,4.555475235865556,401
sequence_ridge,3,RSIKGF,6,4.484921324924077,6.028683104776555,701
sequence_ridge,3,RVCLP,5,3.7569619513137056,6.454338730853608,568
sequence_ridge,3,RVPSL,5,4.698970004336019,3.839160876595754,569
sequence_ridge,3,RVPSLM,6,4.636952405478906,2.679325018682207,569
sequence_ridge,3,SAPLRVY,7,5.096910013008056,4.936886214725712,803
sequence_ridge,3,SLPQ,4,3.4814860601221125,3.5032470725543154,402
sequence_ridge,3,SSIQSQPQAFT,11,2.999565922520681,3.574723845330411,992
sequence_ridge,3,TGAPCR,6,4.620875853929608,5.260234887304735,705
sequence_ridge,3,TGLKP,5,4.287602868593285,4.260891953863675,577
sequence_ridge,3,TGPIPN,6,3.500312917381596,3.945569875405973,706
sequence_ridge,3,THDWWKER,8,3.233884716778586,8.175849372390086,767
sequence_ridge,3,THIKWGD,7,4.301029995663981,5.3909968127095365,644
sequence_ridge,3,TKIVP,5,3.397940008672037,4.644177825202908,578
sequence_ridge,3,TLKYP,5,3.769551078621726,6.0578041319180125,580
sequence_ridge,3,TPLPLAGPPR,10,5.804100347590766,4.470615686856551,969
sequence_ridge,3,VAWKL,5,4.495257363728312,5.473970420037103,586
sequence_ridge,3,VAY,3,4.795880017344075,5.022727095091851,303
sequence_ridge,3,VCYNQ,5,5.698970004336019,6.890215955153041,587
sequence_ridge,3,VECYGPNRPQF,11,4.528708288941061,3.919289210375178,993
sequence_ridge,3,VEGY,4,3.8913515837207,4.808296067543081,412
sequence_ridge,3,VELYP,5,5.282329496997738,3.3274099067704377,588
sequence_ridge,3,VFPS,4,6.337242168318426,3.3142650256108306,414
sequence_ridge,3,VG,2,2.579131390177597,6.467261797382889,105
sequence_ridge,3,VHLAP,5,5.346787486224656,5.925686698591833,591
sequence_ridge,3,VHLPP,5,4.7447274948966935,5.491350587578408,592
sequence_ridge,3,VHLPPP,6,3.6989700043360183,5.578997056807669,592
sequence_ridge,3,VHSSIQSQPQAFT,13,2.999565922520681,3.7233453158739773,992
sequence_ridge,3,VIPAAY,6,5.31996108151505,4.492759257109501,715
sequence_ridge,3,VKAGE,5,3.849059446034522,3.65536738148195,595
sequence_ridge,3,VKCFR,5,4.462180904926726,3.3971167047933637,597
sequence_ridge,3,VKK,3,3.4984359074685285,4.54947821457789,310
sequence_ridge,3,VLSRYP,6,4.435333935747911,2.636108467595101,717
sequence_ridge,3,VPQPIP,6,3.537602002101044,3.5295813099557547,550
sequence_ridge,3,VPSERYL,7,3.6179732370313697,3.726102479323812,812
sequence_ridge,3,VRSP,4,2.6950207351920734,5.025627940537966,416
sequence_ridge,3,VRYL,4,4.617982957425132,5.235447693539262,417
sequence_ridge,3,VSLPEW,6,4.2441251443275085,5.497101307207372,721
sequence_ridge,3,VVYPW,5,6.443697499232712,3.6625393596958205,606
sequence_ridge,3,VVYPWR,6,5.282329496997738,4.240979081107745,606
sequence_ridge,3,VVYPWT,6,5.220403508742176,3.6907410342333375,606
sequence_ridge,3,VYLAELHF,8,3.93666664104825,3.265831750798717,886
sequence_ridge,3,WHHTF,5,4.617982957425132,5.105521512066373,608
sequence_ridge,3,WL,2,4.52432881167557,3.2907016387008348,115
sequence_ridge,3,WY,2,4.416801226031377,2.551300179780565,120
sequence_ridge,3,YA,2,3.3372421683184257,2.997218702976843,121
sequence_ridge,3,YAEERYPIL,9,5.327902142064282,4.029766654985824,935
sequence_ridge,3,YGFLP,5,3.5850266520291822,3.9529872971623115,612
sequence_ridge,3,YGGY,4,5.468521082957745,4.6680562362505,424
sequence_ridge,3,YGNPVGGVGH,10,3.282296219002097,4.361288967816596,977
sequence_ridge,3,YIEAVNKVSPRAGQF,15,5.026872146400302,4.3885312723809315,1031
sequence_ridge,3,YIPIQY,6,5.0,5.158400048278219,729
sequence_ridge,3,YIPIQYVLSR,10,3.817994345215987,4.4915545525148515,978
sequence_ridge,3,YK,2,3.214670164989233,2.6264162356575076,124
sequence_ridge,3,YKW,3,4.876148359032914,4.261368960500425,332
sequence_ridge,3,YLAGNQ,6,4.853871964321762,5.288718663980787,731
sequence_ridge,3,YLYSPAY,7,5.0695604052333,4.233685050599377,817
sequence_ridge,3,YNKL,4,4.6777807052660805,3.790215670966524,429
sequence_ridge,3,YPFVEP,6,5.126098402135539,3.989716401650646,734
sequence_ridge,3,YPR,3,4.782516055786093,4.47084208699987,337
sequence_ridge,3,YQKFPQY,7,4.697236291527018,4.353489396733055,819
sequence_ridge,3,YQNPRLGPTGELDPATQPIVAVHNPVIV,28,4.837734385701978,2.758644401809836,1048
sequence_ridge,3,YQQPVLGPVR,10,3.5228787452803374,4.117651048456414,980
sequence_ridge,3,YS,2,3.385102783966865,3.201355673422099,128
sequence_ridge,3,YVPHWDL,7,6.769551078621726,1.3350371908403806,820
sequence_ridge,3,YVPHWNL,7,6.853871964321762,2.339507317864677,820
sequence_ridge,4,AAP,3,4.522878745280337,4.945837872660933,130
sequence_ridge,4,ACHP,4,3.4428538576816368,3.0187519213802254,340
sequence_ridge,4,AFKDEDTEEVPFR,13,4.095825631715837,4.671486270802815,1009
sequence_ridge,4,AFVGYVLP,8,4.744245213356956,4.095008466305169,821
sequence_ridge,4,AG,2,2.6020599913279625,2.979504066883571,2
sequence_ridge,4,AGSP,4,4.429457060118103,2.8018401826668793,341
sequence_ridge,4,AGTTCLFTPLALPYDYSH,18,5.092588639225414,2.9758978523660384,1039
sequence_ridge,4,AHEPVK,6,4.202040356262804,4.696226622577266,619
sequence_ridge,4,AHSY,4,4.935542010773082,3.2063764013516725,345
sequence_ridge,4,AIP,3,3.4559319556497243,2.8803068377475745,136
sequence_ridge,4,AKLEK,5,3.643094965189922,3.260846778493912,436
sequence_ridge,4,APGAGVY,7,5.292429823902063,4.331834779016053,741
sequence_ridge,4,ARPAK,5,4.720105019988361,5.290556229794846,447
sequence_ridge,4,ATF,3,5.017728766960431,7.159012772596341,143
sequence_ridge,4,AVF,3,2.673050005834001,3.8144729228748577,144
sequence_ridge,4,AVPYP,5,4.096910013008056,4.397815854002135,448
sequence_ridge,4,AW,2,4.72584215073632,4.764022188608559,7
sequence_ridge,4,AWPF,4,4.73754891026957,4.966559154254222,351
sequence_ridge,4,AYLQAQQLLPFNQLVRSPAA,20,3.694562640159688,4.776294111869181,1043
sequence_ridge,4,CVTPALR,7,4.451459264398526,4.247497191833009,722
sequence_ridge,4,CWLPVY,6,4.653647025549361,5.2773865827283295,623
sequence_ridge,4,DFHINQ,6,4.1857489574728,4.558285174004781,624
sequence_ridge,4,DKIHP,5,3.9467294757955624,3.3547540575565677,453
sequence_ridge,4,DKIHPF,6,3.5900668766687054,3.7451012561304355,453
sequence_ridge,4,DYG,3,2.5686362358410126,2.572338522248331,150
sequence_ridge,4,DYGLYP,6,4.207608310501746,3.9932230535803708,613
sequence_ridge,4,DYVGN,5,5.9051145218265635,3.237345116759322,455
sequence_ridge,4,EG,2,2.0,3.0538174618881686,19
sequence_ridge,4,EGPKLVAS,8,4.756961951313706,4.5777703667671,824
sequence_ridge,4,EKDERF,6,4.844663962534938,2.637132590605451,501
sequence_ridge,4,ENLLRFFVAPFPEVFG,16,3.6020599913279625,3.952823973937685,1033
sequence_ridge,4,EPIPYGFLP,9,3.744727494896694,2.7465198114122344,899
sequence_ridge,4,EPKAIP,6,3.4145392704914994,3.274639120799246,543
sequence_ridge,4,EVPK,4,5.761953896871205,2.5837922795852473,353
sequence_ridge,4,EY,2,5.571865205971212,-0.4433909795401725,22
sequence_ridge,4,FALPQY,6,5.366531544420414,5.1875033819467085,628
sequence_ridge,4,FFGVRCVSP,9,6.3979400086720375,5.5802043254740195,901
sequence_ridge,4,FFL,3,4.431798275933005,4.659386297910627,154
sequence_ridge,4,FG,2,2.431798275933005,2.7463459479186056,24
sequence_ridge,4,FGG,3,4.0835460514500745,3.711457428240204,155
sequence_ridge,4,FNVPLYEFSY,10,0.544384088910177,2.6865664301723085,948
sequence_ridge,4,FPQYLQY,7,4.853871964321762,5.49031912145048,756
sequence_ridge,4,FQKPKR,6,4.853871964321762,4.806820984011205,632
sequence_ridge,4,FQKVVA,6,5.236572006437063,4.7228623991325716,633
sequence_ridge,4,FQKVVAG,7,5.130768280269024,5.057746607078771,633
sequence_ridge,4,FQKVVAK,7,5.6777807052660805,4.77188068887172,633
sequence_ridge,4,FRVPTPN,7,5.019996628416253,4.5836109849526725,759
sequence_ridge,4,FTY,3,4.226945306635738,6.462369657876263,162
sequence_ridge,4,FW,2,5.4089353929735005,-0.02441989582416859,29
sequence_ridge,4,GAW,3,3.619788758288394,4.197476556181139,165
sequence_ridge,4,GDLGKTTTVSNWSPPKYKDTP,21,4.947690900352677,5.017788277838481,1044
sequence_ridge,4,GE,2,2.2676062401770314,4.230276460178265,33
sequence_ridge,4,GGVIPN,6,6.130768280269024,4.407372267730877,636
sequence_ridge,4,GHS,3,3.913640169325252,2.607594456434664,171
sequence_ridge,4,GIQSEPKAIP,10,3.3665315444204134,2.769108422188851,908
sequence_ridge,4,GKKVLQ,6,5.721246399047171,3.9723549587219744,637
sequence_ridge,4,GKMVKVVSWY,10,5.170053304058364,5.022459867692411,951
sequence_ridge,4,GKP,3,3.453457336521869,4.090337781161308,172
sequence_ridge,4,GL,2,2.6020599913279625,4.836972327964183,39
sequence_ridge,4,GLTSK,5,4.184422251675732,4.710846524455752,463
sequence_ridge,4,GNPVGGVGHGTTGT,14,3.361960245740557,2.7880878636397464,1022
sequence_ridge,4,GP,2,3.4436974992327127,4.201541601680484,41
sequence_ridge,4,GPM,3,4.766242637034489,3.8257985298781376,176
sequence_ridge,4,GQLGEHGGAGMG,12,3.2797497110912213,3.023078647135066,997
sequence_ridge,4,GRP,3,4.698970004336019,4.603535366697387,180
sequence_ridge,4,GTG,3,5.2564902352715706,2.909199085585329,181
sequence_ridge,4,GV,2,2.337242168318426,4.134845312763494,46
sequence_ridge,4,GVHGV,5,5.698970004336019,3.951422826151587,469
sequence_ridge,4,GW,2,4.522878745280337,6.43982821106809,47
sequence_ridge,4,GYALPHA,7,4.563837352959244,4.454499308460662,766
sequence_ridge,4,HFEAMR,6,3.71602071576152,3.0671824950242055,643
sequence_ridge,4,HG,2,2.2006594505464183,1.7502073900599449,49
sequence_ridge,4,HQG,3,3.1278437272517072,4.097995473012716,189
sequence_ridge,4,HQIYP,5,3.958607314841775,4.531767293071527,475
sequence_ridge,4,IDPNG,5,5.075720713938118,5.983357655715084,480
sequence_ridge,4,IEF,3,5.42021640338319,3.1938218598660075,194
sequence_ridge,4,IELPLG,6,4.140021558357979,5.3544043135642685,647
sequence_ridge,4,IHETT,5,5.568636235841012,4.973492014797554,482
sequence_ridge,4,ILP,3,3.5686362358410126,5.097649750512934,204
sequence_ridge,4,IPAGV,5,4.031517051446065,4.045389738821269,490
sequence_ridge,4,IPF,3,5.056505484093897,4.113965029788906,206
sequence_ridge,4,IPP,3,5.301029995663981,3.949840505291704,208
sequence_ridge,4,IPPAYSK,7,3.935317433771489,4.088743357030855,773
sequence_ridge,4,IQSEPKAIP,9,3.2441251443275085,3.0616933493590217,908
sequence_ridge,4,IQY,3,5.5452219853794125,6.132564665344615,212
sequence_ridge,4,ITRY,4,3.625434939277235,7.729956116422729,367
sequence_ridge,4,ITTNP,5,3.260427655549908,3.960002588376878,496
sequence_ridge,4,IY,2,5.431798275933005,3.572124631630169,57
sequence_ridge,4,KDERF,5,3.0716041477432863,3.1368965694354944,501
sequence_ridge,4,KDYRL,5,4.576754126063192,5.3284141310609225,502
sequence_ridge,4,KEDDEEEEQGEEE,13,4.193548676752738,2.7646079293782915,1014
sequence_ridge,4,KFAWPQ,6,3.751781438809925,4.658084786894002,654
sequence_ridge,4,KFY,3,4.346787486224656,4.4693409633661485,225
sequence_ridge,4,KG,2,2.494850021680094,4.938600283653128,60
sequence_ridge,4,KPVAAP,6,4.907630300370879,4.475779370410787,658
sequence_ridge,4,KRVIQY,6,5.214670164989233,6.0866402340009165,659
sequence_ridge,4,KVHSSIQSQPQAFT,14,2.999565922520681,3.1210073095377497,1024
sequence_ridge,4,KVLAGM,6,4.522878745280337,4.309410105623361,661
sequence_ridge,4,KVLPVPQ,7,3.0,3.6105300747407436,664
sequence_ridge,4,KVLPVQ,6,3.0,4.375368594001488,664
sequence_ridge,4,KYIPIQ,6,5.137868620686962,4.1130701719820815,667
sequence_ridge,4,KYPVEPFTESQSLTL,15,1.0315170514460652,4.757866585841288,1029
sequence_ridge,4,KYPVQPFTESQSLTL,15,4.356547323513812,5.037362861161207,1029
sequence_ridge,4,LAHKAL,6,3.20690839982342,4.743021724759247,668
sequence_ridge,4,LAIPVNKP,8,4.154901959985743,4.237076059329956,848
sequence_ridge,4,LAP,3,5.455931955649724,5.055979037936135,230
sequence_ridge,4,LAPSTIK,7,4.81559251458768,5.40200896849783,778
sequence_ridge,4,LGP,3,6.142667503568732,4.531179572147963,234
sequence_ridge,4,LHGPYP,6,4.122628654130226,4.485156334998148,673
sequence_ridge,4,LHLPAP,6,5.221848749616356,5.009193770283613,674
sequence_ridge,4,LHLPGP,6,5.721246399047171,4.74368078940209,674
sequence_ridge,4,LHLPYP,6,5.638272163982407,4.833634027213946,673
sequence_ridge,4,LIVTQ,5,7.045757490560675,3.53475529087228,510
sequence_ridge,4,LIYP,4,5.0,5.894715054903877,379
sequence_ridge,4,LKIPLY,6,5.254144804826272,4.578273224523561,677
sequence_ridge,4,LKYPI,5,4.567511744229494,4.9745885296665575,517
sequence_ridge,4,LLF,3,4.09799710864927,4.70223440142159,241
sequence_ridge,4,LLHSPP,6,3.653647025549361,3.4193873201377136,679
sequence_ridge,4,LLNPPHQIYP,10,5.017728766960431,5.3912850217421795,916
sequence_ridge,4,LLSQTPRY,8,3.97798426018228,4.902848314164897,854
sequence_ridge,4,LLYQEPVLGPVRGPFPIIV,19,1.6777807052660805,4.35084217152937,1041
sequence_ridge,4,LNENLLRFFVAPFPEVFG,18,3.552841968657781,4.020709544876615,1033
sequence_ridge,4,LNPPHQIYP,9,4.6020599913279625,5.011121974577523,916
sequence_ridge,4,LNVPGEIVE,9,3.5228787452803374,3.54454888467363,917
sequence_ridge,4,LPILR,5,3.108016769148033,4.487936274085379,520
sequence_ridge,4,LRKKQ,5,5.619788758288394,5.4622306437337995,524
sequence_ridge,4,LSPA,4,3.5016894462104,4.854311049793587,386
sequence_ridge,4,LTF,3,3.4814860601221125,6.489932686090471,255
sequence_ridge,4,LVE,3,4.847711655616943,3.894630732985213,256
sequence_ridge,4,LVL,3,4.910094888560602,3.936720035455794,257
sequence_ridge,4,LVR,3,4.853871964321762,3.669521513023185,259
sequence_ridge,4,LYPVK,5,5.346787486224656,4.063022443572847,528
sequence_ridge,4,MAIPPKK,7,3.125331455659686,4.4436679651010875,784
sequence_ridge,4,MG,2,2.318758762624413,9.634969944425084,73
sequence_ridge,4,MP,2,3.868702203402377,3.563044095556993,74
sequence_ridge,4,MPACGS,6,3.7178312216953584,3.952310989319762,683
sequence_ridge,4,MW,2,5.00436480540245,4.045309986630535,75
sequence_ridge,4,NAQRP,5,4.494850021680094,4.339717709976789,538
sequence_ridge,4,NENLLRFFVAPFPEVFG,17,4.259637310505756,4.375230484150024,1033
sequence_ridge,4,NGTWFEPP,8,6.200659450546418,4.512020704277816,858
sequence_ridge,4,NILP,4,3.2518119729938,4.239826436854141,392
sequence_ridge,4,NIPPLTQTPV,10,3.761953896871205,4.280627377485014,962
sequence_ridge,4,NP,2,2.638272163982407,3.5330144837837403,80
sequence_ridge,4,PAVVLP,6,4.346787486224656,3.898902286986547,689
sequence_ridge,4,PFFDPQIP,8,3.3872161432802645,4.214569865837202,862
sequence_ridge,4,PFPGPIPN,8,4.893129455521346,3.9157133966291653,863
sequence_ridge,4,PGPLGLTGP,9,4.022276394711152,4.9217518696828115,921
sequence_ridge,4,PHQIYP,6,4.522878745280337,5.4874540812717205,475
sequence_ridge,4,PKAIP,5,3.4801799342718525,3.4721147227149145,543
sequence_ridge,4,PQTLALP,7,3.958607314841775,2.535890453916967,797
sequence_ridge,4,PR,2,5.3872161432802645,2.513052369340114,84
sequence_ridge,4,PRY,3,5.6020599913279625,4.32858080871289,281
sequence_ridge,4,PTHIAW,6,6.4089353929735005,4.3521087897675,694
sequence_ridge,4,PTHIDW,6,4.886056647693163,5.621198369853711,694
sequence_ridge,4,PTHIKW,6,5.7447274948966935,4.518976286323707,694
sequence_ridge,4,PTHVAW,6,5.823908740944319,4.650818158255756,694
sequence_ridge,4,PTPAP,5,4.481486060122112,4.704201475983734,555
sequence_ridge,4,PVVVPPFLQPEV,12,5.804100347590766,4.869420275442915,1006
sequence_ridge,4,PYKWLP,6,5.259637310505756,4.5889433592462625,614
sequence_ridge,4,PYP,3,3.657577319177794,3.917376497596053,284
sequence_ridge,4,QGPIGPR,7,4.091032699581612,3.341290221227472,799
sequence_ridge,4,QIGLF,5,4.1249387366083,3.9600785033447083,559
sequence_ridge,4,QKTAP,5,4.522878745280337,3.816443332724833,560
sequence_ridge,4,QLGFLGPR,8,3.8297382846050425,3.9280837424061668,868
sequence_ridge,4,QTQSLVYP,8,4.136677139879544,4.117110422799109,808
sequence_ridge,4,RA,2,3.3372421683184257,3.460556452598855,89
sequence_ridge,4,RADHP,5,4.46291686394385,4.124191425158492,562
sequence_ridge,4,RALP,4,3.1870866433571443,3.353343590114158,400
sequence_ridge,4,RDMPIQAF,8,3.704520867321983,4.744451704598739,869
sequence_ridge,4,RIGLF,5,3.935729287404743,4.60542240208476,564
sequence_ridge,4,RL,2,3.1270283692615566,3.2462071479165404,91
sequence_ridge,4,RMLGQYPYK,9,4.468521082957745,4.495981344143622,927
sequence_ridge,4,RPKHPIKH,8,3.0545104300036523,3.3439900799895477,871
sequence_ridge,4,RPKHPIKHQ,9,4.872895201635192,3.788524279592705,871
sequence_ridge,4,RVY,3,3.686976889676762,3.9205699198722033,290
sequence_ridge,4,RY,2,4.292429823902063,4.359860320879818,96
sequence_ridge,4,SG,2,2.070581074285707,2.259754297367496,98
sequence_ridge,4,SGIQSEPKAIP,11,3.1870866433571443,3.2177720824786933,908
sequence_ridge,4,SGPLRPFF,8,5.804100347590766,5.238611009547836,873
sequence_ridge,4,SKVYPFPGPI,10,5.769551078621726,4.069516934620542,966
sequence_ridge,4,TGVY,4,4.739928612014925,4.42643609515015,407
sequence_ridge,4,THEAGAAP,8,3.843027058103703,4.689024782382044,875
sequence_ridge,4,TKTGRSAHVLSRYRPRA,17,5.552841968657781,4.406440618092475,1038
sequence_ridge,4,TNGIIR,6,4.154901959985743,3.8533956222932493,707
sequence_ridge,4,TP,2,3.537602002101044,2.2631289473644527,103
sequence_ridge,4,TPVVVPPFLQP,11,3.1255181823005334,4.606159548431304,970
sequence_ridge,4,TPWVPPFLQP,10,3.1255181823005334,4.722213589899806,970
sequence_ridge,4,TPYPCV,6,5.58838029403677,4.920989533533179,710
sequence_ridge,4,TQSLVYP,7,4.1938200260161125,3.78114919821407,808
sequence_ridge,4,TQVY,4,4.739928612014925,2.8091864403656235,408
sequence_ridge,4,TTENVLFG,8,2.4630252379017903,4.8345631417968935,876
sequence_ridge,4,TYCQ,4,5.638272163982407,4.374054688030001,410
sequence_ridge,4,VAF,3,4.446116973356125,4.450409274073395,299
sequence_ridge,4,VAHINVGK,8,5.170053304058364,3.3510285572538385,878
sequence_ridge,4,VAHINVWK,8,5.459670525209126,3.8075800449714197,878
sequence_ridge,4,VAPEEHPV,8,4.667359589612538,3.4405780227601683,879
sequence_ridge,4,VDF,3,5.18111458540599,4.734596192251328,304
sequence_ridge,4,VFK,3,2.987584625237567,4.1509195497859395,305
sequence_ridge,4,VFKAF,5,3.999565922520681,4.900827847727572,589
sequence_ridge,4,VFPGCPET,8,3.1338308523662293,5.399663911751388,883
sequence_ridge,4,VIEPR,5,3.199282921717615,4.638551245269001,593
sequence_ridge,4,VIF,3,5.1249387366083,5.272830645240757,306
sequence_ridge,4,VIGSPPQIN,9,3.0,3.6315257420539426,930
sequence_ridge,4,VIP,3,5.036212172654444,5.092429289477548,307
sequence_ridge,4,VIPEL,5,3.097322788865456,4.737713652961099,594
sequence_ridge,4,VK,2,4.886056647693163,2.2857953594212677,106
sequence_ridge,4,VKKVLGNP,8,4.54515513999149,3.9672981446606954,884
sequence_ridge,4,VLP,3,3.494850021680094,4.049945498230105,312
sequence_ridge,4,VPKVK,5,4.028260409112222,3.378638981105218,601
sequence_ridge,4,VRF,3,5.886056647693163,4.407828641259597,316
sequence_ridge,4,VSGAGRY,7,5.063486257521107,4.583345043055964,813
sequence_ridge,4,VSRHFASYAN,10,3.677780705266081,5.143774534100357,974
sequence_ridge,4,VTPALR,6,4.084072788302884,3.6116717046117426,722
sequence_ridge,4,VVCVPW,6,5.39040559077478,5.176305367965592,724
sequence_ridge,4,VVGAK,5,5.943095148663527,4.042367885658912,603
sequence_ridge,4,VVPP,4,3.5880269423146767,4.4464936934847445,418
sequence_ridge,4,VVPPA,5,4.0996328713435295,4.669238216538338,604
sequence_ridge,4,VW,2,5.6020599913279625,4.6068749077568105,110
sequence_ridge,4,VWIG,4,3.958607314841775,2.0734423974017755,420
sequence_ridge,4,WH,2,5.292429823902063,5.37411875600602,114
sequence_ridge,4,WYQQVPGSGL,10,4.400116927926312,3.6560336871401615,976
sequence_ridge,4,WYSLAMA,7,4.2225731776106885,3.449082850621245,816
sequence_ridge,4,YGG,3,2.999565922520681,3.854212853696323,330
sequence_ridge,4,YGLYP,5,3.797866019939181,4.760809343747885,613
sequence_ridge,4,YKWLP,5,4.764471553092451,4.92574270335076,614
sequence_ridge,4,YKY,3,4.361510743045363,4.955472762606599,333
sequence_ridge,4,YL,2,4.086186147616283,5.466631839977177,125
sequence_ridge,4,YLLF,4,3.7644715530924513,5.181082594774788,428
sequence_ridge,4,YP,2,3.1426675035687315,4.466044378834175,127
sequence_ridge,4,YPFPGPIPN,9,4.8297382846050425,3.8840731684932917,863
sequence_ridge,4,YRPY,4,3.494850021680094,5.152744075345441,432
sequence_ridge,4,YYAKPAAVR,9,4.310868802765502,4.61580547289849,939
sequence_ridge,4,YYAPFDGIL,9,4.080921907623926,4.767354276304479,940
sequence_ridge,4,YYPQIMQY,8,4.609948503541013,5.45716370066295,891
sequence_ridge,4,YYRA,4,4.226915314939932,4.640970146707935,433
sequence_ridge,5,AA,2,4.289036881004725,4.5189999116792405,0
sequence_ridge,5,AAPLAP,6,4.842241113953136,5.039941743943466,618
sequence_ridge,5,AGS,3,3.277448337999042,4.702457898168272,135
sequence_ridge,5,AIYK,4,3.6716203965612624,3.709405672373064,347
sequence_ridge,5,ALKAWSVAR,9,5.522878745280337,4.221118980320808,895
sequence_ridge,5,ALPM,4,3.032452023781138,4.6502410506746745,349
sequence_ridge,5,AMNPP,5,3.5164127030311056,2.709568284644278,443
sequence_ridge,5,APSAK,5,3.486782399932061,5.2482201648601885,444
sequence_ridge,5,APVPP,5,3.199998172182031,4.17749493968231,445
sequence_ridge,5,ASYDTKF,7,3.036212172654445,4.23120468103909,742
sequence_ridge,5,AVPYPQP,7,4.096910013008056,3.6181388689540284,743
sequence_ridge,5,AVPYPQR,7,4.823908740944319,3.57226948178802,743
sequence_ridge,5,AY,2,4.721246399047171,5.100057170992045,8
sequence_ridge,5,AYFTPE,6,3.980011840408715,2.650312192357227,621
sequence_ridge,5,CRQNTLGHNTQTSIAQ,16,4.096910013008056,5.34787883865293,1032
sequence_ridge,5,DA,2,2.42021640338319,5.775991310272412,10
sequence_ridge,5,DG,2,4.910094888560602,7.9332202681126756,12
sequence_ridge,5,DHPFL,5,5.207608310501746,5.983958691139495,451
sequence_ridge,5,DK,2,3.292429823902064,0.6043195975334781,13
sequence_ridge,5,DKIYPSFQPQPLIYP,15,3.9706162223147903,4.827351651439412,1027
sequence_ridge,5,DKVGINY,7,4.000434511774017,3.8786053051127,747
sequence_ridge,5,DKVGINYW,8,4.5951662833800615,4.318397648454073,747
sequence_ridge,5,DL,2,2.6989700043360187,7.222067170139249,14
sequence_ridge,5,DP,2,5.667561540084395,7.850507758941966,16
sequence_ridge,5,DRVYIHPFHL,10,4.119987161633228,4.24345873020016,942
sequence_ridge,5,DW,2,4.237277394776969,2.8045891441570183,17
sequence_ridge,5,EKSYELP,7,4.841336019186011,4.410450431946756,750
sequence_ridge,5,EMPFPK,6,3.3736596326249577,2.750550439970757,535
sequence_ridge,5,EPVLGPVRGPFP,12,3.1023729087095586,3.6112277472792114,973
sequence_ridge,5,EQGFLPGPEESGR,13,3.3396848504425485,4.4785559577149945,1011
sequence_ridge,5,ER,2,3.175874166083451,5.51648396926179,21
sequence_ridge,5,ETSGMKPTEL,10,5.667561540084395,4.022852631113595,944
sequence_ridge,5,FALPQYLK,8,5.366531544420414,4.542975383979313,827
sequence_ridge,5,FEDYVPLSCF,10,3.523842641470751,6.271595206550624,947
sequence_ridge,5,FGASTRGA,8,4.832682665251824,3.302482722255262,829
sequence_ridge,5,FK,2,3.576049992932989,3.050176384010146,25
sequence_ridge,5,FKGRYYP,7,6.259637310505756,4.611369039219485,753
sequence_ridge,5,FTDVDFIK,8,6.376750709602099,3.818716205047556,830
sequence_ridge,5,FVAPFPEV,8,3.322493421047951,5.333047881967922,831
sequence_ridge,5,FVNPEAGS,8,5.1598939055432425,4.858070953625133,832
sequence_ridge,5,FVNPQAGS,8,5.161150909262744,5.085573483833488,832
sequence_ridge,5,FWN,3,4.73754891026957,6.153816085754178,163
sequence_ridge,5,GDAP,4,4.647817481888637,4.30936370754019,356
sequence_ridge,5,GFHI,4,3.868681166753925,4.089296870363418,357
sequence_ridge,5,GFPGTPGLPGF,11,3.360513510731414,5.094700209151766,983
sequence_ridge,5,GHKIATFQER,10,6.3979400086720375,5.193954798130851,949
sequence_ridge,5,GHKIATFQQR,10,6.3979400086720375,4.59574171248991,949
sequence_ridge,5,GIPLPLI,7,4.129186576084402,5.558232778107302,763
sequence_ridge,5,GKDAVIV,7,4.73754891026957,4.769049755488409,764
sequence_ridge,5,GPAGAPGAA,9,4.430919728918205,3.9202265778788647,903
sequence_ridge,5,GPAM,4,5.45946208065769,3.7561581077317294,358
sequence_ridge,5,GPCSR,5,3.8846658948669326,6.83465098060284,464
sequence_ridge,5,GPIGSVGAP,9,1.497572880015567,3.7768965134355668,904
sequence_ridge,5,GPPGTDGAP,9,1.9788107009300615,4.737534525336459,905
sequence_ridge,5,GS,2,2.42021640338319,5.565361949035677,44
sequence_ridge,5,GT,2,2.2441251443275085,7.423903800979451,45
sequence_ridge,5,GVHHA,5,4.1438755557577,5.08906335154977,470
sequence_ridge,5,GVHTFP,6,4.06398920428479,3.3762563341463574,642
sequence_ridge,5,GVW,3,3.619788758288394,5.146003495222603,183
sequence_ridge,5,HHT,3,3.096910013008056,3.583035680467666,186
sequence_ridge,5,HLNVVHEN,8,4.293452897359643,4.214320598397633,837
sequence_ridge,5,HLPLP,5,4.3872161432802645,4.407446092147501,472
sequence_ridge,5,HY,2,4.583359492661719,-3.3078225416049145,51
sequence_ridge,5,HYVPV,5,3.000782434469897,2.7208131062911676,476
sequence_ridge,5,IA,2,3.815308569182401,3.870064136035308,52
sequence_ridge,5,IAIP,4,3.3279021420642825,3.6068201227337395,363
sequence_ridge,5,IAP,3,5.568636235841012,5.277249114240262,192
sequence_ridge,5,IAPG,4,4.943095148663527,4.9034875070373625,364
sequence_ridge,5,IAV,3,3.814174640387038,4.2012420816754075,193
sequence_ridge,5,IAVPTGVA,8,4.832682665251824,4.364257224991383,839
sequence_ridge,5,IAYKPAG,7,5.376750709602099,4.749985457477717,769
sequence_ridge,5,IDALNENK,8,4.147520006363144,2.029277306875956,840
sequence_ridge,5,IEP,3,5.795880017344075,3.998201792949943,195
sequence_ridge,5,IF,2,4.181774106386045,2.949558886625394,53
sequence_ridge,5,IG,2,2.920818753952376,3.9508283309191747,54
sequence_ridge,5,IIAEK,5,4.195860567664649,5.3859132253012945,483
sequence_ridge,5,IIAPPER,7,5.059483515067432,4.77729429934444,770
sequence_ridge,5,IIP,3,4.092588639225414,4.6363396650353605,200
sequence_ridge,5,IIVTQTMK,8,4.149966742310231,3.2638813686145696,841
sequence_ridge,5,IKLPP,5,3.7124221909212944,4.902887861369984,486
sequence_ridge,5,IKPLDY,6,4.36997914888659,4.528603526186261,649
sequence_ridge,5,IKPLNY,6,4.366531544420413,5.2809208769161735,649
sequence_ridge,5,IKY,3,4.468521082957745,5.6992574401740335,203
sequence_ridge,5,ILVDR,5,4.090176630349088,4.430725641043326,488
sequence_ridge,5,IPA,3,3.85078088734462,3.886288899200751,205
sequence_ridge,5,IPAVFK,6,3.839231438138872,3.4066965302562036,651
sequence_ridge,5,IPIPATKT,8,3.576754126063192,4.0171454354805265,842
sequence_ridge,5,IQSQPQAFP,9,3.2006594505464183,3.225896113589397,909
sequence_ridge,5,IRA,3,5.1938200260161125,5.186109515575702,213
sequence_ridge,5,IRP,3,5.7447274948966935,5.738114940967088,214
sequence_ridge,5,IRW,3,6.221848749616356,6.185875111781773,215
sequence_ridge,5,IRWCT,5,6.0,9.048123984014868,495
sequence_ridge,5,IRY,3,6.225498368987106,5.718360095427682,216
sequence_ridge,5,IRYLPRG,7,5.376750709602099,4.770103728794433,774
sequence_ridge,5,IVF,3,4.480040819247932,3.5328740093268522,220
sequence_ridge,5,IVGFPAYGH,9,3.821368324606747,3.389069766590412,910
sequence_ridge,5,IVGRPRHQG,9,5.619788758288394,4.813703971040669,911
sequence_ridge,5,IVGRRRHQG,9,5.619788758288394,3.470393549919308,911
sequence_ridge,5,IYP,3,4.214670164989233,4.779960842555853,224
sequence_ridge,5,IYPRY,5,5.3872161432802645,5.358934142915194,499
sequence_ridge,5,IYPSFQPQPLIYP,13,5.119186407719209,5.421968322674348,1008
sequence_ridge,5,KFAR,4,4.488951018685851,4.3973323237706365,371
sequence_ridge,5,KGYGGVSLPEW,11,6.154901959985743,4.306696133056666,938
sequence_ridge,5,KIYPSFQPQPLIYP,14,5.0655015487564325,4.680885102144289,1008
sequence_ridge,5,KLP,3,3.3010299956639813,3.7893789111645266,226
sequence_ridge,5,KTAP,4,4.431798275933005,4.906994754586024,374
sequence_ridge,5,KVEGDLK,7,5.33161408331,3.485748051488212,777
sequence_ridge,5,KVLILA,6,4.680893940690224,4.654726622883938,662
sequence_ridge,5,KVREGT,6,5.040958607678906,4.060970862653163,666
sequence_ridge,5,LAPYK,5,4.773400094792643,4.4794302639705315,508
sequence_ridge,5,LAY,3,5.4089353929735005,5.011304946281471,231
sequence_ridge,5,LDAQSAPLR,9,3.1972262747080245,4.5013326687135855,914
sequence_ridge,5,LENLHLPLP,9,4.0655015487564325,3.9637240082598533,915
sequence_ridge,5,LHLP,4,3.677780705266081,4.4696063770465955,378
sequence_ridge,5,LHLPLP,6,5.431798275933005,4.90760480190859,472
sequence_ridge,5,LIVGFPAYGH,10,3.707389547161679,3.790869475368287,910
sequence_ridge,5,LIY,3,6.086186147616283,6.882847758328683,236
sequence_ridge,5,LKIPVA,6,5.216811308924743,4.5616755665435305,678
sequence_ridge,5,LKYAT,5,7.045757490560675,5.247932514306116,516
sequence_ridge,5,LLP,3,4.2441251443275085,4.290369472683228,242
sequence_ridge,5,LNPA,4,3.505845405981557,3.54248564191513,380
sequence_ridge,5,LPF,3,4.975104039892515,4.729893819953031,245
sequence_ridge,5,LQP,3,5.698970004336019,4.43129029450828,248
sequence_ridge,5,LQQ,3,4.0,3.894392973111336,249
sequence_ridge,5,LRIPVA,6,6.42021640338319,5.361007557463119,678
sequence_ridge,5,LTQTPVVVPPF,11,6.443697499232712,4.6633641731470625,987
sequence_ridge,5,LVQGS,5,4.359518563029578,4.894216915195138,526
sequence_ridge,5,LVRY,4,2.347405081341146,5.260964728108872,388
sequence_ridge,5,LVYP,4,3.769551078621726,5.142140691441652,389
sequence_ridge,5,LVYPFPGP,8,3.7603642646351183,4.939061228882486,855
sequence_ridge,5,LVYPFPGPIH,10,4.050609993355087,3.7390261599003307,958
sequence_ridge,5,LVYPFPGPIPN,11,4.554395796726403,4.5727755939226435,958
sequence_ridge,5,LY,2,4.414539270491499,4.907774190704866,70
sequence_ridge,5,MDFLI,5,8.0,8.103867627299493,529
sequence_ridge,5,MEGAQEAQGD,10,4.798602875679548,3.8655324711720067,959
sequence_ridge,5,MFDL,4,8.0,3.185870581242929,391
sequence_ridge,5,MIFPGGPQL,9,4.651695136951839,5.234772036126126,918
sequence_ridge,5,MIPAY,5,5.060480747381382,7.925634762639207,530
sequence_ridge,5,MKG,3,4.381832157023046,2.322433118219653,264
sequence_ridge,5,MKR,3,4.590066876668706,2.561824747508469,265
sequence_ridge,5,MKY,3,5.136677139879544,3.513704130444968,266
sequence_ridge,5,MLPVY,5,5.267606240177032,5.5423294284988,533
sequence_ridge,5,MMEPMVK,7,5.987162775294828,4.61468945682732,786
sequence_ridge,5,MPFPK,5,3.582827350482225,3.45606689573917,535
sequence_ridge,5,MY,2,3.714442690992226,4.2710568412751995,76
sequence_ridge,5,NGGPPT,6,3.512296136836273,4.771008063372654,686
sequence_ridge,5,NHRNRMMDHVH,11,4.872247484167026,6.392252964178073,990
sequence_ridge,5,NIPPLTQTPVVVPPFIQ,17,3.3467874862246565,3.9617611745068038,1036
sequence_ridge,5,NK,2,3.0915149811213505,4.270327204486557,79
sequence_ridge,5,NKL,3,4.055517327849831,4.569290626747898,271
sequence_ridge,5,NLHLP,5,3.3767507096021,3.955631171214158,539
sequence_ridge,5,NMAINPSK,8,4.221848749616356,4.423970149599223,859
sequence_ridge,5,NPP,3,3.5368538632736506,3.3505683862496265,272
sequence_ridge,5,PFPE,4,3.0,3.0467814136217695,393
sequence_ridge,5,PKIDAMREKVLA,12,3.987162775294828,4.636228318963166,1005
sequence_ridge,5,PLW,3,4.443697499232712,5.13174083478032,278
sequence_ridge,5,PPQSVLSLSQSKVLPVPQ,18,1.6020599913279625,4.469207822499841,1040
sequence_ridge,5,PQR,3,3.396855627379818,3.148155614179013,280
sequence_ridge,5,PSGQYY,6,4.0,4.824411265699016,693
sequence_ridge,5,PSY,3,4.795880017344075,6.607143600316434,282
sequence_ridge,5,PTPVP,5,3.5910650413211984,4.335976852723896,556
sequence_ridge,5,QSLVYP,6,4.3872161432802645,4.389060143714401,574
sequence_ridge,5,QSWMHQPHQ,9,4.715343717211484,4.583762004421635,923
sequence_ridge,5,QTQYTDAPSFSDIPNPIGSENSEKTTMPLW,30,0.4609239012072237,4.596146766405857,1049
sequence_ridge,5,RGLSK,5,4.060480747381382,2.951591754288412,563
sequence_ridge,5,RGY,3,4.2083093509798815,1.5380170818648935,286
sequence_ridge,5,RMLGQTPTK,9,4.468521082957745,3.1606311274566856,926
sequence_ridge,5,RMLGQTPWK,9,4.468521082957745,4.1359646168829505,926
sequence_ridge,5,RPSYT,5,3.4056074496245734,7.002964228704224,567
sequence_ridge,5,RR,2,3.573326111978627,-1.706071656643056,93
sequence_ridge,5,RYLGY,5,6.1487416512809245,4.779791922620306,570
sequence_ridge,5,SIQSQPQAFP,10,3.2518119729938,3.6812328626576596,909
sequence_ridge,5,SLVYP,5,4.392578075976151,5.149418488355636,574
sequence_ridge,5,SPPPFYL,7,4.199970640755866,3.958056191747554,805
sequence_ridge,5,STYQT,5,3.5223000716678694,5.383923113174967,575
sequence_ridge,5,SY,2,4.178486471595226,5.980680587768006,100
sequence_ridge,5,THEATHEAP,9,6.036212172654444,3.8829038533384597,929
sequence_ridge,5,TKY,3,5.638272163982407,3.003421293789474,293
sequence_ridge,5,TNP,3,3.683191247946978,3.5210864990681183,294
sequence_ridge,5,TTI,3,4.603103550857476,3.8259220208431826,295
sequence_ridge,5,TVDQHQ,6,3.6381843376822505,9.908684866076346,712
sequence_ridge,5,TVPY,4,5.698970004336019,4.326408022616232,409
sequence_ridge,5,TVVPG,5,5.187086643357144,4.665024524921055,582
sequence_ridge,5,TYLGS,5,5.828630791722292,6.118152709508677,584
sequence_ridge,5,VAGTW,5,3.164895531762908,4.216657438169985,585
sequence_ridge,5,VAGTWY,6,2.7741740085381066,4.002517996776199,585
sequence_ridge,5,VAND,4,3.3861581781239307,7.807742222684867,411
sequence_ridge,5,VAPFPEVF,8,3.440691989092988,4.131672838379989,880
sequence_ridge,5,VAV,3,3.5850266520291822,4.169482276506966,301
sequence_ridge,5,VDSDVVKG,8,4.876148359032914,5.4741610298200705,881
sequence_ridge,5,VF,2,4.359518563029578,2.815935960804998,104
sequence_ridge,5,VFER,4,3.815876645760329,4.689245724700493,413
sequence_ridge,5,VGLPIF,6,4.45858394449556,4.0285787224862935,713
sequence_ridge,5,VHIPP,5,5.0,4.726846268237273,590
sequence_ridge,5,VKAGF,5,4.080921907623926,4.7065759629077055,596
sequence_ridge,5,VKF,3,2.987584625237567,5.159853277636249,309
sequence_ridge,5,VL,2,4.886056647693163,2.740473695086897,107
sequence_ridge,5,VLGPVRGPFP,10,3.863279432843593,3.605908395491838,973
sequence_ridge,5,VLPIP,5,4.508638306165727,3.7313018383148924,599
sequence_ridge,5,VLPIPQ,6,2.275724130399211,3.7686015202250607,599
sequence_ridge,5,VP,2,3.2441251443275085,3.59762090800405,108
sequence_ridge,5,VPP,3,5.045757490560675,3.7514927728818037,315
sequence_ridge,5,VR,2,4.008773924307505,3.734219099636012,109
sequence_ridge,5,VRGPFP,6,3.22767829327708,3.478609895401557,720
sequence_ridge,5,VRK,3,3.154901959985743,6.42734957600746,317
sequence_ridge,5,VSV,3,6.823908740944319,3.005733731406502,321
sequence_ridge,5,VTVNPYKWLP,10,5.259637310505756,4.969884935372409,975
sequence_ridge,5,VVW,3,4.657577319177793,5.604650136130542,322
sequence_ridge,5,VWP,3,5.346787486224656,5.008970996822553,324
sequence_ridge,5,VWY,3,5.026872146400302,5.306743122982095,325
sequence_ridge,5,VY,2,4.8714007869303275,5.066452502910747,111
sequence_ridge,5,VYNEGLPAP,9,5.508638306165727,2.692886330355604,933
sequence_ridge,5,VYPFPGPI,8,3.3010299956639813,4.9419179686986565,818
sequence_ridge,5,WA,2,3.5570501304221382,7.409985601170294,112
sequence_ridge,5,WGHGNPHV,8,4.814457845145625,4.766678460115359,887
sequence_ridge,5,WLAHK,5,4.113509274827518,4.2303746489120515,609
sequence_ridge,5,WQVLPNAVPAK,11,3.4956786262173574,3.7341977954194583,994
sequence_ridge,5,WSKVVL,6,3.806096597447253,4.6669700922729564,727
sequence_ridge,5,WSVPQPK,7,4.6777807052660805,3.27371155930605,815
sequence_ridge,5,WT,2,3.199282921717615,-1.6508093158018502,118
sequence_ridge,5,WVPSV,5,4.817179571543235,3.9904649669253716,610
sequence_ridge,5,WVPSVY,6,4.590066876668706,4.158233292054491,610
sequence_ridge,5,YANPAVVRP,9,5.107905397309519,4.878365270583288,936
sequence_ridge,5,YETGNGIK,8,5.432973633840939,4.2513122783802135,888
sequence_ridge,5,YGFLPILP,8,3.5850266520291822,4.117437858434107,889
sequence_ridge,5,YGGVSLPEW,9,4.795880017344075,4.761036547307213,938
sequence_ridge,5,YGLF,4,3.134896025358872,3.9655756022037516,425
sequence_ridge,5,YKWL,4,4.412289034981089,4.76700100145942,426
sequence_ridge,5,YPFPGPI,7,3.3010299956639813,4.785509163657689,818
sequence_ridge,5,YPFPGPIP,8,3.3010299956639813,4.054299350399877,818
sequence_ridge,5,YPK,3,4.5875933086697795,3.7465482185428582,336
sequence_ridge,5,YPRY,4,4.7594507517174005,5.109690558583177,430
sequence_ridge,5,YPSFQPQPLIYP,12,5.318758762624412,5.322278427521208,1008
sequence_ridge,5,YQEPVL,6,3.552841968657781,4.189032797685235,735
sequence_ridge,5,YQQPVL,6,3.552841968657781,3.7662778356798294,735
sequence_extra_trees,1,AAAPVAVAK,9,4.980883709552927,4.450953326312604,892
sequence_extra_trees,1,AAATP,5,4.0,4.1613858315063625,434
sequence_extra_trees,1,AFL,3,4.190465862773459,4.009601795315269,132
sequence_extra_trees,1,AFPGS,5,5.431798275933005,4.220665573810723,435
sequence_extra_trees,1,AGDDAPR,7,4.924088238517222,4.142964839207416,739
sequence_extra_trees,1,AGP,3,3.2518119729938,3.9727679937738944,134
sequence_extra_trees,1,AI,2,2.8140951744048994,4.106861074946846,4
sequence_extra_trees,1,AKYCY,5,4.700057099977233,4.659931725401884,437
sequence_extra_trees,1,AKYSY,5,5.823908740944319,4.4844577619023624,438
sequence_extra_trees,1,ALNEINQFY,9,3.6595558851598815,4.234103616896692,896
sequence_extra_trees,1,ALNEINQFYQK,11,3.5783960731301687,4.1031075008570355,896
sequence_extra_trees,1,ALP,3,3.619788758288394,3.7543243443695826,138
sequence_extra_trees,1,ALPHA,5,5.0,4.132670482620526,440
sequence_extra_trees,1,ALPMH,5,3.283162276700476,4.104194039677202,441
sequence_extra_trees,1,ALPMHIR,7,4.366531544420413,4.247850450849415,740
sequence_extra_trees,1,AMKPW,5,3.2365720064370627,4.584793728653985,442
sequence_extra_trees,1,AMPKPW,6,3.2365720064370627,4.521194220010082,442
sequence_extra_trees,1,ARF,3,5.522878745280337,4.308857182202336,141
sequence_extra_trees,1,ASQSIWLPGWL,11,5.39577394691553,4.014974912573992,981
sequence_extra_trees,1,AVV,3,4.176525770829699,4.050653890539813,146
sequence_extra_trees,1,AVVRP,5,4.130768280269024,4.336069687486743,449
sequence_extra_trees,1,CFCTKPC,7,5.882728704344236,4.431570291312416,745
sequence_extra_trees,1,CMENSA,6,3.1034737825104446,4.0942004415367395,622
sequence_extra_trees,1,DAYPSGAW,8,4.008773924307505,4.58583892878415,823
sequence_extra_trees,1,DFG,3,4.349692476868063,3.8815773284294397,148
sequence_extra_trees,1,DIGYY,5,5.4698003017969175,4.37838340259701,452
sequence_extra_trees,1,DLP,3,5.318758762624412,4.302442425114234,149
sequence_extra_trees,1,DM,2,3.2218487496163566,3.891742749533202,15
sequence_extra_trees,1,EP,2,2.920818753952376,3.878408469150088,20
sequence_extra_trees,1,ERVL,4,3.698319050706424,4.263817886548811,352
sequence_extra_trees,1,EVSQGRP,7,4.301029995663981,4.248458050514773,751
sequence_extra_trees,1,FAGDDAPRR,9,3.580077278962397,4.65302930939651,900
sequence_extra_trees,1,FAL,3,4.580044251510242,4.529741160710892,151
sequence_extra_trees,1,FCF,3,4.958607314841775,4.7489389078724304,153
sequence_extra_trees,1,FCLYELAR,8,4.499900808084277,4.626290049930484,828
sequence_extra_trees,1,FFVAPFEVFGK,11,4.113509274827518,4.527421291304088,982
sequence_extra_trees,1,FFVAPFPEVFGK,12,4.113509274827518,4.443462661386401,982
sequence_extra_trees,1,FFVAPFPFEVFGK,13,4.113509274827518,4.465194940652498,982
sequence_extra_trees,1,FFVAPFPGVFGK,12,4.113509274827518,4.511292362243089,982
sequence_extra_trees,1,FGK,3,3.795880017344075,4.169777271060363,156
sequence_extra_trees,1,FNQ,3,3.474955192963155,4.142742730649497,158
sequence_extra_trees,1,FPEVFGK,7,3.853871964321762,4.332327521917953,755
sequence_extra_trees,1,FR,2,3.036212172654445,4.573426906106099,28
sequence_extra_trees,1,FRADHPFL,8,5.494850021680094,4.611167996086251,757
sequence_extra_trees,1,FRAHPFL,7,5.494850021680094,4.645356627758733,757
sequence_extra_trees,1,FSDKIAK,7,3.944621668625,4.437179834735319,760
sequence_extra_trees,1,FSY,3,4.211978582870912,4.325290558797882,161
sequence_extra_trees,1,FYQQ,4,4.6020599913279625,4.628115648552376,355
sequence_extra_trees,1,GAAGAAP,7,5.468521082957745,4.26490728322735,761
sequence_extra_trees,1,GAPGLPGP,8,4.531652669587842,4.2174836965903175,834
sequence_extra_trees,1,GEGSGA,6,3.944239535312265,3.587586425405663,634
sequence_extra_trees,1,GF,2,3.5561114532226283,3.4790847428619847,34
sequence_extra_trees,1,GFPGER,6,3.0210894228244283,4.080228321856315,635
sequence_extra_trees,1,GFR,3,4.02571864112217,4.0706733792748375,167
sequence_extra_trees,1,GGY,3,5.886056647693163,4.027994922091243,168
sequence_extra_trees,1,GI,2,2.886056647693163,3.4269792496904063,37
sequence_extra_trees,1,GK,2,2.2676062401770314,3.414416237908058,38
sequence_extra_trees,1,GLTGRPGDAGPQGK,14,3.3435184842095014,4.0069022474038976,1021
sequence_extra_trees,1,GPAGAP,6,2.0809219076239263,4.0752295465411095,638
sequence_extra_trees,1,GPIGPP,6,3.908684840302777,4.025376913740648,639
sequence_extra_trees,1,GPPGAP,6,2.006211552636506,4.033110058675117,638
sequence_extra_trees,1,GPPGPP,6,1.94692155651658,4.252608548368897,639
sequence_extra_trees,1,GPTGPAGP,8,3.580077278962397,3.944405073203944,836
sequence_extra_trees,1,GTW,3,3.333107788933464,4.336744654221589,182
sequence_extra_trees,1,GVPKVKETMVPK,12,3.424696666577601,4.45824625990141,998
sequence_extra_trees,1,GVPKVKETMVPKH,13,3.651305809734459,4.374513270586678,998
sequence_extra_trees,1,GVYPH,5,2.5999993830236203,4.5502186346637945,471
sequence_extra_trees,1,GVYPHK,6,5.795880017344075,4.424095986520849,471
sequence_extra_trees,1,GYK,3,3.795880017344075,4.008503478727763,184
sequence_extra_trees,1,HDHM,4,3.558776325757388,3.990083618309853,362
sequence_extra_trees,1,HIR,3,3.020907099361674,4.417817910047484,187
sequence_extra_trees,1,IEKP,4,5.364041496042277,4.724441584281374,365
sequence_extra_trees,1,IHPF,4,4.935542010773082,4.209431955104933,366
sequence_extra_trees,1,IKPVQ,5,4.474955192963154,4.574720594477279,487
sequence_extra_trees,1,INYWL,5,4.958607314841775,4.368710628689175,489
sequence_extra_trees,1,IPAIN,5,3.363913484896927,3.896758973688039,491
sequence_extra_trees,1,IPN,3,3.85078088734462,4.287385764228119,207
sequence_extra_trees,1,IQP,3,5.42021640338319,4.416985084121684,210
sequence_extra_trees,1,ISHIYVWK,8,5.423658649794207,4.571497291698945,843
sequence_extra_trees,1,IVVE,4,3.5012760292520952,4.583130681691211,368
sequence_extra_trees,1,IVY,3,4.831502516476967,4.556998907976751,221
sequence_extra_trees,1,IWHHT,5,5.236572006437063,4.174208050055009,497
sequence_extra_trees,1,IYK,3,3.7520267336381936,4.300618299604129,223
sequence_extra_trees,1,IYPR,4,5.0,4.475462484151894,370
sequence_extra_trees,1,KFPQY,5,4.907630300370879,4.515095488416132,503
sequence_extra_trees,1,KKYMVPQL,8,4.112945621949043,4.511341661186641,845
sequence_extra_trees,1,KKYNVPQL,8,4.112382699664264,4.452093069309029,845
sequence_extra_trees,1,KL,2,4.29929628285498,4.075944596327847,61
sequence_extra_trees,1,KLKFV,5,4.51999305704285,4.286519272451592,504
sequence_extra_trees,1,KPPETV,6,4.617982957425132,4.2756652938755035,657
sequence_extra_trees,1,KR,2,3.42021640338319,4.274895133807019,63
sequence_extra_trees,1,KVAGPK,6,3.515700160653214,4.363805931755917,660
sequence_extra_trees,1,KVLPG,5,3.5760336313197145,4.728809677118683,506
sequence_extra_trees,1,KW,2,5.0372408209112844,4.786186070369983,64
sequence_extra_trees,1,KWL,3,4.360513510731414,4.584231886780964,227
sequence_extra_trees,1,LALPP,5,3.1023729087095586,4.284980127527587,507
sequence_extra_trees,1,LAMA,4,3.114400345836246,4.123915499253099,376
sequence_extra_trees,1,LAPSLPGKPKPD,12,5.705533773838408,4.4381002069187305,1003
sequence_extra_trees,1,LFLIKH,6,5.072116589669293,4.808084280455731,670
sequence_extra_trees,1,LHLPLL,6,5.455931955649724,4.584257239177424,675
sequence_extra_trees,1,LHLPLPL,7,3.363813104801276,4.470185080697417,675
sequence_extra_trees,1,LHLPLR,6,5.7447274948966935,4.567339326211368,675
sequence_extra_trees,1,LHLWLP,6,5.045757490560675,4.662268490015088,676
sequence_extra_trees,1,LHLYLP,6,4.723538195826756,4.470055788302976,676
sequence_extra_trees,1,LIWKL,5,6.327902142064283,4.98092780305153,511
sequence_extra_trees,1,LKGYGGVSLPEW,12,4.080921907623926,4.767717949713033,1004
sequence_extra_trees,1,LKISQ,5,4.9730583720409705,4.373753248712329,512
sequence_extra_trees,1,LKKISQ,6,5.585026652029182,4.376800855412001,512
sequence_extra_trees,1,LKL,3,3.72584215073632,4.780976324039802,238
sequence_extra_trees,1,LKPMN,5,5.314503033242628,4.741839401108937,514
sequence_extra_trees,1,LKVGVKQY,8,4.958607314841775,4.686250528980135,853
sequence_extra_trees,1,LLLAHLL,7,5.284832642151542,4.1869969162895275,781
sequence_extra_trees,1,LLMPK,5,3.1635492862798453,4.241218878085972,519
sequence_extra_trees,1,LNNSRAP,7,3.9775716288145135,4.360728648505909,783
sequence_extra_trees,1,LQSW,4,3.3010299956639813,4.516025077910952,385
sequence_extra_trees,1,LRP,3,6.553119118971028,4.810734373390149,250
sequence_extra_trees,1,LRPVAA,6,5.382999658879101,4.69097379959376,680
sequence_extra_trees,1,LRY,3,5.292429823902063,4.805557895196535,252
sequence_extra_trees,1,LSMGSASLSP,10,5.098152790829522,4.510351638501784,957
sequence_extra_trees,1,LVP,3,5.00436480540245,4.559048966839128,258
sequence_extra_trees,1,LVRT,4,2.607303046740334,4.234053880125103,387
sequence_extra_trees,1,LVY,3,5.7447274948966935,4.605362621762381,260
sequence_extra_trees,1,LVYPFP,6,3.87942606879415,4.305903037136356,681
sequence_extra_trees,1,LW,2,4.627087997029893,4.6553330590518165,69
sequence_extra_trees,1,LYHVL,5,4.756961951313706,4.445044871427708,527
sequence_extra_trees,1,LYP,3,5.180456064458132,4.4667672820678455,261
sequence_extra_trees,1,MF,2,4.349692476868063,4.450299030541562,72
sequence_extra_trees,1,MLLCS,5,4.004935217675512,4.7098844308648555,531
sequence_extra_trees,1,MNP,3,4.176525770829699,4.326558607694066,267
sequence_extra_trees,1,MPF,3,4.74521031260279,4.527025180345254,268
sequence_extra_trees,1,MRW,3,6.221848749616356,5.111131444730198,269
sequence_extra_trees,1,MYY,3,5.017728766960431,4.6190714693385395,270
sequence_extra_trees,1,NPPHQIYP,8,4.431798275933005,4.2811515326396234,795
sequence_extra_trees,1,NPPSV,5,4.391902053674721,4.3495523953819255,540
sequence_extra_trees,1,NWGPLV,6,4.6777807052660805,4.5056650509032705,688
sequence_extra_trees,1,PANIKWGD,8,4.6777807052660805,4.683381871526339,861
sequence_extra_trees,1,PAPPK,5,3.69988298171013,4.324677118677518,541
sequence_extra_trees,1,PAVVRP,6,4.7447274948966935,4.506687876442096,449
sequence_extra_trees,1,PDLVF,5,4.071092309756047,4.54021872900932,542
sequence_extra_trees,1,PDWFLLL,7,5.7544873321858505,4.3497657556779785,790
sequence_extra_trees,1,PG,2,1.769551078621726,3.6330296881529853,82
sequence_extra_trees,1,PKHP,4,3.1492925146254627,3.866747372051996,394
sequence_extra_trees,1,PLIYP,5,5.356547323513812,4.8047673180663475,545
sequence_extra_trees,1,PLP,3,3.3665315444204134,4.253251317760459,277
sequence_extra_trees,1,PNRIKYGD,8,5.3979400086720375,4.384422760011731,864
sequence_extra_trees,1,PPEIN,5,4.915016886418039,4.060529870203359,548
sequence_extra_trees,1,PPHQIYP,7,4.657577319177793,4.304726025586469,795
sequence_extra_trees,1,PPK,3,2.9997829612603404,4.202214298414479,279
sequence_extra_trees,1,PQPLIYP,7,5.522878745280337,4.684388362226352,796
sequence_extra_trees,1,PRVF,4,3.958607314841775,4.365265215015965,395
sequence_extra_trees,1,PSNPP,5,3.716088473696271,4.027763249180121,553
sequence_extra_trees,1,PVEPFTESQ,9,5.804100347590766,3.7996779847743083,922
sequence_extra_trees,1,PVNNPQIH,8,3.684659523372712,3.991851300664896,867
sequence_extra_trees,1,PVPQP,5,3.958607314841775,4.05496723171606,557
sequence_extra_trees,1,PYKW,4,4.764471553092451,4.812774830253572,396
sequence_extra_trees,1,QLADVSPAAFLTQQQLLPFYLHAM,24,3.758378819208576,4.27166795294954,1045
sequence_extra_trees,1,QN,2,4.050609993355087,3.8685525871022066,87
sequence_extra_trees,1,QNALIVRYTR,10,5.337242168318426,4.461699464438492,964
sequence_extra_trees,1,QPIP,4,3.065501548756432,3.8892837035388435,398
sequence_extra_trees,1,QPLIYP,6,5.443697499232712,4.647278685110205,545
sequence_extra_trees,1,QPQPLIYP,8,5.3979400086720375,4.5795635256128975,796
sequence_extra_trees,1,QSEPKAIP,8,3.1249387366083,3.477664302654224,804
sequence_extra_trees,1,QVVF,4,3.795880017344075,4.457114133103035,399
sequence_extra_trees,1,RADFY,5,2.869666231504994,4.365860168109442,561
sequence_extra_trees,1,REKVLASS,8,4.494850021680094,4.187852246284817,870
sequence_extra_trees,1,RELEEL,6,3.0,4.102315773741549,698
sequence_extra_trees,1,RF,2,4.031517051446065,4.097240864586287,90
sequence_extra_trees,1,RIY,3,4.552841968657781,4.615477953100314,287
sequence_extra_trees,1,RP,2,4.6777807052660805,4.018188583532085,92
sequence_extra_trees,1,RPK,3,4.236205260656572,4.075757037917641,288
sequence_extra_trees,1,RPKHPI,6,4.394694953858891,3.9661422970036653,699
sequence_extra_trees,1,RPR,3,3.417936637088291,4.126541231085266,289
sequence_extra_trees,1,RS,2,4.211124884224583,3.8556509729829593,94
sequence_extra_trees,1,RVFDGAV,7,2.9974020192800914,4.362176134626306,802
sequence_extra_trees,1,RW,2,4.795880017344075,4.851676178901174,95
sequence_extra_trees,1,SEPKAIP,7,3.3665315444204134,3.6101629512131996,804
sequence_extra_trees,1,SF,2,3.885389015767827,4.256656859378595,97
sequence_extra_trees,1,SFHPYFSY,8,4.082441979174564,4.236696433820165,872
sequence_extra_trees,1,SFYPDY,6,3.9800533183211577,4.536064907971775,702
sequence_extra_trees,1,SKVPP,5,4.129479049987236,4.284491734205459,571
sequence_extra_trees,1,SKVYP,5,5.853871964321762,4.448489749624244,572
sequence_extra_trees,1,ST,2,5.394694953858891,3.860480383697387,99
sequence_extra_trees,1,STHGVY,6,4.714442690992226,4.597726242080362,703
sequence_extra_trees,1,SVAKL,5,3.050000457140078,4.296264401858103,576
sequence_extra_trees,1,SVAKLE,6,2.660000322371772,4.345150676069684,576
sequence_extra_trees,1,SWSF,4,4.117475462045119,4.522164701971441,406
sequence_extra_trees,1,TAP,3,5.455931955649724,4.7004776464444245,292
sequence_extra_trees,1,TFPHGP,6,3.0793549985932125,4.261453215424362,704
sequence_extra_trees,1,TG,2,2.0043648054024503,3.2533726620071812,102
sequence_extra_trees,1,TKVIP,5,3.397940008672037,4.424519613535208,579
sequence_extra_trees,1,TPRVF,5,3.6989700043360183,4.1151738876793,581
sequence_extra_trees,1,TPTQQS,6,4.1351923709738525,3.945412053975119,709
sequence_extra_trees,1,TSFYPDY,7,4.096910013008056,4.57211350756496,702
sequence_extra_trees,1,TTN,3,3.172178572317198,4.1216790684636,296
sequence_extra_trees,1,TVY,3,4.823908740944319,4.5268712889257054,297
sequence_extra_trees,1,TVYTKGRVMP,10,4.42021640338319,4.41248554459193,971
sequence_extra_trees,1,VAA,3,4.886056647693163,4.49478463069119,298
sequence_extra_trees,1,VADVYVGK,8,5.549750891680639,4.62517077589674,877
sequence_extra_trees,1,VAP,3,5.698970004336019,4.726283813822424,300
sequence_extra_trees,1,VAW,3,5.543633966870957,4.7533413962683895,302
sequence_extra_trees,1,VLDTDYK,7,3.024108863598207,4.151092746294347,809
sequence_extra_trees,1,VNP,3,5.1938200260161125,4.192161545156864,314
sequence_extra_trees,1,VPFGVG,6,3.473660722610156,4.190004523656328,718
sequence_extra_trees,1,VQKATY,6,5.841637507904751,4.4529982343906,719
sequence_extra_trees,1,VSP,3,5.0,4.682359624417707,320
sequence_extra_trees,1,VTGRFAGHPAAQ,12,4.563837352959244,4.336197506131579,1007
sequence_extra_trees,1,VTSTAV,6,4.2839966563652006,4.464951674093121,723
sequence_extra_trees,1,VVY,3,4.657577319177793,4.671490966001174,323
sequence_extra_trees,1,VVYPWTQRF,9,4.464705879957229,4.5020174965530595,932
sequence_extra_trees,1,VWDPPKFD,8,3.551926158556907,4.371906114638427,885
sequence_extra_trees,1,VWIS,4,4.522878745280337,4.594491700109127,421
sequence_extra_trees,1,VYAP,4,5.214670164989233,4.733574605874211,422
sequence_extra_trees,1,VYP,3,3.540607512240769,4.478216655596851,326
sequence_extra_trees,1,VYPFPG,6,3.6556077263148894,4.417313780211133,726
sequence_extra_trees,1,VYPHK,5,5.338187314462739,4.4176318446557605,607
sequence_extra_trees,1,WLP,3,3.397940008672037,4.495386733835303,327
sequence_extra_trees,1,WPEAAELMMEVDP,13,4.665546248849069,4.316498699175161,1017
sequence_extra_trees,1,WPERPPQIP,9,4.6222234694421545,4.010587740048695,934
sequence_extra_trees,1,WV,2,3.3005959181846625,4.39565437235963,119
sequence_extra_trees,1,YAKPVA,6,3.344663962534938,4.534986369348609,728
sequence_extra_trees,1,YALPHA,6,5.008773924307505,4.352407717636018,440
sequence_extra_trees,1,YGAP,4,4.7594507517174005,4.327956180288753,423
sequence_extra_trees,1,YH,2,5.292429823902063,4.056701782133112,123
sequence_extra_trees,1,YKVPQL,6,4.657577319177793,4.443472160135872,730
sequence_extra_trees,1,YKYY,4,4.192464971931146,4.503340093360078,427
sequence_extra_trees,1,YLGYLE,6,4.066715227651305,4.206104296896253,732
sequence_extra_trees,1,YLYEIARR,8,4.0655015487564325,4.265966228831395,890
sequence_extra_trees,1,YN,2,4.292429823902063,3.957800926894476,126
sequence_extra_trees,1,YPI,3,4.281368533544392,4.184308717042097,335
sequence_extra_trees,1,YPLDL,5,4.292429823902063,4.536998116434341,615
sequence_extra_trees,1,YPLDLF,6,4.61261017366127,4.345532724162872,615
sequence_extra_trees,1,YSQQQQ,6,3.065501548756432,4.043231919157572,736
sequence_extra_trees,1,YW,2,4.978810700930062,4.62425069517322,129
sequence_extra_trees,1,YYAPF,5,4.580044251510242,4.211994064916555,617
sequence_extra_trees,1,YYAPFE,6,4.156631740374895,4.344364336175083,617
sequence_extra_trees,2,ADVFNPR,7,3.313631896526964,4.134248753865516,738
sequence_extra_trees,2,AFKAWAVAR,9,5.769551078621726,4.632167796513757,893
sequence_extra_trees,2,AHLL,4,3.6365552500463103,4.351702401812227,344
sequence_extra_trees,2,AIPP,4,3.0457574905606752,3.9154399022275306,346
sequence_extra_trees,2,APP,3,5.337242168318426,4.019740304006542,139
sequence_extra_trees,2,AQQLAAQLPAMCR,13,4.167491087293763,4.2631257539113,1010
sequence_extra_trees,2,AQTQSLVYP,9,4.119186407719209,4.282813913398367,898
sequence_extra_trees,2,AR,2,4.019996628416253,4.155999881596421,6
sequence_extra_trees,2,ARHPH,5,4.806041021980813,4.297705175973564,446
sequence_extra_trees,2,AVNPIR,6,4.886056647693163,4.253503002196621,620
sequence_extra_trees,2,AYIASKGL,8,4.460046158343603,4.43210263633306,822
sequence_extra_trees,2,DDTGHDFEDTGEAM,14,5.015922966097169,4.152823882110347,1018
sequence_extra_trees,2,DMIPAQK,7,4.346787486224656,3.9699798725871305,748
sequence_extra_trees,2,EA,2,2.0,3.7753762075809485,18
sequence_extra_trees,2,EDENNPFYLR,10,3.136677139879544,4.371596758718137,943
sequence_extra_trees,2,EKERERQ,7,3.257667717642852,4.1508954935623485,749
sequence_extra_trees,2,EKVNELSK,8,2.221993538576492,4.335182766781001,825
sequence_extra_trees,2,ENLHLPLP,8,3.8096683018297086,4.254588178615681,787
sequence_extra_trees,2,ENLHLPLPLL,10,3.6020599913279625,4.293415544635658,920
sequence_extra_trees,2,ESAGIH,6,3.429924294678396,4.100304269878411,627
sequence_extra_trees,2,EVMAGNLYPG,10,4.7349967929122965,4.57527077476882,945
sequence_extra_trees,2,FAP,3,5.42021640338319,4.618076346203285,152
sequence_extra_trees,2,FAQTQSLVYP,10,4.6020599913279625,4.464677483744932,898
sequence_extra_trees,2,FE,2,5.838631997765025,3.9379075144011453,23
sequence_extra_trees,2,FFGRCVSP,8,6.3979400086720375,5.039498406531752,752
sequence_extra_trees,2,FGRCVSP,7,5.207608310501746,4.901856747091966,752
sequence_extra_trees,2,FHSGIQSEPKAIP,13,3.283996656365201,3.7381134521664707,1001
sequence_extra_trees,2,FL,2,5.876148359032914,4.182918704136386,26
sequence_extra_trees,2,FLKPLFNAALKLLP,14,4.653842697767992,4.261102947861975,1020
sequence_extra_trees,2,FLVPP,5,4.92009553233328,4.311810225796711,458
sequence_extra_trees,2,FNQLAALNSAAYLQQQQLLPFSQLA,25,4.848017604542526,3.858780339622911,1046
sequence_extra_trees,2,FP,2,3.5016894462104,3.9015638652465867,27
sequence_extra_trees,2,FQP,3,4.920818753952375,4.336344090353083,159
sequence_extra_trees,2,FQPQPLIYP,9,5.7447274948966935,4.887079627034481,902
sequence_extra_trees,2,FQPSF,5,4.901010360598823,4.453102146867863,459
sequence_extra_trees,2,FRC,3,5.154901959985743,4.668482238776023,160
sequence_extra_trees,2,FVAP,4,5.0,4.699919142857593,354
sequence_extra_trees,2,GAAELPCSADWW,12,6.022276394711152,4.289678662066651,996
sequence_extra_trees,2,GAATHEAP,8,3.682688979793189,4.638262014568936,833
sequence_extra_trees,2,GD,2,2.036212172654445,3.460753565358272,32
sequence_extra_trees,2,GEGGP,5,3.784356974007387,3.73506261928444,462
sequence_extra_trees,2,GEHGGAGMGGGQFQPV,16,3.309316719950892,4.02548340454953,1035
sequence_extra_trees,2,GH,2,2.508638306165728,3.627351060471544,36
sequence_extra_trees,2,GHF,3,2.958607314841775,4.122234541317994,169
sequence_extra_trees,2,GHG,3,3.913640169325252,3.8713857327096393,170
sequence_extra_trees,2,GIPGERGPVGPSG,13,4.36251027048749,4.105874430591294,1012
sequence_extra_trees,2,GKEIIVKAQR,10,4.179995693191682,4.252410202542925,950
sequence_extra_trees,2,GPA,3,3.3925449767853317,3.985072043639177,174
sequence_extra_trees,2,GPL,3,5.576754126063192,4.0765023445614545,175
sequence_extra_trees,2,GPPP,4,4.2479709053828625,3.946375881493768,359
sequence_extra_trees,2,GPVGPA,6,3.908684840302777,3.9428235648569996,640
sequence_extra_trees,2,GQ,2,2.4369342963690075,3.34768751353012,42
sequence_extra_trees,2,GQY,3,4.281498311132726,4.430419082972781,179
sequence_extra_trees,2,GR,2,3.789949150124863,3.625640478335809,43
sequence_extra_trees,2,GRVMP,5,3.6020599913279625,4.419377370120896,466
sequence_extra_trees,2,GSAGPAGPSGPRGP,14,3.779891911959945,3.8503181002950067,1023
sequence_extra_trees,2,GTEKC,5,3.8846658948669326,4.215595908720189,468
sequence_extra_trees,2,GVGAGY,6,5.39040559077478,4.143127148853704,641
sequence_extra_trees,2,GWAP,4,5.413412695328245,4.491079781873289,361
sequence_extra_trees,2,GY,2,3.8998934256884383,4.191508622062269,48
sequence_extra_trees,2,HL,2,2.494850021680094,4.042210108139873,50
sequence_extra_trees,2,HPHPHLSF,8,3.039102157243452,4.102526713049083,838
sequence_extra_trees,2,HPIKH,5,2.8964699365716253,4.017141925867486,474
sequence_extra_trees,2,HQAAGW,6,4.221848749616356,4.271894330434128,645
sequence_extra_trees,2,HSGIQSEPKAIP,12,2.999565922520681,3.487120147267601,1001
sequence_extra_trees,2,HWTTQR,6,2.804006843574772,4.422232937070826,646
sequence_extra_trees,2,IAE,3,4.459670525209126,4.237886000280105,190
sequence_extra_trees,2,IAGRP,5,4.586030028251939,4.3712395864177545,477
sequence_extra_trees,2,IAK,3,4.804100347590766,4.347688635521687,191
sequence_extra_trees,2,IARDSAAVF,9,4.248720896016658,4.175034251126019,906
sequence_extra_trees,2,IAYKP,5,5.533132379645891,4.605659085836351,479
sequence_extra_trees,2,IFG,3,2.999565922520681,4.109324780094006,198
sequence_extra_trees,2,IFVPAF,6,5.468521082957745,4.45427862196577,648
sequence_extra_trees,2,IGSENSEKTTMP,12,3.111792416405554,3.8325422075395363,1002
sequence_extra_trees,2,IITNW,5,4.509199047989145,4.506123601352297,485
sequence_extra_trees,2,IKP,3,5.6020599913279625,4.583937727631676,201
sequence_extra_trees,2,IMVAEAR,7,4.075100735985717,4.284210227578376,771
sequence_extra_trees,2,IP,2,3.886056647693163,3.940339871447684,55
sequence_extra_trees,2,IPAQK,5,3.696803942579511,3.9904135778847056,492
sequence_extra_trees,2,IPY,3,3.686132779630847,4.572876988068128,209
sequence_extra_trees,2,ITF,3,4.309803919971486,4.374612719862844,217
sequence_extra_trees,2,IW,2,5.327902142064282,4.705188979534547,56
sequence_extra_trees,2,IWH,3,5.455931955649724,4.645749748549168,222
sequence_extra_trees,2,IYEGY,5,4.100070117272136,4.628236121900789,498
sequence_extra_trees,2,IYLL,4,4.376750709602099,4.598691484907024,369
sequence_extra_trees,2,KAAAAP,6,4.703554205793604,4.314107512630103,653
sequence_extra_trees,2,KAAAATP,7,4.59108197915322,4.3389514682860515,653
sequence_extra_trees,2,KAPVA,5,4.331987028358168,4.301921756079947,500
sequence_extra_trees,2,KFHSGIQSEPKAIP,14,2.999565922520681,3.594610767776673,1001
sequence_extra_trees,2,KFYG,4,4.043351420794797,4.105821026993371,372
sequence_extra_trees,2,KGYGGVSL,8,3.5587142815251123,4.4829043625847405,844
sequence_extra_trees,2,KKYKVPQ,7,3.144541419613964,4.382738027466508,775
sequence_extra_trees,2,KLPAGTLF,8,4.872895201635192,4.115154254185546,846
sequence_extra_trees,2,KNGDGY,6,4.287097874952777,4.3468875017666715,656
sequence_extra_trees,2,KP,2,4.657577319177793,3.9986345513494306,62
sequence_extra_trees,2,KPGRP,5,4.173406946065952,4.1830769801110455,505
sequence_extra_trees,2,KRQKYDI,7,4.581698708680254,4.675849006845702,776
sequence_extra_trees,2,KVGTKCCAKP,10,4.522878745280337,4.268252957319126,955
sequence_extra_trees,2,KVLPLP,6,5.301029995663981,4.114878112244788,663
sequence_extra_trees,2,KVLPVP,6,5.301029995663981,4.090612636196277,663
sequence_extra_trees,2,KVREEY,6,5.040958607678906,4.433505704380335,665
sequence_extra_trees,2,KY,2,5.113509274827518,4.568363087162149,65
sequence_extra_trees,2,LA,2,3.508638306165728,4.086258604838983,66
sequence_extra_trees,2,LAA,3,4.886056647693163,4.404530278733627,229
sequence_extra_trees,2,LASPTM,6,4.223298816011589,4.38036692624482,669
sequence_extra_trees,2,LEK,3,3.096910013008056,4.185511415954373,232
sequence_extra_trees,2,LFRQ,4,4.769551078621726,4.298527044357119,377
sequence_extra_trees,2,LG,2,2.0555173278498318,3.609427441128934,68
sequence_extra_trees,2,LGAVPPRY,8,4.53313237964589,4.575711331179378,849
sequence_extra_trees,2,LGFPTTKTYFPHF,13,5.308034897232639,4.403842116795672,1015
sequence_extra_trees,2,LGI,3,4.537602002101044,4.300333452231651,233
sequence_extra_trees,2,LGPLGHQ,7,5.374687549038326,4.329122936640639,780
sequence_extra_trees,2,LHP,3,2.494618336168116,4.520769965063058,235
sequence_extra_trees,2,LHPGDAQR,8,4.987162775294828,4.377579677471932,850
sequence_extra_trees,2,LIPPGVPY,8,4.758456089600529,4.74532722479331,851
sequence_extra_trees,2,LKP,3,6.494850021680094,4.7380530701603245,239
sequence_extra_trees,2,LKPDM,5,5.013676222949234,4.850066479254424,513
sequence_extra_trees,2,LKPTPEGN,8,2.570000775141681,4.66223766321554,852
sequence_extra_trees,2,LLYQQPV,7,2.999565922520681,4.1372709810780455,782
sequence_extra_trees,2,LNY,3,4.091514981121351,4.688604430008915,244
sequence_extra_trees,2,LPG,3,5.24184537803261,4.327494395466199,246
sequence_extra_trees,2,LPLPLL,6,4.980468315468745,4.248254201327003,546
sequence_extra_trees,2,LPQNILP,7,4.337242168318426,4.07146086106333,692
sequence_extra_trees,2,LQKW,4,4.459670525209126,4.540744645783789,383
sequence_extra_trees,2,LQQGG,5,5.0655015487564325,4.015064446424639,522
sequence_extra_trees,2,LRCNG,5,5.537602002101044,4.634230400308944,523
sequence_extra_trees,2,LRW,3,6.638272163982407,5.0733588316319675,251
sequence_extra_trees,2,LSA,3,5.1073489661227,4.375515715049836,253
sequence_extra_trees,2,LSNGK,5,3.884056823060945,4.3627253706445215,525
sequence_extra_trees,2,LSP,3,5.769551078621726,4.546478850154372,254
sequence_extra_trees,2,LVVYPWTQ,8,4.137868620686962,4.735086689401367,814
sequence_extra_trees,2,LVYPFPGPIHNSLP,14,4.1487416512809245,4.206282155954718,1025
sequence_extra_trees,2,LVYPFPGPIPNSLP,14,5.2839966563652006,4.232733199898306,1025
sequence_extra_trees,2,LVYPFPGPIPNSLPQN,16,4.1487416512809245,4.310956175241853,1025
sequence_extra_trees,2,MA,2,3.8181564120552274,4.088368924042373,71
sequence_extra_trees,2,MAP,3,6.096910013008056,4.784826477911387,262
sequence_extra_trees,2,MDLA,4,8.0,4.591612184145248,390
sequence_extra_trees,2,MILLLFR,7,6.920818753952375,4.248198611472978,785
sequence_extra_trees,2,MLPAY,5,5.801342913045577,4.715996619797803,532
sequence_extra_trees,2,MPFLFK,6,4.0343280287798935,4.228021009100995,684
sequence_extra_trees,2,MTEEY,5,4.044312249686494,4.513355962355475,537
sequence_extra_trees,2,MVGSAPGVL,9,5.510041520575165,4.505587764342677,919
sequence_extra_trees,2,MYPGIA,6,3.193128420162718,4.468022474947056,685
sequence_extra_trees,2,NG,2,1.920818753952375,3.2854014366601945,78
sequence_extra_trees,2,NLHLPLP,7,4.292429823902063,4.245934541138275,787
sequence_extra_trees,2,NLHLPLPLL,9,4.823908740944319,4.309873273630516,920
sequence_extra_trees,2,NNVMLQW,7,4.389978975335855,4.355973791335548,788
sequence_extra_trees,2,NY,2,4.486782399932061,4.494895028884251,81
sequence_extra_trees,2,PANLPWGSSNV,11,4.7447274948966935,4.166560454082075,991
sequence_extra_trees,2,PAP,3,4.060480747381382,4.3404727552421365,273
sequence_extra_trees,2,PGTAVFK,7,4.576754126063192,4.241010019884058,791
sequence_extra_trees,2,PLPLL,5,4.809755360419249,4.255867979409942,546
sequence_extra_trees,2,PNNKPFQ,7,4.481486060122112,4.319789367752395,794
sequence_extra_trees,2,PPPVHL,6,3.958607314841775,4.134447464211254,690
sequence_extra_trees,2,PQAFP,5,3.3778614395990787,3.768627857454186,549
sequence_extra_trees,2,PQNILP,6,3.356547323513813,4.069209650737508,692
sequence_extra_trees,2,PRKEKLCTTS,10,3.847711655616944,4.442444326915919,963
sequence_extra_trees,2,PSFQPQPLIYP,11,5.568636235841012,4.754912405502193,902
sequence_extra_trees,2,PSKIKWGD,8,4.167491087293763,4.818534444939105,866
sequence_extra_trees,2,PVGLVQPASATLYDY,15,4.721246399047171,4.484482258508765,1030
sequence_extra_trees,2,PVRAVP,6,3.769551078621726,4.109753559694823,695
sequence_extra_trees,2,PYK,3,2.619788758288394,4.275593999810258,283
sequence_extra_trees,2,PYVRYL,6,5.619788758288394,4.570375458801062,696
sequence_extra_trees,2,QG,2,2.130768280269024,3.249590652492921,85
sequence_extra_trees,2,QLLKLK,6,3.4654662439948845,4.224839961618916,697
sequence_extra_trees,2,QP,2,4.181774106386045,3.881298530602686,88
sequence_extra_trees,2,QPQAFP,6,3.214670164989233,3.785307992650326,549
sequence_extra_trees,2,QSQPQAFP,8,3.154901959985743,3.585832580828077,806
sequence_extra_trees,2,QVPQPIP,7,3.1804560644581312,3.979657529331931,800
sequence_extra_trees,2,RASDPLLSV,9,5.327902142064282,4.247463686394023,925
sequence_extra_trees,2,RFH,3,3.4814860601221125,4.005083136075323,285
sequence_extra_trees,2,RINKK,5,4.736600668665998,4.161341848962442,565
sequence_extra_trees,2,RMLGQ,5,3.4500041484693487,4.232119476652597,566
sequence_extra_trees,2,SAYPGQITSN,10,5.149966742310231,4.377828304463591,965
sequence_extra_trees,2,SFQPQPLIYP,10,5.853871964321762,4.810211636122822,902
sequence_extra_trees,2,SHP,3,3.552841968657781,4.124204761571749,291
sequence_extra_trees,2,SLPQN,5,5.022733787572707,4.149720490310877,573
sequence_extra_trees,2,SLVLPVPE,8,4.4089353929735005,4.0370261652110315,874
sequence_extra_trees,2,SNIP,4,3.6414940885097646,3.955921431090927,403
sequence_extra_trees,2,SPYP,4,3.070581074285707,4.068418087521151,404
sequence_extra_trees,2,SQPK,4,3.4509967379742124,3.9462030772104137,405
sequence_extra_trees,2,SQPQAFP,7,3.1487416512809245,3.6916951666652182,806
sequence_extra_trees,2,SQSKVLPVPQ,10,4.036212172654444,3.851300675231664,967
sequence_extra_trees,2,SVAKLEK,7,4.086186147616283,3.9511391964669267,807
sequence_extra_trees,2,TDQHQDKIYP,10,3.42021640338319,4.357137568085434,968
sequence_extra_trees,2,TF,2,4.7447274948966935,4.092613665242561,101
sequence_extra_trees,2,TNLDWY,6,2.7139928779205253,4.315100664649467,708
sequence_extra_trees,2,TTMPLW,6,4.795880017344075,4.3757832117977795,711
sequence_extra_trees,2,TYKEE,5,4.730954290342377,4.161218290547374,583
sequence_extra_trees,2,VENLHLPLPLL,11,3.7569619513137056,4.390673615279592,920
sequence_extra_trees,2,VFNNNPQE,8,3.529589509024069,4.0007540163077415,882
sequence_extra_trees,2,VGINYWLAHK,10,3.485452247339714,4.398672960760448,972
sequence_extra_trees,2,VGINYWLAHKHK,12,3.485452247339714,4.464721833574245,972
sequence_extra_trees,2,VIEKYP,6,7.0,4.376659569318129,714
sequence_extra_trees,2,VIIF,4,5.060480747381382,4.222536634163787,415
sequence_extra_trees,2,VIY,3,5.235863111416478,4.8113748735493385,308
sequence_extra_trees,2,VKP,3,4.832284088911143,4.371027428144756,311
sequence_extra_trees,2,VLAQYK,6,4.493252143242387,4.141129949276696,716
sequence_extra_trees,2,VLIVP,5,5.772113295386326,4.557112435912713,598
sequence_extra_trees,2,VLPYP,5,4.443697499232712,4.271084699500801,600
sequence_extra_trees,2,VLPYPV,6,3.3767507096021,4.313546904729251,600
sequence_extra_trees,2,VMDKPQG,7,4.4089353929735005,4.347075873311185,810
sequence_extra_trees,2,VMP,3,4.537602002101044,4.3509210223400485,313
sequence_extra_trees,2,VPAAPPK,7,6.346787486224656,4.064076198251702,811
sequence_extra_trees,2,VRGPFPIIV,9,3.2116163140785536,4.289770707871138,931
sequence_extra_trees,2,VRKGQ,5,5.823908740944319,4.388235652642069,602
sequence_extra_trees,2,VRL,3,3.680685695909488,4.490342376975774,318
sequence_extra_trees,2,VRP,3,5.657577319177793,4.5890384275435565,319
sequence_extra_trees,2,VVRP,4,4.091514981121351,4.38056537419973,419
sequence_extra_trees,2,VVVPP,5,3.546070407942272,4.344339835015946,605
sequence_extra_trees,2,VVVPPF,6,5.928117992693875,4.46328045370834,605
sequence_extra_trees,2,VVYPWTQ,7,4.137868620686962,4.82071182537797,814
sequence_extra_trees,2,VYLPRM,6,5.634512015109101,4.577727682240717,725
sequence_extra_trees,2,WG,2,2.229147988357856,3.5238359600298668,113
sequence_extra_trees,2,WM,2,4.015022873584506,4.06738086965422,116
sequence_extra_trees,2,WP,2,3.663000235639472,4.015382526797129,117
sequence_extra_trees,2,WYS,3,3.3010299956639813,4.5839562518553665,328
sequence_extra_trees,2,WYSLA,5,4.060980223551334,4.2782613752008265,611
sequence_extra_trees,2,WYSLAM,6,4.236032391379672,4.38650562851191,611
sequence_extra_trees,2,YAP,3,4.831656518945058,4.674773303410566,329
sequence_extra_trees,2,YDDGSYKPH,9,5.269217724333611,4.309450441362189,937
sequence_extra_trees,2,YG,2,2.8174427221147016,3.460661051010911,122
sequence_extra_trees,2,YGL,3,3.388276691992658,4.1398949296845835,331
sequence_extra_trees,2,YINQMPQKSRE,11,4.995678626217357,4.093705360950434,995
sequence_extra_trees,2,YINQMPQKSREA,12,4.899629454882437,4.2961064052043145,995
sequence_extra_trees,2,YLYEIA,6,3.3010299956639813,4.217606063838979,733
sequence_extra_trees,2,YLYEIAR,7,4.795880017344075,4.27235945406593,733
sequence_extra_trees,2,YNK,3,3.903089986991944,4.344859955632447,334
sequence_extra_trees,2,YPYY,4,4.041436116778033,4.5196557141085325,431
sequence_extra_trees,2,YQEPVLGPVRG,11,3.385102783966865,4.248568273001249,979
sequence_extra_trees,2,YQEPVLQPVR,10,3.5228787452803374,4.022546911872414,979
sequence_extra_trees,2,YQY,3,5.3979400086720375,4.608122571925198,338
sequence_extra_trees,2,YTFPFH,6,4.617622696531886,4.1361517120205,737
sequence_extra_trees,2,YVP,3,3.6989700043360183,4.539404571902695,339
sequence_extra_trees,2,YVVFK,5,4.356547323513812,4.332363822629286,616
sequence_extra_trees,3,AEL,3,4.243363891754152,4.002404548061249,131
sequence_extra_trees,3,AF,2,3.721246399047171,4.351034024588551,1
sequence_extra_trees,3,AFP,3,3.214670164989233,3.935306842343397,133
sequence_extra_trees,3,AGSS,4,3.1725661045992206,4.143298781740742,342
sequence_extra_trees,3,AH,2,3.281083313985139,4.291452404215849,3
sequence_extra_trees,3,AHHP,4,3.071809051961243,4.041944007671649,343
sequence_extra_trees,3,AIGVGAIER,9,4.787546038959724,4.227674293022367,894
sequence_extra_trees,3,AKK,3,5.504455662453552,4.056236144927675,137
sequence_extra_trees,3,ALAFQ,5,3.7799965738430648,4.2179204326973085,439
sequence_extra_trees,3,ALEP,4,2.199282921717615,3.917690012271661,348
sequence_extra_trees,3,ALPP,4,3.552841968657781,3.866078596185613,350
sequence_extra_trees,3,AMKPWIQPK,9,3.2218487496163566,4.083213218479447,857
sequence_extra_trees,3,ANPAVVRP,8,4.6020599913279625,4.405625102323307,789
sequence_extra_trees,3,AP,2,4.537602002101044,4.348093953879858,5
sequence_extra_trees,3,APGAPGPVG,9,4.790484985457369,4.027710230807351,897
sequence_extra_trees,3,AQK,3,2.744727494896694,4.047718998388203,140
sequence_extra_trees,3,ASP,3,3.6156465858624935,4.247550135758442,142
sequence_extra_trees,3,AVP,3,3.468521082957745,4.010609557952336,145
sequence_extra_trees,3,AWW,3,5.187086643357144,4.520955511784174,147
sequence_extra_trees,3,AYFYP,5,2.999565922520681,4.309719953485697,450
sequence_extra_trees,3,AYFYPE,6,3.9746941347352296,4.20499041023706,450
sequence_extra_trees,3,AYFYPEL,7,5.181774106386045,4.300222823267858,744
sequence_extra_trees,3,CF,2,5.703334809738469,4.433171206558759,9
sequence_extra_trees,3,DAQSAPLRVY,10,4.913640169325252,4.3081388250427315,941
sequence_extra_trees,3,DDQIHIF,7,3.476904161747432,4.2190445366801015,746
sequence_extra_trees,3,DELQDKIHPFAQTQSLVYPFPGPIPNS,27,2.397940008672037,4.060501066489938,1047
sequence_extra_trees,3,DF,2,3.4436974992327127,3.9872770615384017,11
sequence_extra_trees,3,DGVVYY,6,5.698970004336019,4.469977717623537,625
sequence_extra_trees,3,DLTDY,5,3.844663962534938,4.21690498406937,454
sequence_extra_trees,3,ENLLRF,6,4.084072788302884,4.0117436065524235,626
sequence_extra_trees,3,ERKIKVYL,8,5.920818753952375,4.418641762809032,826
sequence_extra_trees,3,EVMAGNYLPG,10,5.525783735923745,4.183266723860686,946
sequence_extra_trees,3,FCVLRP,6,4.910094888560602,4.8906020792439815,629
sequence_extra_trees,3,FDPFPK,6,3.97571962395292,4.23042344317146,630
sequence_extra_trees,3,FFFPK,5,3.2918596546119514,4.271613472518829,456
sequence_extra_trees,3,FFVAP,5,5.221848749616356,4.820584354058738,457
sequence_extra_trees,3,FGGIDDINQIGQSD,14,4.324732100956284,4.204570441290772,1019
sequence_extra_trees,3,FHERDPTHIKWGD,13,5.552841968657781,4.648791568871772,999
sequence_extra_trees,3,FHG,3,3.8365927597110447,3.9507574018818157,157
sequence_extra_trees,3,FKCRRW,6,4.573488738635425,4.756071958064153,631
sequence_extra_trees,3,FNVPLYE,7,3.203566636272283,4.004305821118272,754
sequence_extra_trees,3,FRGLMHY,7,3.0567637320884717,4.6445372056402805,758
sequence_extra_trees,3,FY,2,5.427128397799519,4.470476218316853,30
sequence_extra_trees,3,FYPEL,5,4.088203409562748,4.413196605107221,460
sequence_extra_trees,3,FYTGG,5,5.42021640338319,3.9814982483500883,461
sequence_extra_trees,3,GA,2,2.6989700043360187,3.436262877705946,31
sequence_extra_trees,3,GAP,3,5.031517051446065,4.115182909860677,164
sequence_extra_trees,3,GAPGPAGPGGIPGERG,16,4.341035157335565,3.8222587740957406,1034
sequence_extra_trees,3,GEP,3,3.876650764184797,3.7526122910351924,166
sequence_extra_trees,3,GG,2,2.1426675035687315,3.3000658137923433,35
sequence_extra_trees,3,GIHETTY,7,4.590743347961091,4.429008440715091,762
sequence_extra_trees,3,GKKIATYQER,10,5.698970004336019,4.63024842086058,913
sequence_extra_trees,3,GLDIQK,6,3.2365720064370627,4.166765126521617,509
sequence_extra_trees,3,GLP,3,5.790484985457369,3.865133939811308,173
sequence_extra_trees,3,GLPGSRGERGLPG,13,4.216096420727265,3.9131362828445866,1013
sequence_extra_trees,3,GLPPGPPIPP,10,5.376750709602099,3.988899879540931,952
sequence_extra_trees,3,GLSDGEWQ,8,3.879470382296755,4.101253320337478,835
sequence_extra_trees,3,GM,2,2.853871964321762,3.363073465295158,40
sequence_extra_trees,3,GPFPILV,7,3.3726341434072675,4.011019082846699,765
sequence_extra_trees,3,GPLGLLGFLGPLGLS,15,4.045612749855485,3.9215810867664826,1028
sequence_extra_trees,3,GPP,3,4.634356336067436,3.66360038485023,177
sequence_extra_trees,3,GPSMR,5,3.556737012541305,3.977567533012653,465
sequence_extra_trees,3,GPV,3,5.3292926307490855,3.9238298973474297,178
sequence_extra_trees,3,GSAGY,5,3.0222763947111524,4.27762336545119,467
sequence_extra_trees,3,GVGY,4,4.455931955649724,4.333529705902008,360
sequence_extra_trees,3,GVSLPEW,7,4.522878745280337,4.514855731107167,721
sequence_extra_trees,3,HDWWKER,7,3.233884716778586,3.90968838791072,767
sequence_extra_trees,3,HERDPTHIKWGD,12,5.096910013008056,4.010093632375254,999
sequence_extra_trees,3,HHL,3,5.265525335219074,3.6243177582468853,185
sequence_extra_trees,3,HIKWGD,6,4.301029995663981,4.036798588090391,644
sequence_extra_trees,3,HLL,3,4.653647025549361,3.671508841622942,188
sequence_extra_trees,3,HLPLPLL,7,4.46344155742847,4.004602706460114,768
sequence_extra_trees,3,HPFAQ,5,3.332547047110046,3.9011285346677633,473
sequence_extra_trees,3,HPFAQTQSLVYP,12,4.585026652029182,3.8794408258382838,1000
sequence_extra_trees,3,HSSIQSQPQAFT,12,2.999565922520681,3.492575719961512,992
sequence_extra_trees,3,IAIPP,5,3.0457574905606752,4.21439798049606,478
sequence_extra_trees,3,IEKPP,5,5.920818753952375,4.5747210570671335,481
sequence_extra_trees,3,IEW,3,3.98296666070122,4.866880081485709,196
sequence_extra_trees,3,IEY,3,3.739928612014925,4.782868226081797,197
sequence_extra_trees,3,IFL,3,4.348721986001856,4.514578082770958,199
sequence_extra_trees,3,IGDEPLANYL,10,4.19795756894724,4.23687249791238,953
sequence_extra_trees,3,IHPFAQTQSLVYP,13,4.721246399047171,4.443357657336868,1000
sequence_extra_trees,3,IIAMK,5,3.3027706572402824,4.171341330403718,484
sequence_extra_trees,3,IKW,3,6.6777807052660805,4.741426868678012,202
sequence_extra_trees,3,INKVVR,6,5.2441251443275085,4.433518276433266,650
sequence_extra_trees,3,IPALLKR,7,4.366531544420413,4.242834118387334,772
sequence_extra_trees,3,IPPGVPYWT,9,4.1938200260161125,4.2634231912049785,907
sequence_extra_trees,3,IPQEVLP,7,3.161150909262745,4.137151428535706,691
sequence_extra_trees,3,IQW,3,5.853871964321762,4.715534438586192,211
sequence_extra_trees,3,IRAQQ,5,4.091514981121351,4.565007384805386,493
sequence_extra_trees,3,IRPVQ,5,5.853871964321762,4.745957583672286,494
sequence_extra_trees,3,ISSMGILVCL,10,5.411168274405792,4.504000819717897,954
sequence_extra_trees,3,ITP,3,5.022276394711152,4.509623834902378,218
sequence_extra_trees,3,ITT,3,3.168450148004244,4.433688117072967,219
sequence_extra_trees,3,IVGRPR,6,3.2599965285214245,4.559291330668895,652
sequence_extra_trees,3,IVGRPRH,7,3.5228787452803374,4.709203811864948,652
sequence_extra_trees,3,IWHHTFYNELR,11,3.1567672219019904,4.518702218434288,984
sequence_extra_trees,3,KA,2,4.501689446210399,3.9590605573599165,58
sequence_extra_trees,3,KALPMHIRLAF,11,4.958607314841775,4.48207634591439,985
sequence_extra_trees,3,KF,2,4.548213564475709,4.159900615174616,59
sequence_extra_trees,3,KIEL,4,3.0707343817469344,4.407683252443677,373
sequence_extra_trees,3,KIHPFAQAQ,9,3.8774564759312455,4.287556372632773,912
sequence_extra_trees,3,KIHPFAQTQSLVYP,14,4.4089353929735005,4.321985900436531,1000
sequence_extra_trees,3,KKIATYQER,9,5.698970004336019,4.493086910515116,913
sequence_extra_trees,3,KLYMRP,6,5.192464971931146,4.423523405926833,655
sequence_extra_trees,3,KVREGTTY,8,3.9880068853407433,4.56028888176904,847
sequence_extra_trees,3,KWLP,4,5.301029995663981,4.5066544374409805,375
sequence_extra_trees,3,KYY,3,4.102372908709558,4.618205705458482,228
sequence_extra_trees,3,LAYFYP,6,4.187086643357144,4.472000357341952,450
sequence_extra_trees,3,LDIQK,5,4.559090917934782,4.400514518097838,509
sequence_extra_trees,3,LF,2,3.4571745730408203,4.3351890898638406,67
sequence_extra_trees,3,LFVAAP,6,4.153662887870195,4.528683798734365,671
sequence_extra_trees,3,LGDARNSPAPP,11,3.779891911959945,4.308662065149424,986
sequence_extra_trees,3,LGECGGR,7,3.633017024022149,4.060200284692537,779
sequence_extra_trees,3,LGHWVY,6,5.204119982655925,4.515243370721284,672
sequence_extra_trees,3,LKA,3,5.070581074285707,4.548791348259522,237
sequence_extra_trees,3,LKPNM,5,5.619788758288394,4.768761337315673,515
sequence_extra_trees,3,LKY,3,5.551792011763438,4.858129869161015,240
sequence_extra_trees,3,LLDPR,5,3.5572694473386286,4.133198752768319,518
sequence_extra_trees,3,LLMLDNDLPP,10,4.447331783887806,4.195091381110499,956
sequence_extra_trees,3,LNP,3,4.366531544420413,4.369307646851478,243
sequence_extra_trees,3,LPHF,4,3.1739251972991736,4.4780870694627035,381
sequence_extra_trees,3,LPLP,4,3.1426675035687315,4.335912571985177,382
sequence_extra_trees,3,LPP,3,5.017728766960431,4.267152577953938,247
sequence_extra_trees,3,LPYPY,5,4.539102157243452,4.413766560449123,521
sequence_extra_trees,3,LQKY,4,4.200554055639556,4.630511336483111,384
sequence_extra_trees,3,LVNDLVTPVFDNL,13,2.561897059722872,4.332032946314753,1016
sequence_extra_trees,3,LVYPFPGPIPNSLPQNIPP,19,5.275724130399211,4.270634481154776,1042
sequence_extra_trees,3,LVYPFTGPIPN,11,4.554395796726403,4.416548191431558,988
sequence_extra_trees,3,MAMPLW,6,4.450996737974212,4.696784671662492,682
sequence_extra_trees,3,MAW,3,4.787279845582158,4.851871613162255,263
sequence_extra_trees,3,MCESASSK,8,4.119586600122084,4.566370437852923,856
sequence_extra_trees,3,MIFPGAGGPEL,11,4.578862741842995,4.5220160778825225,989
sequence_extra_trees,3,MKPWIQPK,8,3.5228787452803374,4.4553486490141685,857
sequence_extra_trees,3,MNPPK,5,3.024338466818941,4.29396325526506,534
sequence_extra_trees,3,MNVKHWPWMK,10,3.642065152999546,4.494309020157623,960
sequence_extra_trees,3,MPFPKYPVEP,10,4.080921907623926,4.257580249784251,961
sequence_extra_trees,3,MRWRD,5,5.6777807052660805,4.960310322266996,536
sequence_extra_trees,3,NF,2,4.334419008982047,4.055074807037616,77
sequence_extra_trees,3,NIFYCP,6,4.823908740944319,4.446367239104846,687
sequence_extra_trees,3,NPAVVRP,7,4.721246399047171,4.2970114468767004,789
sequence_extra_trees,3,NYVADGLG,8,4.824778199656947,4.148837444820728,860
sequence_extra_trees,3,PFP,3,3.8416375079047502,3.9853586897730238,274
sequence_extra_trees,3,PGL,3,4.856048883576037,4.089275139088277,275
sequence_extra_trees,3,PGVLPVA,7,6.107905397309519,4.327520093727611,792
sequence_extra_trees,3,PKDLREN,7,5.00788851221305,4.232042720627084,793
sequence_extra_trees,3,PL,2,3.4719579083449346,4.012819162419811,83
sequence_extra_trees,3,PLFPK,5,4.384049948343599,4.026501246167051,544
sequence_extra_trees,3,PLG,3,5.324221658325915,4.043808424753624,276
sequence_extra_trees,3,PNSHP,5,2.999565922520681,4.027225199962537,547
sequence_extra_trees,3,PPFLQPEV,8,5.804100347590766,4.248867731337661,865
sequence_extra_trees,3,PQEVLP,6,3.0409586076789066,4.1473160005051835,691
sequence_extra_trees,3,PQPIP,5,3.468521082957745,3.892355875425889,550
sequence_extra_trees,3,PRHQG,5,4.684659523372712,4.382814378041825,551
sequence_extra_trees,3,PSFQP,5,4.136677139879544,4.400389921941265,552
sequence_extra_trees,3,PSSNK,5,3.8889058824101785,4.069951105445695,554
sequence_extra_trees,3,PTHIKWD,7,4.42021640338319,4.767507192730083,798
sequence_extra_trees,3,PTHIKWG,7,5.119472315911864,4.617481005467102,798
sequence_extra_trees,3,PTHIKWGD,8,5.823908740944319,4.697045091655094,798
sequence_extra_trees,3,PTHIKWN,7,4.419987887470576,4.767538112119097,798
sequence_extra_trees,3,QAFT,4,2.999565922520681,3.8920012124591485,397
sequence_extra_trees,3,QELPG,5,7.698970004336019,3.971447695866282,558
sequence_extra_trees,3,QK,2,3.0530567293021744,3.9491512902888224,86
sequence_extra_trees,3,QNLLRF,6,3.9816613960988,4.305400109810138,626
sequence_extra_trees,3,QVSLNSGYY,9,4.6399749108106025,4.47815111819902,924
sequence_extra_trees,3,RLPSEFDLSAFLRA,14,3.54752054816756,3.963924289986951,1026
sequence_extra_trees,3,RLSGQTIEVTSEYLFRH,17,3.2521416069025952,3.9821149030721426,1037
sequence_extra_trees,3,RMLGQTP,7,3.2984320149440727,4.196619833768208,801
sequence_extra_trees,3,RNDDLNYIQ,9,5.429457060118103,4.233947716105896,928
sequence_extra_trees,3,RPQIPP,6,3.779891911959945,4.101528929469019,700
sequence_extra_trees,3,RPYL,4,4.247951552180561,4.251501449263574,401
sequence_extra_trees,3,RSIKGF,6,4.484921324924077,4.305742459240117,701
sequence_extra_trees,3,RVCLP,5,3.7569619513137056,4.167134352562524,568
sequence_extra_trees,3,RVPSL,5,4.698970004336019,4.430561354640248,569
sequence_extra_trees,3,RVPSLM,6,4.636952405478906,4.190345581995673,569
sequence_extra_trees,3,SAPLRVY,7,5.096910013008056,4.554980016915073,803
sequence_extra_trees,3,SLPQ,4,3.4814860601221125,3.917931136135034,402
sequence_extra_trees,3,SSIQSQPQAFT,11,2.999565922520681,3.5926195280169915,992
sequence_extra_trees,3,TGAPCR,6,4.620875853929608,4.4712288958458055,705
sequence_extra_trees,3,TGLKP,5,4.287602868593285,4.399334847290795,577
sequence_extra_trees,3,TGPIPN,6,3.500312917381596,4.246507769379824,706
sequence_extra_trees,3,THDWWKER,8,3.233884716778586,4.580316552634722,767
sequence_extra_trees,3,THIKWGD,7,4.301029995663981,4.714287743564427,644
sequence_extra_trees,3,TKIVP,5,3.397940008672037,4.4139819460897645,578
sequence_extra_trees,3,TLKYP,5,3.769551078621726,4.549054421323894,580
sequence_extra_trees,3,TPLPLAGPPR,10,5.804100347590766,4.278191982397496,969
sequence_extra_trees,3,VAWKL,5,4.495257363728312,4.476021956890191,586
sequence_extra_trees,3,VAY,3,4.795880017344075,4.754622633490209,303
sequence_extra_trees,3,VCYNQ,5,5.698970004336019,4.380964312871491,587
sequence_extra_trees,3,VECYGPNRPQF,11,4.528708288941061,4.356609129329099,993
sequence_extra_trees,3,VEGY,4,3.8913515837207,4.495783912791254,412
sequence_extra_trees,3,VELYP,5,5.282329496997738,4.352372109837436,588
sequence_extra_trees,3,VFPS,4,6.337242168318426,4.080447343185275,414
sequence_extra_trees,3,VG,2,2.579131390177597,3.3291089837875436,105
sequence_extra_trees,3,VHLAP,5,5.346787486224656,4.623258544441733,591
sequence_extra_trees,3,VHLPP,5,4.7447274948966935,4.227188762693413,592
sequence_extra_trees,3,VHLPPP,6,3.6989700043360183,4.354997647306223,592
sequence_extra_trees,3,VHSSIQSQPQAFT,13,2.999565922520681,3.733783200003704,992
sequence_extra_trees,3,VIPAAY,6,5.31996108151505,4.619144304987311,715
sequence_extra_trees,3,VKAGE,5,3.849059446034522,4.181896380518035,595
sequence_extra_trees,3,VKCFR,5,4.462180904926726,4.328684635910314,597
sequence_extra_trees,3,VKK,3,3.4984359074685285,4.3249997880150515,310
sequence_extra_trees,3,VLSRYP,6,4.435333935747911,4.482401169142669,717
sequence_extra_trees,3,VPQPIP,6,3.537602002101044,3.974815143552033,550
sequence_extra_trees,3,VPSERYL,7,3.6179732370313697,4.051480182629559,812
sequence_extra_trees,3,VRSP,4,2.6950207351920734,4.542152614269931,416
sequence_extra_trees,3,VRYL,4,4.617982957425132,4.656568662948547,417
sequence_extra_trees,3,VSLPEW,6,4.2441251443275085,4.52144661110924,721
sequence_extra_trees,3,VVYPW,5,6.443697499232712,4.457113309098779,606
sequence_extra_trees,3,VVYPWR,6,5.282329496997738,4.558749298849872,606
sequence_extra_trees,3,VVYPWT,6,5.220403508742176,4.458064963133973,606
sequence_extra_trees,3,VYLAELHF,8,3.93666664104825,4.30821010348858,886
sequence_extra_trees,3,WHHTF,5,4.617982957425132,4.426048028532835,608
sequence_extra_trees,3,WL,2,4.52432881167557,4.09458755371547,115
sequence_extra_trees,3,WY,2,4.416801226031377,4.331321753536093,120
sequence_extra_trees,3,YA,2,3.3372421683184257,4.161861609044916,121
sequence_extra_trees,3,YAEERYPIL,9,5.327902142064282,4.298882779726376,935
sequence_extra_trees,3,YGFLP,5,3.5850266520291822,4.1650644397185195,612
sequence_extra_trees,3,YGGY,4,5.468521082957745,4.144321126520245,424
sequence_extra_trees,3,YGNPVGGVGH,10,3.282296219002097,4.220851173275827,977
sequence_extra_trees,3,YIEAVNKVSPRAGQF,15,5.026872146400302,4.390934373154818,1031
sequence_extra_trees,3,YIPIQY,6,5.0,4.626760934271446,729
sequence_extra_trees,3,YIPIQYVLSR,10,3.817994345215987,4.432891933848636,978
sequence_extra_trees,3,YK,2,3.214670164989233,4.165425595635418,124
sequence_extra_trees,3,YKW,3,4.876148359032914,4.545797782014028,332
sequence_extra_trees,3,YLAGNQ,6,4.853871964321762,4.171572253427143,731
sequence_extra_trees,3,YLYSPAY,7,5.0695604052333,4.593220463048137,817
sequence_extra_trees,3,YNKL,4,4.6777807052660805,4.1697578520624905,429
sequence_extra_trees,3,YPFVEP,6,5.126098402135539,4.2174472472496625,734
sequence_extra_trees,3,YPR,3,4.782516055786093,4.204072797483293,337
sequence_extra_trees,3,YQKFPQY,7,4.697236291527018,4.53423019603934,819
sequence_extra_trees,3,YQNPRLGPTGELDPATQPIVAVHNPVIV,28,4.837734385701978,4.0817677417699265,1048
sequence_extra_trees,3,YQQPVLGPVR,10,3.5228787452803374,4.020633597193383,980
sequence_extra_trees,3,YS,2,3.385102783966865,4.215582502317255,128
sequence_extra_trees,3,YVPHWDL,7,6.769551078621726,4.494642555836921,820
sequence_extra_trees,3,YVPHWNL,7,6.853871964321762,4.385262720812158,820
sequence_extra_trees,4,AAP,3,4.522878745280337,4.535603024231843,130
sequence_extra_trees,4,ACHP,4,3.4428538576816368,3.931484607900776,340
sequence_extra_trees,4,AFKDEDTEEVPFR,13,4.095825631715837,4.149910723721712,1009
sequence_extra_trees,4,AFVGYVLP,8,4.744245213356956,4.357818659778791,821
sequence_extra_trees,4,AG,2,2.6020599913279625,3.402357472766151,2
sequence_extra_trees,4,AGSP,4,4.429457060118103,3.9228923275635936,341
sequence_extra_trees,4,AGTTCLFTPLALPYDYSH,18,5.092588639225414,4.212769583920577,1039
sequence_extra_trees,4,AHEPVK,6,4.202040356262804,4.20553818806376,619
sequence_extra_trees,4,AHSY,4,4.935542010773082,4.236271860518044,345
sequence_extra_trees,4,AIP,3,3.4559319556497243,3.7699338416718406,136
sequence_extra_trees,4,AKLEK,5,3.643094965189922,3.8261308959652567,436
sequence_extra_trees,4,APGAGVY,7,5.292429823902063,4.299728085518999,741
sequence_extra_trees,4,ARPAK,5,4.720105019988361,4.3775045690961,447
sequence_extra_trees,4,ATF,3,5.017728766960431,4.360964698408049,143
sequence_extra_trees,4,AVF,3,2.673050005834001,4.125740713109816,144
sequence_extra_trees,4,AVPYP,5,4.096910013008056,4.27207659022699,448
sequence_extra_trees,4,AW,2,4.72584215073632,4.530867811632229,7
sequence_extra_trees,4,AWPF,4,4.73754891026957,4.436283664258981,351
sequence_extra_trees,4,AYLQAQQLLPFNQLVRSPAA,20,3.694562640159688,4.33844046859952,1043
sequence_extra_trees,4,CVTPALR,7,4.451459264398526,4.447665788918089,722
sequence_extra_trees,4,CWLPVY,6,4.653647025549361,4.6607142281551015,623
sequence_extra_trees,4,DFHINQ,6,4.1857489574728,4.238517841662933,624
sequence_extra_trees,4,DKIHP,5,3.9467294757955624,4.07209969292345,453
sequence_extra_trees,4,DKIHPF,6,3.5900668766687054,4.245971008337989,453
sequence_extra_trees,4,DYG,3,2.5686362358410126,4.117938113450983,150
sequence_extra_trees,4,DYGLYP,6,4.207608310501746,4.514919699911473,613
sequence_extra_trees,4,DYVGN,5,5.9051145218265635,4.410003893066625,455
sequence_extra_trees,4,EG,2,2.0,3.2684855924769294,19
sequence_extra_trees,4,EGPKLVAS,8,4.756961951313706,4.201019518637234,824
sequence_extra_trees,4,EKDERF,6,4.844663962534938,3.91619284129399,501
sequence_extra_trees,4,ENLLRFFVAPFPEVFG,16,3.6020599913279625,4.152480891853645,1033
sequence_extra_trees,4,EPIPYGFLP,9,3.744727494896694,4.131948165088464,899
sequence_extra_trees,4,EPKAIP,6,3.4145392704914994,3.8040368241534663,543
sequence_extra_trees,4,EVPK,4,5.761953896871205,3.9150121478023396,353
sequence_extra_trees,4,EY,2,5.571865205971212,4.104709254499865,22
sequence_extra_trees,4,FALPQY,6,5.366531544420414,4.559853532307705,628
sequence_extra_trees,4,FFGVRCVSP,9,6.3979400086720375,5.027269833097725,901
sequence_extra_trees,4,FFL,3,4.431798275933005,4.68103439870494,154
sequence_extra_trees,4,FG,2,2.431798275933005,3.5734450154537014,24
sequence_extra_trees,4,FGG,3,4.0835460514500745,3.75161033043549,155
sequence_extra_trees,4,FNVPLYEFSY,10,0.544384088910177,4.356975902163582,948
sequence_extra_trees,4,FPQYLQY,7,4.853871964321762,4.450427170942362,756
sequence_extra_trees,4,FQKPKR,6,4.853871964321762,4.316090633265593,632
sequence_extra_trees,4,FQKVVA,6,5.236572006437063,4.465879820511845,633
sequence_extra_trees,4,FQKVVAG,7,5.130768280269024,4.626906952921563,633
sequence_extra_trees,4,FQKVVAK,7,5.6777807052660805,4.458212958649533,633
sequence_extra_trees,4,FRVPTPN,7,5.019996628416253,4.4474312448540125,759
sequence_extra_trees,4,FTY,3,4.226945306635738,4.5701666399724195,162
sequence_extra_trees,4,FW,2,5.4089353929735005,4.555655336081218,29
sequence_extra_trees,4,GAW,3,3.619788758288394,4.114348845712007,165
sequence_extra_trees,4,GDLGKTTTVSNWSPPKYKDTP,21,4.947690900352677,4.14101439076736,1044
sequence_extra_trees,4,GE,2,2.2676062401770314,3.3845850427156425,33
sequence_extra_trees,4,GGVIPN,6,6.130768280269024,3.9616238774322565,636
sequence_extra_trees,4,GHS,3,3.913640169325252,3.683358837773682,171
sequence_extra_trees,4,GIQSEPKAIP,10,3.3665315444204134,3.6200227071884035,908
sequence_extra_trees,4,GKKVLQ,6,5.721246399047171,4.114295746392426,637
sequence_extra_trees,4,GKMVKVVSWY,10,5.170053304058364,4.46037751454374,951
sequence_extra_trees,4,GKP,3,3.453457336521869,4.129898379055653,172
sequence_extra_trees,4,GL,2,2.6020599913279625,3.678820653375961,39
sequence_extra_trees,4,GLTSK,5,4.184422251675732,3.966074286463227,463
sequence_extra_trees,4,GNPVGGVGHGTTGT,14,3.361960245740557,3.7150778825351978,1022
sequence_extra_trees,4,GP,2,3.4436974992327127,3.5723689036697968,41
sequence_extra_trees,4,GPM,3,4.766242637034489,4.001956400595779,176
sequence_extra_trees,4,GQLGEHGGAGMG,12,3.2797497110912213,3.828377839865795,997
sequence_extra_trees,4,GRP,3,4.698970004336019,4.155682258188365,180
sequence_extra_trees,4,GTG,3,5.2564902352715706,3.620765246713139,181
sequence_extra_trees,4,GV,2,2.337242168318426,3.48501275901755,46
sequence_extra_trees,4,GVHGV,5,5.698970004336019,3.815704932971422,469
sequence_extra_trees,4,GW,2,4.522878745280337,3.6998090735031477,47
sequence_extra_trees,4,GYALPHA,7,4.563837352959244,4.412739864839041,766
sequence_extra_trees,4,HFEAMR,6,3.71602071576152,3.967709515429041,643
sequence_extra_trees,4,HG,2,2.2006594505464183,3.3171024061695236,49
sequence_extra_trees,4,HQG,3,3.1278437272517072,4.01650009851139,189
sequence_extra_trees,4,HQIYP,5,3.958607314841775,4.262769018712115,475
sequence_extra_trees,4,IDPNG,5,5.075720713938118,4.491512617903606,480
sequence_extra_trees,4,IEF,3,5.42021640338319,4.451922176507534,194
sequence_extra_trees,4,IELPLG,6,4.140021558357979,4.700083812314407,647
sequence_extra_trees,4,IHETT,5,5.568636235841012,4.218645176446595,482
sequence_extra_trees,4,ILP,3,3.5686362358410126,4.385173711013881,204
sequence_extra_trees,4,IPAGV,5,4.031517051446065,4.066777080573094,490
sequence_extra_trees,4,IPF,3,5.056505484093897,4.174731744565171,206
sequence_extra_trees,4,IPP,3,5.301029995663981,4.068341692580452,208
sequence_extra_trees,4,IPPAYSK,7,3.935317433771489,4.285519485992212,773
sequence_extra_trees,4,IQSEPKAIP,9,3.2441251443275085,3.5419944064671283,908
sequence_extra_trees,4,IQY,3,5.5452219853794125,4.647315296950791,212
sequence_extra_trees,4,ITRY,4,3.625434939277235,4.6638262605278085,367
sequence_extra_trees,4,ITTNP,5,3.260427655549908,4.247986887458268,496
sequence_extra_trees,4,IY,2,5.431798275933005,4.538803852044807,57
sequence_extra_trees,4,KDERF,5,3.0716041477432863,4.18715798211901,501
sequence_extra_trees,4,KDYRL,5,4.576754126063192,4.515179021754269,502
sequence_extra_trees,4,KEDDEEEEQGEEE,13,4.193548676752738,4.080963011543419,1014
sequence_extra_trees,4,KFAWPQ,6,3.751781438809925,4.465343580731799,654
sequence_extra_trees,4,KFY,3,4.346787486224656,4.397306003286628,225
sequence_extra_trees,4,KG,2,2.494850021680094,3.493533684207166,60
sequence_extra_trees,4,KPVAAP,6,4.907630300370879,4.3919875368301335,658
sequence_extra_trees,4,KRVIQY,6,5.214670164989233,4.691310093321304,659
sequence_extra_trees,4,KVHSSIQSQPQAFT,14,2.999565922520681,3.448084147100325,1024
sequence_extra_trees,4,KVLAGM,6,4.522878745280337,4.240158351675827,661
sequence_extra_trees,4,KVLPVPQ,7,3.0,4.046076223893189,664
sequence_extra_trees,4,KVLPVQ,6,3.0,4.518741262263693,664
sequence_extra_trees,4,KYIPIQ,6,5.137868620686962,4.336219602327743,667
sequence_extra_trees,4,KYPVEPFTESQSLTL,15,1.0315170514460652,4.4099576553346775,1029
sequence_extra_trees,4,KYPVQPFTESQSLTL,15,4.356547323513812,4.400606154005254,1029
sequence_extra_trees,4,LAHKAL,6,3.20690839982342,4.568682651027816,668
sequence_extra_trees,4,LAIPVNKP,8,4.154901959985743,4.421926532179283,848
sequence_extra_trees,4,LAP,3,5.455931955649724,4.829253823716629,230
sequence_extra_trees,4,LAPSTIK,7,4.81559251458768,4.422806216060827,778
sequence_extra_trees,4,LGP,3,6.142667503568732,4.197907005345294,234
sequence_extra_trees,4,LHGPYP,6,4.122628654130226,4.353764015870585,673
sequence_extra_trees,4,LHLPAP,6,5.221848749616356,4.698094764719026,674
sequence_extra_trees,4,LHLPGP,6,5.721246399047171,4.346655417167668,674
sequence_extra_trees,4,LHLPYP,6,5.638272163982407,4.577233986469402,673
sequence_extra_trees,4,LIVTQ,5,7.045757490560675,4.735429259004255,510
sequence_extra_trees,4,LIYP,4,5.0,4.931269166839597,379
sequence_extra_trees,4,LKIPLY,6,5.254144804826272,4.801755196972017,677
sequence_extra_trees,4,LKYPI,5,4.567511744229494,4.7270501775602645,517
sequence_extra_trees,4,LLF,3,4.09799710864927,4.439372526043996,241
sequence_extra_trees,4,LLHSPP,6,3.653647025549361,4.070407978819622,679
sequence_extra_trees,4,LLNPPHQIYP,10,5.017728766960431,4.538095987750184,916
sequence_extra_trees,4,LLSQTPRY,8,3.97798426018228,4.522606631506587,854
sequence_extra_trees,4,LLYQEPVLGPVRGPFPIIV,19,1.6777807052660805,4.1018719781976305,1041
sequence_extra_trees,4,LNENLLRFFVAPFPEVFG,18,3.552841968657781,4.198823754198777,1033
sequence_extra_trees,4,LNPPHQIYP,9,4.6020599913279625,4.565842378010564,916
sequence_extra_trees,4,LNVPGEIVE,9,3.5228787452803374,4.352569874205921,917
sequence_extra_trees,4,LPILR,5,3.108016769148033,4.444955382016886,520
sequence_extra_trees,4,LRKKQ,5,5.619788758288394,4.767577193823253,524
sequence_extra_trees,4,LSPA,4,3.5016894462104,4.287671909080263,386
sequence_extra_trees,4,LTF,3,3.4814860601221125,4.501881532184201,255
sequence_extra_trees,4,LVE,3,4.847711655616943,4.292696478394818,256
sequence_extra_trees,4,LVL,3,4.910094888560602,4.515995149711003,257
sequence_extra_trees,4,LVR,3,4.853871964321762,4.329153974860553,259
sequence_extra_trees,4,LYPVK,5,5.346787486224656,4.44049528042308,528
sequence_extra_trees,4,MAIPPKK,7,3.125331455659686,4.2906538643683,784
sequence_extra_trees,4,MG,2,2.318758762624413,3.6116058013298655,73
sequence_extra_trees,4,MP,2,3.868702203402377,4.274245999045534,74
sequence_extra_trees,4,MPACGS,6,3.7178312216953584,4.425714087206838,683
sequence_extra_trees,4,MW,2,5.00436480540245,4.667514968886241,75
sequence_extra_trees,4,NAQRP,5,4.494850021680094,4.2636251068397275,538
sequence_extra_trees,4,NENLLRFFVAPFPEVFG,17,4.259637310505756,4.243266083734813,1033
sequence_extra_trees,4,NGTWFEPP,8,6.200659450546418,4.124748412794907,858
sequence_extra_trees,4,NILP,4,3.2518119729938,4.2511106574982,392
sequence_extra_trees,4,NIPPLTQTPV,10,3.761953896871205,4.229074889263083,962
sequence_extra_trees,4,NP,2,2.638272163982407,3.992096883433455,80
sequence_extra_trees,4,PAVVLP,6,4.346787486224656,4.345458543231457,689
sequence_extra_trees,4,PFFDPQIP,8,3.3872161432802645,4.063562814433248,862
sequence_extra_trees,4,PFPGPIPN,8,4.893129455521346,3.9714135586912027,863
sequence_extra_trees,4,PGPLGLTGP,9,4.022276394711152,4.0402166545667395,921
sequence_extra_trees,4,PHQIYP,6,4.522878745280337,4.585762019160068,475
sequence_extra_trees,4,PKAIP,5,3.4801799342718525,3.802946755494636,543
sequence_extra_trees,4,PQTLALP,7,3.958607314841775,3.971047467701791,797
sequence_extra_trees,4,PR,2,5.3872161432802645,3.928709000810212,84
sequence_extra_trees,4,PRY,3,5.6020599913279625,4.736443830405156,281
sequence_extra_trees,4,PTHIAW,6,6.4089353929735005,4.651879713817312,694
sequence_extra_trees,4,PTHIDW,6,4.886056647693163,4.508104117516545,694
sequence_extra_trees,4,PTHIKW,6,5.7447274948966935,4.702575736167875,694
sequence_extra_trees,4,PTHVAW,6,5.823908740944319,4.645063718238969,694
sequence_extra_trees,4,PTPAP,5,4.481486060122112,4.27634794087618,555
sequence_extra_trees,4,PVVVPPFLQPEV,12,5.804100347590766,4.539532133860656,1006
sequence_extra_trees,4,PYKWLP,6,5.259637310505756,4.672834859655753,614
sequence_extra_trees,4,PYP,3,3.657577319177794,4.053703168664075,284
sequence_extra_trees,4,QGPIGPR,7,4.091032699581612,3.9056893250720166,799
sequence_extra_trees,4,QIGLF,5,4.1249387366083,4.2512593805084435,559
sequence_extra_trees,4,QKTAP,5,4.522878745280337,4.367354828986586,560
sequence_extra_trees,4,QLGFLGPR,8,3.8297382846050425,4.148036338708875,868
sequence_extra_trees,4,QTQSLVYP,8,4.136677139879544,4.390014936567891,808
sequence_extra_trees,4,RA,2,3.3372421683184257,4.008476317588449,89
sequence_extra_trees,4,RADHP,5,4.46291686394385,3.9730570037910247,562
sequence_extra_trees,4,RALP,4,3.1870866433571443,4.019822262550142,400
sequence_extra_trees,4,RDMPIQAF,8,3.704520867321983,4.205077787075306,869
sequence_extra_trees,4,RIGLF,5,3.935729287404743,4.300362051499954,564
sequence_extra_trees,4,RL,2,3.1270283692615566,4.161904748946489,91
sequence_extra_trees,4,RMLGQYPYK,9,4.468521082957745,4.258826153876785,927
sequence_extra_trees,4,RPKHPIKH,8,3.0545104300036523,4.121747612625116,871
sequence_extra_trees,4,RPKHPIKHQ,9,4.872895201635192,4.110734563684752,871
sequence_extra_trees,4,RVY,3,3.686976889676762,4.614655961132069,290
sequence_extra_trees,4,RY,2,4.292429823902063,4.553903243070621,96
sequence_extra_trees,4,SG,2,2.070581074285707,3.286981060470303,98
sequence_extra_trees,4,SGIQSEPKAIP,11,3.1870866433571443,3.5264717177834912,908
sequence_extra_trees,4,SGPLRPFF,8,5.804100347590766,4.340430036682636,873
sequence_extra_trees,4,SKVYPFPGPI,10,5.769551078621726,4.119429762006466,966
sequence_extra_trees,4,TGVY,4,4.739928612014925,4.523503324470587,407
sequence_extra_trees,4,THEAGAAP,8,3.843027058103703,4.506867239122007,875
sequence_extra_trees,4,TKTGRSAHVLSRYRPRA,17,5.552841968657781,4.321151564505992,1038
sequence_extra_trees,4,TNGIIR,6,4.154901959985743,4.317291080814094,707
sequence_extra_trees,4,TP,2,3.537602002101044,4.02736743093161,103
sequence_extra_trees,4,TPVVVPPFLQP,11,3.1255181823005334,4.402143115750084,970
sequence_extra_trees,4,TPWVPPFLQP,10,3.1255181823005334,4.385947855035105,970
sequence_extra_trees,4,TPYPCV,6,5.58838029403677,4.504845420226109,710
sequence_extra_trees,4,TQSLVYP,7,4.1938200260161125,4.345130101425658,808
sequence_extra_trees,4,TQVY,4,4.739928612014925,4.529043496374297,408
sequence_extra_trees,4,TTENVLFG,8,2.4630252379017903,4.331678815235784,876
sequence_extra_trees,4,TYCQ,4,5.638272163982407,4.583095403224062,410
sequence_extra_trees,4,VAF,3,4.446116973356125,4.572640387127964,299
sequence_extra_trees,4,VAHINVGK,8,5.170053304058364,4.365001223389818,878
sequence_extra_trees,4,VAHINVWK,8,5.459670525209126,4.435113124823,878
sequence_extra_trees,4,VAPEEHPV,8,4.667359589612538,4.22055553852792,879
sequence_extra_trees,4,VDF,3,5.18111458540599,4.35236817276449,304
sequence_extra_trees,4,VFK,3,2.987584625237567,4.155399116185659,305
sequence_extra_trees,4,VFKAF,5,3.999565922520681,4.4791506742466565,589
sequence_extra_trees,4,VFPGCPET,8,3.1338308523662293,4.291656256140233,883
sequence_extra_trees,4,VIEPR,5,3.199282921717615,4.495304957225568,593
sequence_extra_trees,4,VIF,3,5.1249387366083,4.538114392376659,306
sequence_extra_trees,4,VIGSPPQIN,9,3.0,4.265225137635269,930
sequence_extra_trees,4,VIP,3,5.036212172654444,4.386648588689292,307
sequence_extra_trees,4,VIPEL,5,3.097322788865456,4.475315845744807,594
sequence_extra_trees,4,VK,2,4.886056647693163,3.9151120730638924,106
sequence_extra_trees,4,VKKVLGNP,8,4.54515513999149,4.335970164754541,884
sequence_extra_trees,4,VLP,3,3.494850021680094,4.369752426641448,312
sequence_extra_trees,4,VPKVK,5,4.028260409112222,4.100912833026863,601
sequence_extra_trees,4,VRF,3,5.886056647693163,4.3994156541432226,316
sequence_extra_trees,4,VSGAGRY,7,5.063486257521107,4.466454484566257,813
sequence_extra_trees,4,VSRHFASYAN,10,3.677780705266081,4.642437644332133,974
sequence_extra_trees,4,VTPALR,6,4.084072788302884,4.3616879230440775,722
sequence_extra_trees,4,VVCVPW,6,5.39040559077478,4.732084367613146,724
sequence_extra_trees,4,VVGAK,5,5.943095148663527,4.232078167160655,603
sequence_extra_trees,4,VVPP,4,3.5880269423146767,4.247582097925172,418
sequence_extra_trees,4,VVPPA,5,4.0996328713435295,4.554316587413887,604
sequence_extra_trees,4,VW,2,5.6020599913279625,4.587538251393789,110
sequence_extra_trees,4,VWIG,4,3.958607314841775,4.4680445704057385,420
sequence_extra_trees,4,WH,2,5.292429823902063,4.079151181735566,114
sequence_extra_trees,4,WYQQVPGSGL,10,4.400116927926312,4.405750124646171,976
sequence_extra_trees,4,WYSLAMA,7,4.2225731776106885,4.106837409384639,816
sequence_extra_trees,4,YGG,3,2.999565922520681,3.770108975609317,330
sequence_extra_trees,4,YGLYP,5,3.797866019939181,4.331185576302963,613
sequence_extra_trees,4,YKWLP,5,4.764471553092451,4.698357593425534,614
sequence_extra_trees,4,YKY,3,4.361510743045363,4.781808142009207,333
sequence_extra_trees,4,YL,2,4.086186147616283,4.327361469744144,125
sequence_extra_trees,4,YLLF,4,3.7644715530924513,4.388196896154382,428
sequence_extra_trees,4,YP,2,3.1426675035687315,4.1151727730649075,127
sequence_extra_trees,4,YPFPGPIPN,9,4.8297382846050425,4.049997829068906,863
sequence_extra_trees,4,YRPY,4,3.494850021680094,4.535412225473716,432
sequence_extra_trees,4,YYAKPAAVR,9,4.310868802765502,4.356708793854313,939
sequence_extra_trees,4,YYAPFDGIL,9,4.080921907623926,4.397600909951346,940
sequence_extra_trees,4,YYPQIMQY,8,4.609948503541013,4.537353029581504,891
sequence_extra_trees,4,YYRA,4,4.226915314939932,4.498893792566748,433
sequence_extra_trees,5,AA,2,4.289036881004725,4.0922325957637895,0
sequence_extra_trees,5,AAPLAP,6,4.842241113953136,4.62343953242554,618
sequence_extra_trees,5,AGS,3,3.277448337999042,3.764965366843742,135
sequence_extra_trees,5,AIYK,4,3.6716203965612624,4.151119129215413,347
sequence_extra_trees,5,ALKAWSVAR,9,5.522878745280337,4.68935756950481,895
sequence_extra_trees,5,ALPM,4,3.032452023781138,3.973562072355913,349
sequence_extra_trees,5,AMNPP,5,3.5164127030311056,3.8433805962123486,443
sequence_extra_trees,5,APSAK,5,3.486782399932061,4.271837654764481,444
sequence_extra_trees,5,APVPP,5,3.199998172182031,4.2725605903287995,445
sequence_extra_trees,5,ASYDTKF,7,3.036212172654445,4.344308783720802,742
sequence_extra_trees,5,AVPYPQP,7,4.096910013008056,4.234573740224168,743
sequence_extra_trees,5,AVPYPQR,7,4.823908740944319,4.357150751099804,743
sequence_extra_trees,5,AY,2,4.721246399047171,4.513145538512965,8
sequence_extra_trees,5,AYFTPE,6,3.980011840408715,4.224877610384441,621
sequence_extra_trees,5,CRQNTLGHNTQTSIAQ,16,4.096910013008056,4.493813532291116,1032
sequence_extra_trees,5,DA,2,2.42021640338319,3.8001742052784224,10
sequence_extra_trees,5,DG,2,4.910094888560602,3.0269601411062954,12
sequence_extra_trees,5,DHPFL,5,5.207608310501746,4.3778323933348435,451
sequence_extra_trees,5,DK,2,3.292429823902064,3.799516068020345,13
sequence_extra_trees,5,DKIYPSFQPQPLIYP,15,3.9706162223147903,4.843851994581943,1027
sequence_extra_trees,5,DKVGINY,7,4.000434511774017,4.497432445756493,747
sequence_extra_trees,5,DKVGINYW,8,4.5951662833800615,4.563696525368579,747
sequence_extra_trees,5,DL,2,2.6989700043360187,4.176733760292301,14
sequence_extra_trees,5,DP,2,5.667561540084395,3.8442924593191705,16
sequence_extra_trees,5,DRVYIHPFHL,10,4.119987161633228,4.456112269479027,942
sequence_extra_trees,5,DW,2,4.237277394776969,4.607326475974595,17
sequence_extra_trees,5,EKSYELP,7,4.841336019186011,4.159894489612638,750
sequence_extra_trees,5,EMPFPK,6,3.3736596326249577,3.912010870538306,535
sequence_extra_trees,5,EPVLGPVRGPFP,12,3.1023729087095586,4.038646363464934,973
sequence_extra_trees,5,EQGFLPGPEESGR,13,3.3396848504425485,4.107026907626974,1011
sequence_extra_trees,5,ER,2,3.175874166083451,3.9302591887645084,21
sequence_extra_trees,5,ETSGMKPTEL,10,5.667561540084395,4.014895776837038,944
sequence_extra_trees,5,FALPQYLK,8,5.366531544420414,4.329365043272991,827
sequence_extra_trees,5,FEDYVPLSCF,10,3.523842641470751,4.602551861239244,947
sequence_extra_trees,5,FGASTRGA,8,4.832682665251824,4.125724087983441,829
sequence_extra_trees,5,FK,2,3.576049992932989,4.129593936266529,25
sequence_extra_trees,5,FKGRYYP,7,6.259637310505756,4.514750541419295,753
sequence_extra_trees,5,FTDVDFIK,8,6.376750709602099,4.118805805438502,830
sequence_extra_trees,5,FVAPFPEV,8,3.322493421047951,4.540838664006113,831
sequence_extra_trees,5,FVNPEAGS,8,5.1598939055432425,4.156208061176898,832
sequence_extra_trees,5,FVNPQAGS,8,5.161150909262744,4.030241997210525,832
sequence_extra_trees,5,FWN,3,4.73754891026957,4.470398823656099,163
sequence_extra_trees,5,GDAP,4,4.647817481888637,4.334658666612985,356
sequence_extra_trees,5,GFHI,4,3.868681166753925,4.018007892981175,357
sequence_extra_trees,5,GFPGTPGLPGF,11,3.360513510731414,4.254224377566847,983
sequence_extra_trees,5,GHKIATFQER,10,6.3979400086720375,4.314774156803073,949
sequence_extra_trees,5,GHKIATFQQR,10,6.3979400086720375,4.250118730235238,949
sequence_extra_trees,5,GIPLPLI,7,4.129186576084402,4.632118907119982,763
sequence_extra_trees,5,GKDAVIV,7,4.73754891026957,4.36796907742135,764
sequence_extra_trees,5,GPAGAPGAA,9,4.430919728918205,3.910089138093612,903
sequence_extra_trees,5,GPAM,4,5.45946208065769,4.2059241081505805,358
sequence_extra_trees,5,GPCSR,5,3.8846658948669326,4.17302965504144,464
sequence_extra_trees,5,GPIGSVGAP,9,1.497572880015567,3.9631305072191174,904
sequence_extra_trees,5,GPPGTDGAP,9,1.9788107009300615,3.837324115055527,905
sequence_extra_trees,5,GS,2,2.42021640338319,3.422332136071717,44
sequence_extra_trees,5,GT,2,2.2441251443275085,3.457870486558837,45
sequence_extra_trees,5,GVHHA,5,4.1438755557577,4.135097486116039,470
sequence_extra_trees,5,GVHTFP,6,4.06398920428479,4.141786539808761,642
sequence_extra_trees,5,GVW,3,3.619788758288394,4.359184350399096,183
sequence_extra_trees,5,HHT,3,3.096910013008056,3.902214109081635,186
sequence_extra_trees,5,HLNVVHEN,8,4.293452897359643,3.8564817859688034,837
sequence_extra_trees,5,HLPLP,5,4.3872161432802645,4.140303102525452,472
sequence_extra_trees,5,HY,2,4.583359492661719,4.1884055459999265,51
sequence_extra_trees,5,HYVPV,5,3.000782434469897,4.341909336393718,476
sequence_extra_trees,5,IA,2,3.815308569182401,4.062075844834818,52
sequence_extra_trees,5,IAIP,4,3.3279021420642825,3.8023790156568054,363
sequence_extra_trees,5,IAP,3,5.568636235841012,4.7794297928176235,192
sequence_extra_trees,5,IAPG,4,4.943095148663527,4.2480661868082,364
sequence_extra_trees,5,IAV,3,3.814174640387038,4.364401411288722,193
sequence_extra_trees,5,IAVPTGVA,8,4.832682665251824,4.47917954600429,839
sequence_extra_trees,5,IAYKPAG,7,5.376750709602099,4.50262533521604,769
sequence_extra_trees,5,IDALNENK,8,4.147520006363144,3.9128195258998204,840
sequence_extra_trees,5,IEP,3,5.795880017344075,4.3347112448182346,195
sequence_extra_trees,5,IF,2,4.181774106386045,4.306872011368753,53
sequence_extra_trees,5,IG,2,2.920818753952376,3.1881517616155426,54
sequence_extra_trees,5,IIAEK,5,4.195860567664649,4.0344986688139635,483
sequence_extra_trees,5,IIAPPER,7,5.059483515067432,4.379243611398848,770
sequence_extra_trees,5,IIP,3,4.092588639225414,4.090357424509787,200
sequence_extra_trees,5,IIVTQTMK,8,4.149966742310231,4.020946973141802,841
sequence_extra_trees,5,IKLPP,5,3.7124221909212944,4.433512734887734,486
sequence_extra_trees,5,IKPLDY,6,4.36997914888659,4.599804310022899,649
sequence_extra_trees,5,IKPLNY,6,4.366531544420413,4.701405014524389,649
sequence_extra_trees,5,IKY,3,4.468521082957745,4.744730915558654,203
sequence_extra_trees,5,ILVDR,5,4.090176630349088,4.400033777080716,488
sequence_extra_trees,5,IPA,3,3.85078088734462,4.244690112639137,205
sequence_extra_trees,5,IPAVFK,6,3.839231438138872,4.287773170891173,651
sequence_extra_trees,5,IPIPATKT,8,3.576754126063192,4.217073308390688,842
sequence_extra_trees,5,IQSQPQAFP,9,3.2006594505464183,3.5757745665968477,909
sequence_extra_trees,5,IRA,3,5.1938200260161125,4.558577322824663,213
sequence_extra_trees,5,IRP,3,5.7447274948966935,4.686830333875077,214
sequence_extra_trees,5,IRW,3,6.221848749616356,5.107028643191343,215
sequence_extra_trees,5,IRWCT,5,6.0,4.778950029649313,495
sequence_extra_trees,5,IRY,3,6.225498368987106,4.660501588230751,216
sequence_extra_trees,5,IRYLPRG,7,5.376750709602099,4.499703279974167,774
sequence_extra_trees,5,IVF,3,4.480040819247932,4.332905043763386,220
sequence_extra_trees,5,IVGFPAYGH,9,3.821368324606747,4.322642084784736,910
sequence_extra_trees,5,IVGRPRHQG,9,5.619788758288394,4.155056806479093,911
sequence_extra_trees,5,IVGRRRHQG,9,5.619788758288394,4.122097672569687,911
sequence_extra_trees,5,IYP,3,4.214670164989233,4.524782832955795,224
sequence_extra_trees,5,IYPRY,5,5.3872161432802645,4.614215812736909,499
sequence_extra_trees,5,IYPSFQPQPLIYP,13,5.119186407719209,5.011316714285964,1008
sequence_extra_trees,5,KFAR,4,4.488951018685851,4.325285783809666,371
sequence_extra_trees,5,KGYGGVSLPEW,11,6.154901959985743,4.375664973341353,938
sequence_extra_trees,5,KIYPSFQPQPLIYP,14,5.0655015487564325,4.968069459549707,1008
sequence_extra_trees,5,KLP,3,3.3010299956639813,4.3008029509833845,226
sequence_extra_trees,5,KTAP,4,4.431798275933005,4.5473859610457845,374
sequence_extra_trees,5,KVEGDLK,7,5.33161408331,4.252747544745515,777
sequence_extra_trees,5,KVLILA,6,4.680893940690224,4.806095826058248,662
sequence_extra_trees,5,KVREGT,6,5.040958607678906,4.165370943714041,666
sequence_extra_trees,5,LAPYK,5,4.773400094792643,4.379185661333067,508
sequence_extra_trees,5,LAY,3,5.4089353929735005,4.6741232333320255,231
sequence_extra_trees,5,LDAQSAPLR,9,3.1972262747080245,4.458755174136706,914
sequence_extra_trees,5,LENLHLPLP,9,4.0655015487564325,4.143007116455455,915
sequence_extra_trees,5,LHLP,4,3.677780705266081,4.447730784138181,378
sequence_extra_trees,5,LHLPLP,6,5.431798275933005,4.772253108482247,472
sequence_extra_trees,5,LIVGFPAYGH,10,3.707389547161679,4.659121822167495,910
sequence_extra_trees,5,LIY,3,6.086186147616283,4.997222797819881,236
sequence_extra_trees,5,LKIPVA,6,5.216811308924743,4.556232660666127,678
sequence_extra_trees,5,LKYAT,5,7.045757490560675,4.574588058591523,516
sequence_extra_trees,5,LLP,3,4.2441251443275085,4.325329706952419,242
sequence_extra_trees,5,LNPA,4,3.505845405981557,4.1339316477765475,380
sequence_extra_trees,5,LPF,3,4.975104039892515,4.333131924875296,245
sequence_extra_trees,5,LQP,3,5.698970004336019,4.493228135580925,248
sequence_extra_trees,5,LQQ,3,4.0,4.398517164497522,249
sequence_extra_trees,5,LRIPVA,6,6.42021640338319,4.752563175471302,678
sequence_extra_trees,5,LTQTPVVVPPF,11,6.443697499232712,4.337346998563917,987
sequence_extra_trees,5,LVQGS,5,4.359518563029578,4.272372572212711,526
sequence_extra_trees,5,LVRY,4,2.347405081341146,4.4816937040758225,388
sequence_extra_trees,5,LVYP,4,3.769551078621726,4.4994439655063205,389
sequence_extra_trees,5,LVYPFPGP,8,3.7603642646351183,4.511052401058011,855
sequence_extra_trees,5,LVYPFPGPIH,10,4.050609993355087,4.343222822980748,958
sequence_extra_trees,5,LVYPFPGPIPN,11,4.554395796726403,4.587349956884481,958
sequence_extra_trees,5,LY,2,4.414539270491499,4.56961100758901,70
sequence_extra_trees,5,MDFLI,5,8.0,5.037045327560993,529
sequence_extra_trees,5,MEGAQEAQGD,10,4.798602875679548,4.3336830424781825,959
sequence_extra_trees,5,MFDL,4,8.0,4.542072677323902,391
sequence_extra_trees,5,MIFPGGPQL,9,4.651695136951839,4.503430389885463,918
sequence_extra_trees,5,MIPAY,5,5.060480747381382,4.817741035401542,530
sequence_extra_trees,5,MKG,3,4.381832157023046,4.001119042609425,264
sequence_extra_trees,5,MKR,3,4.590066876668706,4.423417484211381,265
sequence_extra_trees,5,MKY,3,5.136677139879544,4.688699955581135,266
sequence_extra_trees,5,MLPVY,5,5.267606240177032,4.694117499898883,533
sequence_extra_trees,5,MMEPMVK,7,5.987162775294828,4.070544532684764,786
sequence_extra_trees,5,MPFPK,5,3.582827350482225,4.044095943524167,535
sequence_extra_trees,5,MY,2,3.714442690992226,4.582916932265958,76
sequence_extra_trees,5,NGGPPT,6,3.512296136836273,4.284908650883911,686
sequence_extra_trees,5,NHRNRMMDHVH,11,4.872247484167026,4.261742521554229,990
sequence_extra_trees,5,NIPPLTQTPVVVPPFIQ,17,3.3467874862246565,4.055536426042739,1036
sequence_extra_trees,5,NK,2,3.0915149811213505,3.882573944521095,79
sequence_extra_trees,5,NKL,3,4.055517327849831,4.336046453879689,271
sequence_extra_trees,5,NLHLP,5,3.3767507096021,4.24505369193604,539
sequence_extra_trees,5,NMAINPSK,8,4.221848749616356,4.068958656285288,859
sequence_extra_trees,5,NPP,3,3.5368538632736506,4.019515474338231,272
sequence_extra_trees,5,PFPE,4,3.0,4.262486840241034,393
sequence_extra_trees,5,PKIDAMREKVLA,12,3.987162775294828,4.372914316063616,1005
sequence_extra_trees,5,PLW,3,4.443697499232712,4.650208836877701,278
sequence_extra_trees,5,PPQSVLSLSQSKVLPVPQ,18,1.6020599913279625,4.152569228617764,1040
sequence_extra_trees,5,PQR,3,3.396855627379818,4.217658426899768,280
sequence_extra_trees,5,PSGQYY,6,4.0,4.472199409397097,693
sequence_extra_trees,5,PSY,3,4.795880017344075,4.473686266225192,282
sequence_extra_trees,5,PTPVP,5,3.5910650413211984,4.21975653065183,556
sequence_extra_trees,5,QSLVYP,6,4.3872161432802645,4.43376421863214,574
sequence_extra_trees,5,QSWMHQPHQ,9,4.715343717211484,4.228671869996112,923
sequence_extra_trees,5,QTQYTDAPSFSDIPNPIGSENSEKTTMPLW,30,0.4609239012072237,4.279520307468981,1049
sequence_extra_trees,5,RGLSK,5,4.060480747381382,3.9836672030819495,563
sequence_extra_trees,5,RGY,3,4.2083093509798815,4.125371080831556,286
sequence_extra_trees,5,RMLGQTPTK,9,4.468521082957745,4.115983482570733,926
sequence_extra_trees,5,RMLGQTPWK,9,4.468521082957745,4.114830393468987,926
sequence_extra_trees,5,RPSYT,5,3.4056074496245734,4.133363809065668,567
sequence_extra_trees,5,RR,2,3.573326111978627,4.238249584153842,93
sequence_extra_trees,5,RYLGY,5,6.1487416512809245,4.361746699047203,570
sequence_extra_trees,5,SIQSQPQAFP,10,3.2518119729938,3.5034145463045707,909
sequence_extra_trees,5,SLVYP,5,4.392578075976151,4.511546396894722,574
sequence_extra_trees,5,SPPPFYL,7,4.199970640755866,4.177508947765632,805
sequence_extra_trees,5,STYQT,5,3.5223000716678694,4.4434231845639545,575
sequence_extra_trees,5,SY,2,4.178486471595226,4.516313607374396,100
sequence_extra_trees,5,THEATHEAP,9,6.036212172654444,4.359837971248126,929
sequence_extra_trees,5,TKY,3,5.638272163982407,4.563297544553621,293
sequence_extra_trees,5,TNP,3,3.683191247946978,3.9367689390738554,294
sequence_extra_trees,5,TTI,3,4.603103550857476,4.036103955420849,295
sequence_extra_trees,5,TVDQHQ,6,3.6381843376822505,4.069884854143817,712
sequence_extra_trees,5,TVPY,4,5.698970004336019,4.396119042848995,409
sequence_extra_trees,5,TVVPG,5,5.187086643357144,4.242277807314272,582
sequence_extra_trees,5,TYLGS,5,5.828630791722292,4.372241454067873,584
sequence_extra_trees,5,VAGTW,5,3.164895531762908,4.642155701142496,585
sequence_extra_trees,5,VAGTWY,6,2.7741740085381066,4.600566364286472,585
sequence_extra_trees,5,VAND,4,3.3861581781239307,4.274590263950865,411
sequence_extra_trees,5,VAPFPEVF,8,3.440691989092988,4.392702560433542,880
sequence_extra_trees,5,VAV,3,3.5850266520291822,4.736965593122362,301
sequence_extra_trees,5,VDSDVVKG,8,4.876148359032914,4.403026647161083,881
sequence_extra_trees,5,VF,2,4.359518563029578,4.347916915794606,104
sequence_extra_trees,5,VFER,4,3.815876645760329,4.119548854103316,413
sequence_extra_trees,5,VGLPIF,6,4.45858394449556,4.421495670968258,713
sequence_extra_trees,5,VHIPP,5,5.0,4.305875225821854,590
sequence_extra_trees,5,VKAGF,5,4.080921907623926,4.332942979489128,596
sequence_extra_trees,5,VKF,3,2.987584625237567,4.633833621258864,309
sequence_extra_trees,5,VL,2,4.886056647693163,4.234916037613237,107
sequence_extra_trees,5,VLGPVRGPFP,10,3.863279432843593,4.236434890366499,973
sequence_extra_trees,5,VLPIP,5,4.508638306165727,4.131124184324659,599
sequence_extra_trees,5,VLPIPQ,6,2.275724130399211,4.161369680877017,599
sequence_extra_trees,5,VP,2,3.2441251443275085,4.1063477213446635,108
sequence_extra_trees,5,VPP,3,5.045757490560675,4.286796534988815,315
sequence_extra_trees,5,VR,2,4.008773924307505,4.357183026923541,109
sequence_extra_trees,5,VRGPFP,6,3.22767829327708,4.423194749461279,720
sequence_extra_trees,5,VRK,3,3.154901959985743,4.646916304539143,317
sequence_extra_trees,5,VSV,3,6.823908740944319,4.55508460617685,321
sequence_extra_trees,5,VTVNPYKWLP,10,5.259637310505756,4.56930380109917,975
sequence_extra_trees,5,VVW,3,4.657577319177793,4.863679268986248,322
sequence_extra_trees,5,VWP,3,5.346787486224656,4.665884054014272,324
sequence_extra_trees,5,VWY,3,5.026872146400302,4.76395365723171,325
sequence_extra_trees,5,VY,2,4.8714007869303275,4.721068283231992,111
sequence_extra_trees,5,VYNEGLPAP,9,5.508638306165727,4.400610404698712,933
sequence_extra_trees,5,VYPFPGPI,8,3.3010299956639813,4.54724749430658,818
sequence_extra_trees,5,WA,2,3.5570501304221382,4.183885764388739,112
sequence_extra_trees,5,WGHGNPHV,8,4.814457845145625,4.377201932423736,887
sequence_extra_trees,5,WLAHK,5,4.113509274827518,4.110803546408623,609
sequence_extra_trees,5,WQVLPNAVPAK,11,3.4956786262173574,4.405962889167628,994
sequence_extra_trees,5,WSKVVL,6,3.806096597447253,4.647437335005932,727
sequence_extra_trees,5,WSVPQPK,7,4.6777807052660805,3.9204777380017135,815
sequence_extra_trees,5,WT,2,3.199282921717615,4.2858881691587145,118
sequence_extra_trees,5,WVPSV,5,4.817179571543235,4.497464949192896,610
sequence_extra_trees,5,WVPSVY,6,4.590066876668706,4.576607025235538,610
sequence_extra_trees,5,YANPAVVRP,9,5.107905397309519,4.5780790969832035,936
sequence_extra_trees,5,YETGNGIK,8,5.432973633840939,4.095563702979868,888
sequence_extra_trees,5,YGFLPILP,8,3.5850266520291822,4.27898253742879,889
sequence_extra_trees,5,YGGVSLPEW,9,4.795880017344075,4.435140599979987,938
sequence_extra_trees,5,YGLF,4,3.134896025358872,4.1399289356135425,425
sequence_extra_trees,5,YKWL,4,4.412289034981089,4.572413433257494,426
sequence_extra_trees,5,YPFPGPI,7,3.3010299956639813,4.348170611425135,818
sequence_extra_trees,5,YPFPGPIP,8,3.3010299956639813,4.107279392718595,818
sequence_extra_trees,5,YPK,3,4.5875933086697795,4.113969818430756,336
sequence_extra_trees,5,YPRY,4,4.7594507517174005,4.446012233304855,430
sequence_extra_trees,5,YPSFQPQPLIYP,12,5.318758762624412,4.9455525441935055,1008
sequence_extra_trees,5,YQEPVL,6,3.552841968657781,4.124231824682063,735
sequence_extra_trees,5,YQQPVL,6,3.552841968657781,4.244374124966005,735
